  0   0   0   0   0   0   0   0   0   0   0   0   0   0   0   0   0   0   0   0   0   0   0   0   0   0   0   0   0   0   0   0   0   0   0   0   0   0   0   0   0   0   0   0   0   0   0   0   0   0   0   0   0   0   0   0   0   0   0   0   0   0   0   0   0   0   0   0   0   0   0   0   0   0   0   0   0   0   0   0   0   0   0   0   0   0   0   0   0   0   0   0   0   0   0   0   0   0   0   0   0   0   0   0   0   0   0   0   0   0   0   0   0   0   0   0   0   0   0   0   0   0   0   0   0   0   0   0   0   0   0   0   0   0   0   0   0   0   0   0   0   0   0   0   0   0   0   0   0   0   0   0   0   0   0   0   0   0   0   0   0   0   0   0   0   0   0   0   0   0   0   0   0   0   0   0   0   0   0   0   0   0   0   0   0   0   0   0   0   0   0   0   0   0   0   0   0   0   0   0   0   0   0   0   0   0   0   0   0   0   0   0   0   0   0   0   0   0   0   0   0   0   0   0   0   0   0   0   0   0   0   0   0   0   0   0   0   0   0   0   0   0   0   0   0   0   0   0   0   0   0   0   0   0   0   0 
  0   0   0   0   0   0   0   0   0   0   0   0   0   0   0   0   0   0   0   0   0   0   0   0   0   0   0   0   0   0   0   0   0   0   0   0   0   0   0   0   0   0   0   0   0   0   0   0   0   0   0   0   0   0   0   0   0   0   0   0   0   0   0   0   0   0   0   0   0   0   0   0   0   0   0   0   0   0   0   0   0   0   0   0   0   0   0   0   0   0   0   0   0   0   0   0   0   0   0   0   0   0   0   0   0   0   0   0   0   0   0   0   0   0   0   0   0   0   0   0   0   0   0   0   0   0   0   0   0   0   0   0   0   0   0   0   0   0   0   0   0   0   0   0   0   0   0   0   0   0   0   0   0   0   0   0   0   0   0   0   0   0   0   0   0   0   0   0   0   0   0   0   0   0   0   0   0   0   0   0   0   0   0   0   0   0   0   0   0   0   0   0   0   0   0   0   0   0   0   0   0   0   0   0   0   0   0   0   0   0   0   0   0   0   0   0   0   0   0   0   0   0   0   0   0   0   0   0   0   0   0   0   0   0   0   0   0   0   0   0   0   0   0   0   0   0   0   0   0   0   0   0   0   0   0   0 
  0   0   0   0   0   0   0   0   0   0   0   0   0   0   0   0   0   0   0   0   0   0   0   0   0   0   0   0   0   0   0   0   0   0   0   0   0   0   0   0   0   0   0   0   0   0   0   0   0   0   0   0   0   0   0   0   0   0   0   0   0   0   0   0   0   0   0   0   0   0   0   0   0   0   0   0   0   0   0   0   0   0   0   0   0   0   0   0   0   0   0   0   0   0   0   0   0   0   0   0   0   0   0   0   0   0   0   0   0   0   0   0   1   0   0   0   0   0   0   0   0   0   0   0   0   0   0   1   1   0   0   0   0   0   0   0   0   0   0   0   0   0   0   1   0   0   0   0   0   0   0   0   0   0   0   0   0   0   0   0   0   0   0   0   0   0   0   0   0   0   0   0   0   0   0   0   0   0   0   0   0   0   0   0   0   0   0   0   0   0   0   0   0   0   0   0   0   0   0   0   0   0   0   0   0   0   0   0   0   0   0   0   0   0   0   0   0   0   0   0   0   0   0   0   0   0   0   0   0   0   0   0   0   0   0   0   0   0   0   0   0   0   0   0   0   0   0   0   0   0   0   0   0   0   0   0 
  0   0   0   0   0   0   0   0   0   0   0   0   0   0   0   0   0   0   0   0   0   0   0   0   0   0   0   0   0   0   0   0   0   0   0   0   0   0   0   0   0   0   0   0   0   0   0   0   0   0   0   0   0   0   0   0   0   0   0   0   0   0   0   0   0   0   0   0   0   0   0   0   0   0   0   0   0   0   0   0   0   0   0   0   0   0   0   0   0   0   0   0   0   0   0   0   1   2   0   0   0   0   0   0   0   0   0   0   0   0   0   0   0   0   0   0   0   0   0   0   0   0   0   0   0   0   0   2   1   0   0   0   0   0   0   0   0   0   0   0   0   0   0   0   0   0   0   0   0   0   0   0   0   0   0   0   0   0   1   1   0   0   0   0   0   0   0   0   0   0   0   0   0   0   0   0   0   0   0   0   0   0   0   0   0   0   0   0   0   0   0   0   0   0   0   0   0   0   0   0   0   0   0   0   0   0   0   0   0   0   0   0   0   0   0   0   0   0   0   0   0   0   0   0   0   0   0   0   0   0   0   0   0   0   0   0   0   0   0   0   0   0   0   0   0   0   0   0   0   0   0   0   0   0   0   0 
  0   0   0   0   0   0   0   0   0   0   0   0   0   0   0   0   0   0   0   0   0   0   0   0   0   0   0   0   0   0   0   0   0   0   0   0   0   0   0   0   0   0   0   0   0   0   0   0   0   0   0   0   0   0   0   0   0   0   0   0   0   0   0   0   0   0   0   0   0   0   0   0   0   0   0   0   0   0   0   0   0   0   0   0   0   0   0   0   0   0   0   0   0   0   0   0   1   6   2   0   0   0   0   0   0   0   0   0   0   0   0   0   0   0   0   0   0   0   0   0   0   0   0   0   0   0   0   0   0   0   0   0   0   0   0   0   0   0   0   0   0   0   0   0   0   0   0   0   0   0   0   0   0   0   0   0   0   2   6   1   0   0   0   0   0   0   0   0   0   0   0   0   0   0   0   0   0   0   0   0   0   0   0   0   0   0   0   0   0   0   0   0   0   0   0   0   0   0   0   0   0   0   0   0   0   0   0   0   0   0   0   0   0   0   0   0   0   0   0   0   0   0   0   0   0   0   0   0   0   0   0   0   0   0   0   0   0   0   0   0   0   0   0   0   0   0   0   0   0   0   0   0   0   0   0   0 
  0   0   0   0   0   0   0   0   0   0   0   0   0   0   0   0   0   0   0   0   0   0   0   0   0   0   0   0   0   0   0   0   0   0   0   0   0   0   0   0   0   0   0   0   0   0   0   0   0   0   0   0   0   0   0   0   0   0   0   0   0   0   0   0   0   0   0   0   0   0   0   0   0   0   0   0   0   0   0   0   0   0   0   0   0   0   0   0   0   0   0   0   0   0   0   0   2  13   6   0   0   0   0   0   0   0   0   0   0   0   0   0  12   9   0   0   0   0   0   0   0   0   0   0   0   1   0   6   6   0   1   0   0   0   0   0   0   0   0   0   0   0   9  12   0   0   0   0   0   0   0   0   0   0   0   0   0   6  13   2   0   0   0   0   0   0   0   0   0   0   0   0   0   0   0   0   0   0   0   0   0   0   0   0   0   0   0   0   0   0   0   0   0   0   0   0   0   0   0   0   0   0   0   0   0   0   0   0   0   0   0   0   0   0   0   0   0   0   0   0   0   0   0   0   0   0   0   0   0   0   0   0   0   0   0   0   0   0   0   0   0   0   0   0   0   0   0   0   0   0   0   0   0   0   0   0 
  0   0   0   0   0   0   0   0   0   0   0   0   0   0   0   0   0   0   0   0   0   0   0   0   0   0   0   0   0   0   0   0   0   0   0   0   0   0   0   0   0   0   0   0   0   0   0   0   0   0   0   0   0   0   0   0   0   0   0   0   0   0   0   0   0   0   0   0   0   0   0   0   0   0   0   0   0   0   0   0   0   0   0   0   0   0   0   0   0   0   0   0   0   0   0   1   2  19  12   0   0   0   0   0   0   0   0   0   0   0   2   1  39  31   0   2   0   0   0   0   0   0   1   0   0   5   0  33  32   0   5   0   0   1   0   0   0   0   0   0   2   0  31  38   1   2   0   0   0   0   0   0   0   0   0   0   0  12  19   2   1   0   0   0   0   0   0   0   0   0   0   0   0   0   0   0   0   0   0   0   0   0   0   0   0   0   0   0   0   0   0   0   0   0   0   0   0   0   0   0   0   0   0   0   0   0   0   0   0   0   0   0   0   0   0   0   0   0   0   0   0   0   0   0   0   0   0   0   0   0   0   0   0   0   0   0   0   0   0   0   0   0   0   0   0   0   0   0   0   0   0   0   0   0   0   0 
  0   0   0   0   0   0   0   0   0   0   0   0   0   0   0   0   0   0   0   0   0   0   0   0   0   0   0   0   0   0   0   0   0   0   0   0   0   0   0   0   0   0   0   0   0   0   0   0   0   0   0   0   0   0   0   0   0   0   0   0   0   0   0   0   0   0   0   0   0   0   0   0   0   0   0   0   0   0   0   0   0   0   0   0   0   0   0   0   0   0   0   0   0   0   0   1   1  16  14   1   0   0   0   0   0   0   0   0   0   0   3   1  50  45   0   3   0   0   0   0   0   1   1   0   0   8   0  49  48   0   8   0   0   1   1   0   0   0   0   0   3   1  45  50   1   3   0   0   0   0   0   0   0   0   0   0   1  14  16   1   1   0   0   0   0   0   0   0   0   0   0   0   0   0   0   0   0   0   0   0   0   0   0   0   0   0   0   0   0   0   0   0   0   0   0   0   0   0   0   0   0   0   0   0   0   0   0   0   0   0   0   0   0   0   0   0   0   0   0   0   0   0   0   0   0   0   0   0   0   0   0   0   0   0   0   0   0   0   0   0   0   0   0   0   0   0   0   0   0   0   0   0   0   0   0   0 
  0   0   0   0   0   0   0   0   0   0   0   0   0   0   0   0   0   0   0   0   0   0   0   0   0   0   0   0   0   0   0   0   0   0   0   0   0   0   0   0   0   0   0   0   0   0   0   0   0   0   0   0   0   0   0   0   0   0   0   0   0   0   0   0   0   0   0   0   0   0   0   0   0   0   0   0   0   0   0   0   0   0   0   0   0   0   0   0   0   0   0   0   0   0   0   0   1  12  12   1   0   0   0   0   0   0   0   0   0   0   2   0  40  40   1   2   0   0   0   0   0   1   1   0   0   7   0  40  39   0   7   0   0   1   1   0   0   0   0   0   2   1  40  39   0   2   0   0   0   0   0   0   0   0   0   0   1  12  12   1   0   0   0   0   0   0   0   0   0   0   0   0   0   0   0   0   0   0   0   0   0   0   0   0   0   0   0   0   0   0   0   0   0   0   0   0   0   0   0   0   0   0   0   0   0   0   0   0   0   0   0   0   0   0   0   0   0   0   0   0   0   0   0   0   0   0   0   0   0   0   0   0   0   0   0   0   0   0   0   0   0   0   0   0   0   0   0   0   0   0   0   0   0   0   0   0 
  0   0   0   0   0   0   0   0   0   0   0   0   0   0   0   0   0   0   0   0   0   0   0   0   0   0   0   0   0   0   0   0   0   0   0   0   0   0   0   0   0   0   0   0   0   0   0   0   0   0   0   0   0   0   0   0   0   0   0   0   0   0   0   0   0   0   0   0   0   0   0   0   0   0   0   0   0   0   0   0   0   0   0   0   0   0   0   0   0   0   0   0   0   0   0   0   0  11  14   1   0   0   0   0   0   0   0   0   0   0   1   0  26  30   1   2   0   0   0   0   0   0   0   0   0   4   0  24  23   0   4   0   0   0   0   0   0   0   0   0   2   1  31  26   0   1   0   0   0   0   0   0   0   0   0   0   2  14  11   0   0   0   0   0   0   0   0   0   0   0   0   0   0   0   0   0   0   0   0   0   0   0   0   0   0   0   0   0   0   0   0   0   0   0   0   0   0   0   0   0   0   0   0   0   0   0   0   0   0   0   0   0   0   0   0   0   0   0   0   0   0   0   0   0   0   0   0   0   0   0   0   0   0   0   0   0   0   0   0   0   0   0   0   0   0   0   0   0   0   0   0   0   0   0   0   0 
  0   0   0   0   0   0   0   0   0   0   0   0   0   0   0   0   0   0   0   0   0   0   0   0   0   0   0   0   0   0   0   0   0   0   0   0   0   0   0   0   0   0   0   0   0   0   0   0   0   0   0   0   0   0   0   0   0   0   0   0   0   0   0   0   0   0   0   0   0   0   0   0   0   0   0   0   0   0   0   0   0   0   0   0   0   0   0   0   0   0   0   0   0   0   0   0   0   5  11   2   0   0   0   0   0   0   0   0   0   0   0   0   5   8   0   0   0   0   0   0   0   0   0   0   0   0   0   2   2   0   0   0   0   0   0   0   0   0   0   0   0   0   8   5   0   0   0   0   0   0   0   0   0   0   0   0   2  11   5   0   0   0   0   0   0   0   0   0   0   0   0   0   0   0   0   0   0   0   0   0   0   0   0   0   0   0   0   0   0   0   0   0   0   0   0   0   0   0   0   0   0   0   0   0   0   0   0   0   0   0   0   0   0   0   0   0   0   0   0   0   0   0   0   0   0   0   0   0   0   0   0   0   0   0   0   0   0   0   0   0   0   0   0   0   0   0   0   0   0   0   0   0   0   0   0   0 
  0   0   0   0   0   0   0   0   0   0   0   0   0   0   0   0   0   0   0   0   0   0   0   0   0   0   0   0   0   0   0   0   0   0   0   0   0   0   0   0   0   0   0   0   0   0   0   0   0   0   0   0   0   0   0   0   0   0   0   0   0   0   0   0   0   0   0   0   0   0   0   0   0   0   0   0   0   0   0   0   0   0   0   0   0   0   0   0   0   0   0   0   0   0   0   0   0   1   4   1   0   0   0   0   0   0   0   0   0   0   0   0   0   0   0   0   0   0   0   0   0   0   0   0   0   0   0   0   0   0   0   0   0   0   0   0   0   0   0   0   0   0   0   0   0   0   0   0   0   0   0   0   0   0   0   0   1   4   1   0   0   0   0   0   0   0   0   0   0   0   0   0   0   0   0   0   0   0   0   0   0   0   0   0   0   0   0   0   0   0   0   0   0   0   0   0   0   0   0   0   0   0   0   0   0   0   0   0   0   0   0   0   0   0   0   0   0   0   0   0   0   0   0   0   0   0   0   0   0   0   0   0   0   0   0   0   0   0   0   0   0   0   0   0   0   0   0   0   0   0   0   0   0   0   0   0 
  0   0   0   0   0   0   0   0   0   0   0   0   0   0   0   0   0   0   0   0   0   0   0   0   0   0   0   0   0   0   0   0   0   0   0   0   0   0   0   0   0   0   0   0   0   0   0   0   0   0   0   0   0   0   0   0   0   0   0   0   0   0   0   0   0   0   0   0   0   0   0   0   0   0   0   0   0   0   0   0   0   0   0   0   0   0   0   0   0   0   0   0   0   0   0   0   0   1   3   1   0   0   0   0   0   0   0   0   0   0   0   0   1   1   0   0   0   0   0   0   0   0   0   0   0   0   0   3   3   0   0   0   0   0   0   0   0   0   0   0   0   0   1   1   0   0   0   0   0   0   0   0   0   0   0   0   1   3   1   0   0   0   0   0   0   0   0   0   0   0   0   0   0   0   0   0   0   0   0   0   0   0   0   0   0   0   0   0   0   0   0   0   0   0   0   0   0   0   0   0   0   0   0   0   0   0   0   0   0   0   0   0   0   0   0   0   0   0   0   0   0   0   0   0   0   0   0   0   0   0   0   0   0   0   0   0   0   0   0   0   0   0   0   0   0   0   0   0   0   0   0   0   0   0   0   0 
  0   0   0   0   0   0   0   0   0   0   0   0   0   0   0   0   0   0   0   0   0   0   0   0   0   0   0   0   0   0   0   0   0   0   0   0   0   0   0   0   0   0   0   0   0   0   0   0   0   0   0   0   0   0   0   0   0   0   0   0   0   0   0   0   0   0   0   0   0   0   0   0   0   0   0   0   0   0   0   0   0   0   0   0   0   0   0   0   0   0   0   0   0   0   0   0   0   0   0   0   0   0   0   0   0   0   0   0   0   0   0   0   1   2   0   0   0   0   0   0   0   0   0   0   0   0   0   0   0   0   0   0   0   0   0   0   0   0   0   0   0   0   2   1   0   0   0   0   0   0   0   0   0   0   0   0   0   0   0   0   0   0   0   0   0   0   0   0   0   0   0   0   0   0   0   0   0   0   0   0   0   0   0   0   0   0   0   0   0   0   0   0   0   0   0   0   0   0   0   0   0   0   0   0   0   0   0   0   0   0   0   0   0   0   0   0   0   0   0   0   0   0   0   0   0   0   0   0   0   0   0   0   0   0   0   0   0   0   0   0   0   0   0   0   0   0   0   0   0   0   0   0   0   0   0   0 
  0   0   0   0   0   0   0   0   0   0   0   0   0   0   0   0   0   0   0   0   0   0   0   0   0   0   0   0   0   0   0   0   0   0   0   0   0   0   0   0   0   0   0   0   0   0   0   0   0   0   0   0   0   0   0   0   0   0   0   0   0   0   0   0   0   0   0   0   0   0   0   0   0   0   0   0   0   0   0   0   0   0   0   0   0   0   0   0   0   0   0   0   0   0   0   0   0   1   0   0   0   0   0   0   0   0   0   0   0   0   0   0   1   2   0   0   0   0   0   0   0   0   0   0   0   0   0   0   0   0   0   0   0   0   0   0   0   0   0   0   0   0   2   1   0   0   0   0   0   0   0   0   0   0   0   0   0   0   1   0   0   0   0   0   0   0   0   0   0   0   0   0   0   0   0   0   0   0   0   0   0   0   0   0   0   0   0   0   0   0   0   0   0   0   0   0   0   0   0   0   0   0   0   0   0   0   0   0   0   0   0   0   0   0   0   0   0   0   0   0   0   0   0   0   0   0   0   0   0   0   0   0   0   0   0   0   0   0   0   0   0   0   0   0   0   0   0   0   0   0   0   0   0   0   0   0 
  0   0   0   0   0   0   0   0   0   0   0   0   0   0   0   0   0   0   0   0   0   0   0   0   0   0   0   0   0   0   0   0   0   0   0   0   0   0   0   0   0   0   0   0   0   0   0   0   0   0   0   0   0   0   0   0   0   0   0   0   0   0   0   0   0   0   0   0   0   0   0   0   0   0   0   0   0   0   0   0   0   0   0   0   0   0   0   0   0   0   0   0   0   0   0   0   0   1   0   0   0   0   0   0   0   0   0   0   0   0   0   0   0   0   0   0   0   0   0   0   0   0   0   0   0   0   0   1   1   0   0   0   0   0   0   0   0   0   0   0   0   0   0   0   0   0   0   0   0   0   0   0   0   0   0   0   0   0   1   0   0   0   0   0   0   0   0   0   0   0   0   0   0   0   0   0   0   0   0   0   0   0   0   0   0   0   0   0   0   0   0   0   0   0   0   0   0   0   0   0   0   0   0   0   0   0   0   0   0   0   0   0   0   0   0   0   0   0   0   0   0   0   0   0   0   0   0   0   0   0   0   0   0   0   0   0   0   0   0   0   0   0   0   0   0   0   0   0   0   0   0   0   0   0   0   0 
  0   0   0   0   0   0   0   0   0   0   0   0   0   0   0   0   0   0   0   0   0   0   0   0   0   0   0   0   0   0   0   0   0   0   0   0   0   0   0   0   0   0   0   0   0   0   0   0   0   0   0   0   0   0   0   0   0   0   0   0   0   0   0   0   0   0   0   0   0   0   0   0   0   0   0   0   0   0   0   0   0   0   0   0   0   0   0   0   0   0   0   0   0   0   0   0   0   1   1   0   0   0   0   0   0   0   0   0   0   0   0   0   1   0   0   0   0   0   0   0   0   0   0   0   0   0   0   2   2   0   0   0   0   0   0   0   0   0   0   0   0   0   0   1   0   0   0   0   0   0   0   0   0   0   0   0   0   1   1   0   0   0   0   0   0   0   0   0   0   0   0   0   0   0   0   0   0   0   0   0   0   0   0   0   0   0   0   0   0   0   0   0   0   0   0   0   0   0   0   0   0   0   0   0   0   0   0   0   0   0   0   0   0   0   0   0   0   0   0   0   0   0   0   0   0   0   0   0   0   0   0   0   0   0   0   0   0   0   0   0   0   0   0   0   0   0   0   0   0   0   0   0   0   0   0   0 
  0   0   0   0   0   0   0   0   0   0   0   0   0   0   0   0   0   0   0   0   0   0   0   0   0   0   0   0   0   0   0   0   0   0   0   0   0   0   0   0   0   0   0   0   0   0   0   0   0   0   0   0   0   0   0   0   0   0   0   0   0   0   0   0   0   0   0   0   0   0   0   0   0   0   0   0   0   0   0   0   0   0   0   0   0   0   0   0   0   0   0   0   0   0   0   0   0   0   0   0   0   0   0   0   0   0   0   0   0   0   0   0   0   1   0   0   0   0   0   0   0   0   0   0   0   0   0   0   0   0   0   0   0   0   0   0   0   0   0   0   0   0   1   0   0   0   0   0   0   0   0   0   0   0   0   0   0   0   0   0   0   0   0   0   0   0   0   0   0   0   0   0   0   0   0   0   0   0   0   0   0   0   0   0   0   0   0   0   0   0   0   0   0   0   0   0   0   0   0   0   0   0   0   0   0   0   0   0   0   0   0   0   0   0   0   0   0   0   0   0   0   0   0   0   0   0   0   0   0   0   0   0   0   0   0   0   0   0   0   0   0   0   0   0   0   0   0   0   0   0   0   0   0   0   0   0 
  0   0   0   0   0   0   0   0   0   0   0   0   0   0   0   0   0   0   0   0   0   0   0   0   0   0   0   0   0   0   0   0   0   0   0   0   0   0   0   0   0   0   0   0   0   0   0   0   0   0   0   0   0   0   0   0   0   0   0   0   0   0   0   0   0   1   0   1   0   0   0   0   0   0   0   0   0   0   0   0   0   1   1   0   0   0   0   0   0   0   0   0   0   0   0   0   0   3   3   0   0   0   0   0   0   0   0   0   0   0   0   0   3   4   0   0   0   0   0   0   0   0   0   0   0   0   0   1   1   0   0   0   0   0   0   0   0   0   0   0   0   0   3   3   0   0   0   0   0   0   0   0   0   0   0   0   0   3   3   0   0   0   0   0   0   0   0   0   0   0   0   0   0   1   1   0   0   0   0   0   0   0   0   0   0   0   0   0   1   0   1   0   0   0   0   0   0   0   0   0   0   0   0   0   0   0   0   0   0   0   0   0   0   0   0   0   0   0   0   0   0   0   0   0   0   0   0   0   0   0   0   0   0   0   0   0   0   0   0   0   0   0   0   0   0   0   0   0   0   0   0   0   0   0   0   0 
  0   0   0   0   0   0   0   0   0   0   0   0   0   0   0   0   0   0   0   0   0   0   0   0   0   0   0   0   0   0   0   0   0   0   0   0   0   0   0   0   0   0   0   0   0   0   0   0   0   0   0   0   0   0   0   0   0   0   0   0   0   0   0   0   0   2   0   1   2   0   0   0   0   0   0   0   0   0   0   0   0   1   1   1   0   0   0   0   0   0   0   0   0   0   0   0   0   0   0   0   0   0   0   0   0   0   0   0   0   0   0   0   0   0   0   0   0   0   0   0   0   0   0   0   0   0   0   0   0   0   0   0   0   0   0   0   0   0   0   0   0   0   0   0   0   0   0   0   0   0   0   0   0   0   0   0   0   0   0   0   0   0   0   0   0   0   0   0   0   0   0   0   1   0   1   0   0   0   0   0   0   0   0   0   0   0   0   2   1   0   2   0   0   0   0   0   0   0   0   0   0   0   0   0   0   0   0   0   0   0   0   0   0   0   0   0   0   0   0   0   0   0   0   0   0   0   0   0   0   0   0   0   0   0   0   0   0   0   0   0   0   0   0   0   0   0   0   0   0   0   0   0   0   0   0   0 
  0   0   0   0   0   0   0   0   0   0   0   0   0   0   0   0   0   0   0   0   0   0   0   0   0   0   0   0   0   0   0   0   0   0   0   0   0   0   0   0   0   0   0   0   0   0   0   0   0   0   0   0   0   0   0   0   0   0   0   0   0   0   0   0   0   0   4   8   3   0   0   0   0   0   0   0   0   0   0   0   0   3  10   5   0   0   0   0   0   0   0   0   0   0   0   1   0  15  14   0   1   0   0   0   0   0   0   0   0   0   0   0  15  14   0   0   0   0   0   0   0   0   0   0   0   2   0  11  10   0   1   0   0   0   0   0   0   0   0   0   0   0  14  15   0   0   0   0   0   0   0   0   0   0   0   1   0  14  14   0   1   0   0   0   0   0   0   0   0   0   0   0   5  10   3   0   0   0   0   0   0   0   0   0   0   0   0   3   8   4   0   0   0   0   0   0   0   0   0   0   0   0   0   0   0   0   0   0   0   0   0   0   0   0   0   0   0   0   0   0   0   0   0   0   0   0   0   0   0   0   0   0   0   0   0   0   0   0   0   0   0   0   0   0   0   0   0   0   0   0   0   0   0   0   0   0 
  0   0   0   0   0   0   0   0   0   0   0   0   0   0   0   0   0   0   0   0   0   0   0   0   0   0   0   0   0   0   0   0   0   0   0   0   0   0   0   0   0   0   0   0   0   0   0   0   0   0   0   0   0   0   0   0   0   0   0   0   0   0   0   0   0   1  10  38  16   0   0   0   0   0   0   0   0   0   0   0   1   3  26  15   0   1   0   0   0   0   0   0   0   0   0   0   0  12  11   0   0   0   0   0   0   0   0   0   0   0   0   0  11  11   0   0   0   0   0   0   0   0   0   0   0   1   0   7   7   0   1   0   0   0   0   0   0   0   0   0   0   0   9  10   0   0   0   0   0   0   0   0   0   0   0   0   0   9   9   0   0   0   0   0   0   0   0   0   0   0   0   0  12  21   2   1   0   0   0   0   0   0   0   0   0   0   0  15  37  10   0   0   0   0   0   0   0   0   0   0   0   0   0   0   0   0   0   0   0   0   0   0   0   0   0   0   0   0   0   0   0   0   0   0   0   0   0   0   0   0   0   0   0   0   0   0   0   0   0   0   0   0   0   0   0   0   0   0   0   0   0   0   0   0   0   0 
  0   0   0   0   0   0   0   0   0   0   0   0   0   0   0   0   0   0   0   0   0   0   0   0   0   0   0   0   0   0   0   0   0   0   0   0   0   0   0   0   0   0   0   0   0   0   0   0   0   0   0   0   0   0   0   0   0   0   0   0   0   0   0   0   0   3   9  53  39   3   2   0   1   0   0   0   0   0   2   0  12  12 206 164   2  10   0   2   1   0   1   0   1   3   0  15   5 222 211   3  14   0   3   1   1   1   1   1   3   0  15   4 218 211   3  16   1   3   2   0   0   5   6   0   0  30   0 170 169   0  30   0   0   6   5   0   0   2   3   1  16   3 211 215   4  15   0   3   1   1   1   1   1   3   0  14   3 208 216   5  15   0   3   1   0   1   0   1   2   0   9   1 160 202  11  11   0   2   0   0   0   0   0   1   0   2   3  38  53   9   3   0   0   0   0   0   0   0   0   0   0   0   0   0   0   0   0   0   0   0   0   0   0   0   0   0   0   0   0   0   0   0   0   0   0   0   0   0   0   0   0   0   0   0   0   0   0   0   0   0   0   0   0   0   0   0   0   0   0   0   0   0   0   0   0   0 
  0   0   0   0   0   0   0   0   0   0   0   0   0   0   0   0   0   0   0   0   0   0   0   0   0   0   0   0   0   0   0   0   0   0   0   0   0   0   0   0   0   0   0   0   0   0   0   0   0   0   0   0   0   0   0   0   0   0   0   0   0   0   0   0   0   2   3  35  39   7   2   0   1   0   0   0   0   0   1   1   9   2 127 145   6   8   0   2   0   0   1   1   1   2   0  10   4 168 161   2  11   0   2   1   0   1   0   1   2   0  11   3 169 162   2  11   0   2   1   0   0   3   5   0   0  22   0 131 130   0  22   0   0   5   3   0   0   1   2   0  11   3 166 171   3  11   0   2   1   0   1   0   1   2   0  11   2 168 172   3  10   0   2   1   1   1   1   0   2   0   9   7 151 133   2   9   1   1   0   0   0   0   0   1   0   2   7  40  36   3   2   0   0   0   0   0   0   0   0   0   0   0   0   0   0   0   0   0   0   0   0   0   0   0   0   0   0   0   0   0   0   0   0   0   0   0   0   0   0   0   0   0   0   0   0   0   0   0   0   0   0   0   0   0   0   0   0   0   0   0   0   0   0   0   0   0 
  0   0   0   0   0   0   0   0   0   0   0   0   0   0   0   0   0   0   0   0   0   0   0   0   0   0   0   0   0   0   0   0   0   0   0   0   0   0   0   0   0   0   0   0   0   0   0   0   0   0   0   0   0   0   0   0   0   0   0   0   0   0   0   0   0   0   0  13  28   7   0   0   0   0   0   0   0   0   0   0   0   1   3   5   3   0   0   0   0   0   0   0   0   0   0   0   0   0   0   0   0   0   0   0   0   0   0   0   0   0   0   0   0   0   0   0   0   0   0   0   0   0   0   0   0   0   0   0   0   0   0   0   0   0   0   0   0   0   0   0   0   0   0   0   0   0   0   0   0   0   0   0   0   0   0   0   0   0   0   0   0   0   0   0   0   0   0   0   0   0   0   3   7   4   1   0   0   0   0   0   0   0   0   0   0   0   7  29  14   0   0   0   0   0   0   0   0   0   0   0   0   0   0   0   0   0   0   0   0   0   0   0   0   0   0   0   0   0   0   0   0   0   0   0   0   0   0   0   0   0   0   0   0   0   0   0   0   0   0   0   0   0   0   0   0   0   0   0   0   0   0   0   0   0   0   0 
  0   0   0   0   0   0   0   0   0   0   0   0   0   0   0   0   0   0   0   0   0   0   0   0   0   0   0   0   0   0   0   0   0   0   0   0   0   0   0   0   0   0   0   0   0   0   0   0   0   0   0   0   0   0   0   0   0   0   0   0   0   0   0   0   0   0   0   1   4   4   0   0   0   0   0   0   0   0   0   0   0   0   4  10   3   0   0   0   0   0   0   0   0   0   0   0   0  10  10   0   0   0   0   0   0   0   0   0   0   0   0   0  10  10   0   0   0   0   0   0   0   0   0   0   0   1   0   8   8   0   1   0   0   0   0   0   0   0   0   0   0   0  10  10   0   0   0   0   0   0   0   0   0   0   0   0   0  11  11   0   0   0   0   0   0   0   0   0   0   0   0   3  10   4   0   0   0   0   0   0   0   0   0   0   0   0   4   5   2   0   0   0   0   0   0   0   0   0   0   0   0   0   0   0   0   0   0   0   0   0   0   0   0   0   0   0   0   0   0   0   0   0   0   0   0   0   0   0   0   0   0   0   0   0   0   0   0   0   0   0   0   0   0   0   0   0   0   0   0   0   0   0   0   0   0   0 
  0   0   0   0   0   0   0   0   0   0   0   0   0   0   0   0   0   0   0   0   0   0   0   0   0   0   0   0   0   0   0   0   0   0   0   0   0   0   0   0   0   0   0   0   0   0   0   0   0   0   0   0   0   0   0   0   0   0   0   0   0   0   0   0   0   0   0   1   0   1   2   0   0   0   0   0   0   0   0   0   0   0   0   0   1   0   0   0   0   0   0   0   0   0   0   0   0   1   1   0   0   0   0   0   0   0   0   0   0   0   0   0   1   1   0   0   0   0   0   0   0   0   0   0   0   0   0   0   0   0   0   0   0   0   0   0   0   0   0   0   0   0   1   1   0   0   0   0   0   0   0   0   0   0   0   0   0   1   1   0   0   0   0   0   0   0   0   0   0   0   0   1   0   0   0   0   0   0   0   0   0   0   0   0   0   2   1   0   1   0   0   0   0   0   0   0   0   0   0   0   0   0   0   0   0   0   0   0   0   0   0   0   0   0   0   0   0   0   0   0   0   0   0   0   0   0   0   0   0   0   0   0   0   0   0   0   0   0   0   0   0   0   0   0   0   0   0   0   0   0   0   0   0   0   0   0 
  0   0   0   0   0   0   0   0   0   0   0   0   0   0   0   0   0   0   0   0   0   0   0   0   0   0   0   0   0   0   0   0   0   0   0   0   0   0   0   0   0   0   0   0   0   0   0   0   0   0   0   0   0   0   0   0   0   0   0   0   0   0   0   0   0   0   0   1   2   0   1   0   0   0   0   0   0   0   0   0   0   0   1   2   1   0   0   0   0   0   0   0   0   0   0   0   0   2   2   0   0   0   0   0   0   0   0   0   0   0   0   0   2   2   0   0   0   0   0   0   0   0   0   0   0   0   0   1   1   0   0   0   0   0   0   0   0   0   0   0   0   0   2   2   0   0   0   0   0   0   0   0   0   0   0   0   0   2   2   0   0   0   0   0   0   0   0   0   0   0   0   1   2   1   0   0   0   0   0   0   0   0   0   0   0   1   0   2   1   0   0   0   0   0   0   0   0   0   0   0   0   0   0   0   0   0   0   0   0   0   0   0   0   0   0   0   0   0   0   0   0   0   0   0   0   0   0   0   0   0   0   0   0   0   0   0   0   0   0   0   0   0   0   0   0   0   0   0   0   0   0   0   0   0   0   0 
  0   0   0   0   0   0   0   0   0   0   0   0   0   0   0   0   0   0   0   0   0   0   0   0   0   0   0   0   0   0   0   0   0   0   0   0   0   0   0   0   0   0   0   0   0   0   0   0   0   0   0   0   0   0   0   0   0   0   0   0   0   0   0   0   0   0   0   0   0   0   0   0   0   0   0   0   0   0   0   0   0   0   0   0   0   0   0   0   0   0   0   0   0   0   0   0   0   1   1   0   0   0   0   0   0   0   0   0   0   0   0   0   1   1   0   0   0   0   0   0   0   0   0   0   0   0   0   1   1   0   0   0   0   0   0   0   0   0   0   0   0   0   1   1   0   0   0   0   0   0   0   0   0   0   0   0   0   1   1   0   0   0   0   0   0   0   0   0   0   0   0   0   0   0   0   0   0   0   0   0   0   0   0   0   0   0   0   0   0   0   0   0   0   0   0   0   0   0   0   0   0   0   0   0   0   0   0   0   0   0   0   0   0   0   0   0   0   0   0   0   0   0   0   0   0   0   0   0   0   0   0   0   0   0   0   0   0   0   0   0   0   0   0   0   0   0   0   0   0   0   0   0   0   0   0   0 
  0   0   0   0   0   0   0   0   0   0   0   0   0   0   0   0   0   0   0   0   0   0   0   0   0   0   0   0   0   0   0   0   0   0   0   0   0   0   0   0   0   0   0   0   0   0   0   0   0   0   0   0   0   0   0   0   0   0   0   0   0   0   0   0   0   0   0   1   0   0   0   0   0   0   0   0   0   0   0   0   0   0   0   0   0   0   0   0   0   0   0   0   0   0   0   0   0   0   0   0   0   0   0   0   0   0   0   0   0   0   0   0   0   0   0   0   0   0   0   0   0   0   0   0   0   0   0   0   0   0   0   0   0   0   0   0   0   0   0   0   0   0   0   0   0   0   0   0   0   0   0   0   0   0   0   0   0   0   0   0   0   0   0   0   0   0   0   0   0   0   0   0   0   0   0   0   0   0   0   0   0   0   0   0   0   0   0   0   1   0   0   0   0   0   0   0   0   0   0   0   0   0   0   0   0   0   0   0   0   0   0   0   0   0   0   0   0   0   0   0   0   0   0   0   0   0   0   0   0   0   0   0   0   0   0   0   0   0   0   0   0   0   0   0   0   0   0   0   0   0   0   0   0   0   0   0 
  0   0   0   0   0   0   0   0   0   0   0   0   0   0   0   0   0   0   0   0   0   0   0   0   0   0   0   0   0   0   0   0   0   0   0   0   0   0   0   0   0   0   0   0   0   0   0   0   0   0   0   0   0   0   0   0   0   0   0   0   0   0   0   0   0   0   0   0   0   0   0   0   0   0   0   0   0   0   0   0   0   0   1   0   0   0   0   0   0   0   0   0   0   0   0   0   0   1   1   0   0   0   0   0   0   0   0   0   0   0   0   0   1   1   0   0   0   0   0   0   0   0   0   0   0   0   0   1   1   0   0   0   0   0   0   0   0   0   0   0   0   0   1   1   0   0   0   0   0   0   0   0   0   0   0   0   0   1   1   0   0   0   0   0   0   0   0   0   0   0   0   0   0   1   0   0   0   0   0   0   0   0   0   0   0   0   0   0   0   0   0   0   0   0   0   0   0   0   0   0   0   0   0   0   0   0   0   0   0   0   0   0   0   0   0   0   0   0   0   0   0   0   0   0   0   0   0   0   0   0   0   0   0   0   0   0   0   0   0   0   0   0   0   0   0   0   0   0   0   0   0   0   0   0   0   0 
  0   0   0   0   0   0   0   0   0   0   0   0   0   0   0   0   0   0   0   0   0   0   0   0   0   0   0   0   0   0   0   0   0   0   0   0   0   0   0   0   0   0   0   0   0   0   0   0   0   0   0   0   0   0   0   0   0   0   0   0   0   0   0   0   0   0   0   1   1   0   0   0   0   0   0   0   0   0   0   0   0   0   1   1   0   0   0   0   0   0   0   0   0   0   0   0   0   1   1   0   0   0   0   0   0   0   0   0   0   0   0   0   1   1   0   0   0   0   0   0   0   0   0   0   0   0   0   0   0   0   0   0   0   0   0   0   0   0   0   0   0   0   1   1   0   0   0   0   0   0   0   0   0   0   0   0   0   1   1   0   0   0   0   0   0   0   0   0   0   0   0   0   1   1   0   0   0   0   0   0   0   0   0   0   0   0   0   0   1   0   0   0   0   0   0   0   0   0   0   0   0   0   0   0   0   0   0   0   0   0   0   0   0   0   0   0   0   0   0   0   0   0   0   0   0   0   0   0   0   0   0   0   0   0   0   0   0   0   0   0   0   0   0   0   0   0   0   0   0   0   0   0   0   0   0   0 
  0   0   0   0   0   0   0   0   0   0   0   0   0   0   0   0   0   0   0   0   0   0   0   0   0   0   0   0   0   0   0   0   0   0   0   0   0   0   0   0   0   0   0   0   0   0   0   0   0   0   0   0   0   0   0   0   0   0   0   0   0   0   0   0   0   0   0   0   0   0   0   0   0   0   0   0   0   0   0   0   0   0   1   0   0   0   0   0   0   0   0   0   0   0   0   0   0   1   1   0   0   0   0   0   0   0   0   0   0   0   0   0   1   1   0   0   0   0   0   0   0   0   0   0   0   0   0   1   1   0   0   0   0   0   0   0   0   0   0   0   0   0   1   1   0   0   0   0   0   0   0   0   0   0   0   0   0   1   1   0   0   0   0   0   0   0   0   0   0   0   0   0   1   1   0   0   0   0   0   0   0   0   0   0   0   0   0   0   1   0   0   0   0   0   0   0   0   0   0   0   0   0   0   0   0   0   0   0   0   0   0   0   0   0   0   0   0   0   0   0   0   0   0   0   0   0   0   0   0   0   0   0   0   0   0   0   0   0   0   0   0   0   0   0   0   0   0   0   0   0   0   0   0   0   0   0 
  0   0   0   0   0   0   0   0   0   0   0   0   0   0   0   0   0   0   0   0   0   0   0   0   0   0   0   0   0   0   0   0   0   0   0   0   0   0   0   0   0   0   0   0   0   0   0   0   0   0   0   0   1   0   0   0   0   0   0   0   0   0   0   0   0   0   0   3   3   0   0   0   0   0   0   0   0   0   0   0   0   0   3   3   0   0   0   0   0   0   0   0   0   0   0   0   0   4   3   0   0   0   0   0   0   0   0   0   0   0   0   0   3   3   0   0   0   0   0   0   0   0   0   0   0   0   0   3   3   0   0   0   0   0   0   0   0   0   0   0   0   0   3   3   0   0   0   0   0   0   0   0   0   0   0   0   0   3   3   0   0   0   0   0   0   0   0   0   0   0   0   0   3   3   0   0   0   0   0   0   0   0   0   0   0   0   0   3   3   0   0   0   0   0   0   0   0   0   0   0   0   0   0   1   0   0   0   0   0   0   0   0   0   0   0   0   0   0   0   0   0   0   0   0   0   0   0   0   0   0   0   0   0   0   0   0   0   0   0   0   0   0   0   0   0   0   0   0   0   0   0   0   0   0   0   0 
  0   0   0   0   0   0   0   0   0   0   0   0   0   0   0   0   0   0   0   0   0   0   0   0   0   0   0   0   0   0   0   0   0   0   0   0   0   0   0   0   0   0   0   0   0   0   0   0   0   0   0   0   1   1   0   0   0   0   0   0   0   0   0   0   0   0   0   0   0   0   0   0   0   0   0   0   0   0   0   0   0   0   0   0   0   0   0   0   0   0   0   0   0   0   0   0   0   0   0   0   0   0   0   0   0   0   0   0   0   0   0   0   0   0   0   0   0   0   0   0   0   0   0   0   0   0   0   0   0   0   0   0   0   0   0   0   0   0   0   0   0   0   0   0   0   0   0   0   0   0   0   0   0   0   0   0   0   0   0   0   0   0   0   0   0   0   0   0   0   0   0   0   0   0   0   0   0   0   0   0   0   0   0   0   0   0   0   0   0   0   0   0   0   0   0   0   0   0   0   0   0   0   1   0   0   0   0   0   0   0   0   0   0   0   0   0   0   0   0   0   0   0   0   0   0   0   0   0   0   0   0   0   0   0   0   0   0   0   0   0   0   0   0   0   0   0   0   0   0   0   0   0   0   0   0   0 
  0   0   0   0   0   0   0   0   0   0   0   0   0   0   0   0   0   0   0   0   0   0   0   0   0   0   0   0   0   0   0   0   0   0   0   0   0   0   0   0   0   0   0   0   0   0   0   0   0   0   3   2   3   6   0   0   0   0   0   0   0   0   0   0   0   0   0  14  13   0   0   0   0   0   0   0   0   0   0   0   1   0  14  13   0   1   0   0   0   0   0   0   0   0   0   1   0  15  14   0   0   0   0   0   0   0   0   0   0   0   1   0  14  14   0   1   0   0   0   0   0   0   0   0   0   2   0  11  11   0   2   0   0   0   0   0   0   0   0   0   1   0  14  14   0   1   0   0   0   0   0   0   0   0   0   0   0  14  14   0   1   0   0   0   0   0   0   0   0   0   1   0  13  14   0   0   0   0   0   0   0   0   0   0   0   0   0  13  14   0   0   0   0   0   0   0   0   0   0   0   0   0   6   3   2   3   0   0   0   0   0   0   0   0   0   0   0   0   0   0   0   0   0   0   0   0   0   0   0   0   0   0   0   0   0   0   0   0   0   0   0   0   0   0   0   0   0   0   0   0   0   0   0   0   0   0 
  0   0   0   0   0   0   0   0   0   0   0   0   0   0   0   0   0   0   0   0   0   0   0   0   0   0   0   0   0   0   0   0   0   0   0   0   1   0   0   0   0   0   0   0   0   0   0   0   0   0   0  13  36  12   0   0   0   0   0   0   0   0   0   0   0   0   0  11  11   0   0   0   0   0   0   0   0   0   0   0   0   0  11  10   0   0   0   0   0   0   0   0   0   0   0   0   0  10  10   0   0   0   0   0   0   0   0   0   0   0   0   0  10  10   0   0   0   0   0   0   0   0   0   0   0   1   0   7   7   0   1   0   0   0   0   0   0   0   0   0   0   0   8   9   0   0   0   0   0   0   0   0   0   0   0   0   0   8   8   0   0   0   0   0   0   0   0   0   0   0   0   0   7   8   0   0   0   0   0   0   0   0   0   0   0   0   0   6   7   0   0   0   0   0   0   0   0   0   0   0   0   0  10  30  11   0   0   0   0   0   0   0   0   0   0   0   0   0   0   1   0   0   0   0   0   0   0   0   0   0   0   0   0   0   0   0   0   0   0   0   0   0   0   0   0   0   0   0   0   0   0   0   0   0   0   0 
  0   0   0   0   0   0   0   0   0   0   0   0   0   0   0   0   0   0   0   0   0   0   0   0   0   0   0   0   0   0   0   0   0   0   0   0   0   0   0   0   0   0   0   0   0   0   0   0   1   0   8  22 152  99   4   5   0   1   0   0   1   1   1   3   0  15   5 226 206   2  13   0   3   1   1   1   1   1   3   0  15   5 220 209   2  13   0   3   1   1   1   1   1   3   0  14   4 215 208   3  14   0   3   1   1   1   1   1   3   0  14   4 212 208   3  15   1   3   2   0   0   5   6   0   0  28   0 162 163   0  29   0   0   6   5   0   0   2   3   1  14   3 204 211   4  14   0   3   1   1   1   1   1   3   0  13   2 201 212   5  14   0   3   1   1   1   1   1   3   0  13   2 200 214   5  14   0   3   1   1   1   1   1   3   0  12   2 196 218   6  15   0   3   1   1   1   0   0   1   0   5   4  91 149  23   7   0   1   0   0   0   0   0   0   0   0   0   0   0   0   0   0   0   0   0   0   0   0   0   0   0   0   0   0   0   0   0   0   0   0   0   0   0   0   0   0   0   0   0   0   0   0   0   0   0   0 
  0   0   0   0   0   0   0   0   0   0   0   0   0   0   0   0   0   0   0   0   0   0   0   0   0   0   0   0   0   0   0   0   0   0   0   0   0   0   0   0   0   0   0   0   0   0   0   0   0   1   5   4  81 110  15   4   0   2   0   0   0   0   0   2   0  11   4 172 158   2  11   0   2   1   0   1   1   1   2   0  11   4 172 163   2  11   0   2   1   0   1   0   1   2   0  12   3 173 167   2  11   0   2   1   0   1   0   1   2   0  12   3 173 170   3  12   0   2   1   0   0   4   5   0   0  23   0 136 136   0  23   0   0   5   4   0   0   1   2   0  12   2 171 177   3  12   0   2   1   0   1   0   1   2   0  11   2 172 180   4  12   0   3   1   1   1   0   1   2   0  11   2 170 182   4  12   0   3   1   1   1   0   1   2   0  11   1 168 185   5  12   0   2   0   0   0   0   0   2   0   5  14 115  90   5   6   1   0   0   0   0   0   0   0   0   0   0   0   0   0   0   0   0   0   0   0   0   0   0   0   0   0   0   0   0   0   0   0   0   0   0   0   0   0   0   0   0   0   0   0   0   0   0   0   0   0 
  0   0   0   0   0   0   0   0   0   0   0   0   0   0   0   0   0   0   0   0   0   0   0   0   0   0   0   0   0   0   0   0   0   0   0   0   0   0   0   0   0   0   0   0   0   0   0   0   0   0   0   0   6  15  10   1   0   0   0   0   0   0   0   0   0   0   0   0   0   0   0   0   0   0   0   0   0   0   0   0   0   0   0   0   0   0   0   0   0   0   0   0   0   0   0   0   0   0   0   0   0   0   0   0   0   0   0   0   0   0   0   0   0   0   0   0   0   0   0   0   0   0   0   0   0   0   0   0   0   0   0   0   0   0   0   0   0   0   0   0   0   0   0   0   0   0   0   0   0   0   0   0   0   0   0   0   0   0   0   0   0   0   0   0   0   0   0   0   0   0   0   0   1   1   0   0   0   0   0   0   0   0   0   0   0   0   0   1   1   0   0   0   0   0   0   0   0   0   0   0   0  11  20   8   0   0   0   0   0   0   0   0   0   0   0   0   0   0   0   0   0   0   0   0   0   0   0   0   0   0   0   0   0   0   0   0   0   0   0   0   0   0   0   0   0   0   0   0   0   0   0   0   0   0   0   0 
  0   0   0   0   0   0   0   0   0   0   0   0   0   0   0   0   0   0   0   0   0   0   0   0   0   0   0   0   0   0   0   0   0   0   0   0   0   0   0   0   0   0   0   0   0   0   0   0   0   0   0   0   4   2   2   3   0   0   0   0   0   0   0   0   0   0   0  10  10   0   0   0   0   0   0   0   0   0   0   0   0   0  11  10   0   0   0   0   0   0   0   0   0   0   0   0   0  10  10   0   0   0   0   0   0   0   0   0   0   0   0   0  11  10   0   0   0   0   0   0   0   0   0   0   0   1   0   8   8   0   1   0   0   0   0   0   0   0   0   0   0   0  11  11   0   0   0   0   0   0   0   0   0   0   0   0   0  11  11   0   0   0   0   0   0   0   0   0   0   0   0   0  11  12   0   0   0   0   0   0   0   0   0   0   0   0   0  11  12   0   0   0   0   0   0   0   0   0   0   0   3   2   2   4   0   0   0   0   0   0   0   0   0   0   0   0   0   0   0   0   0   0   0   0   0   0   0   0   0   0   0   0   0   0   0   0   0   0   0   0   0   0   0   0   0   0   0   0   0   0   0   0   0   0   0   0 
  0   0   0   0   0   0   0   0   0   0   0   0   0   0   0   0   0   0   0   0   0   0   0   0   0   0   0   0   0   0   0   0   0   0   0   0   0   0   0   0   0   0   0   0   0   0   0   0   0   0   0   0   0   0   0   1   0   0   0   0   0   0   0   0   0   0   0   1   1   0   0   0   0   0   0   0   0   0   0   0   0   0   1   1   0   0   0   0   0   0   0   0   0   0   0   0   0   1   1   0   0   0   0   0   0   0   0   0   0   0   0   0   1   1   0   0   0   0   0   0   0   0   0   0   0   0   0   0   0   0   0   0   0   0   0   0   0   0   0   0   0   0   1   1   0   0   0   0   0   0   0   0   0   0   0   0   0   0   1   0   0   0   0   0   0   0   0   0   0   0   0   0   0   0   0   0   0   0   0   0   0   0   0   0   0   0   0   0   0   0   0   0   0   0   0   0   0   0   0   1   1   0   0   0   0   0   0   0   0   0   0   0   0   0   0   0   0   0   0   0   0   0   0   0   0   0   0   0   0   0   0   0   0   0   0   0   0   0   0   0   0   0   0   0   0   0   0   0   0   0   0   0   0   0   0   0 
  0   0   0   0   0   0   0   0   0   0   0   0   0   0   0   0   0   0   0   0   0   0   0   0   0   0   0   0   0   0   0   0   0   0   0   0   0   0   0   0   0   0   0   0   0   0   0   0   0   0   0   0   1   1   0   0   0   0   0   0   0   0   0   0   0   0   0   2   2   0   0   0   0   0   0   0   0   0   0   0   0   0   2   2   0   0   0   0   0   0   0   0   0   0   0   0   0   2   2   0   0   0   0   0   0   0   0   0   0   0   0   0   2   2   0   0   0   0   0   0   0   0   0   0   0   0   0   1   1   0   0   0   0   0   0   0   0   0   0   0   0   0   2   2   0   0   0   0   0   0   0   0   0   0   0   0   0   2   2   0   0   0   0   0   0   0   0   0   0   0   0   0   2   2   0   0   0   0   0   0   0   0   0   0   0   0   0   2   2   0   0   0   0   0   0   0   0   0   0   0   0   0   1   1   0   0   0   0   0   0   0   0   0   0   0   0   0   0   0   0   0   0   0   0   0   0   0   0   0   0   0   0   0   0   0   0   0   0   0   0   0   0   0   0   0   0   0   0   0   0   0   0   0   0   0   0 
  0   0   0   0   0   0   0   0   0   0   0   0   0   0   0   0   0   0   0   0   0   0   0   0   0   0   0   0   0   0   0   0   0   0   0   0   0   0   0   0   0   0   0   0   0   0   0   0   0   0   0   0   0   0   0   0   0   0   0   0   0   0   0   0   0   0   0   1   1   0   0   0   0   0   0   0   0   0   0   0   0   0   1   1   0   0   0   0   0   0   0   0   0   0   0   0   0   1   1   0   0   0   0   0   0   0   0   0   0   0   0   0   1   1   0   0   0   0   0   0   0   0   0   0   0   0   0   1   1   0   0   0   0   0   0   0   0   0   0   0   0   0   1   1   0   0   0   0   0   0   0   0   0   0   0   0   0   1   1   0   0   0   0   0   0   0   0   0   0   0   0   0   1   1   0   0   0   0   0   0   0   0   0   0   0   0   0   1   1   0   0   0   0   0   0   0   0   0   0   0   0   0   0   0   0   0   0   0   0   0   0   0   0   0   0   0   0   0   0   0   0   0   0   0   0   0   0   0   0   0   0   0   0   0   0   0   0   0   0   0   0   0   0   0   0   0   0   0   0   0   0   0   0   0   0   0 
  0   0   0   0   0   0   0   0   0   0   0   0   0   0   0   0   0   0   0   0   0   0   0   0   0   0   0   0   0   0   0   0   0   0   0   0   0   0   0   0   0   0   0   0   0   0   0   0   0   0   0   0   0   1   0   0   0   0   0   0   0   0   0   0   0   0   0   0   0   0   0   0   0   0   0   0   0   0   0   0   0   0   0   0   0   0   0   0   0   0   0   0   0   0   0   0   0   0   0   0   0   0   0   0   0   0   0   0   0   0   0   0   0   0   0   0   0   0   0   0   0   0   0   0   0   0   0   0   0   0   0   0   0   0   0   0   0   0   0   0   0   0   0   0   0   0   0   0   0   0   0   0   0   0   0   0   0   0   0   0   0   0   0   0   0   0   0   0   0   0   0   0   0   1   0   0   0   0   0   0   0   0   0   0   0   0   0   0   1   0   0   0   0   0   0   0   0   0   0   0   0   0   0   0   0   0   0   0   0   0   0   0   0   0   0   0   0   0   0   0   0   0   0   0   0   0   0   0   0   0   0   0   0   0   0   0   0   0   0   0   0   0   0   0   0   0   0   0   0   0   0   0   0   0   0   0 
  0   0   0   0   0   0   0   0   0   0   0   0   0   0   0   0   0   0   0   0   0   0   0   0   0   0   0   0   0   0   0   0   0   0   0   0   0   0   0   0   0   0   0   0   0   0   0   0   0   0   0   0   0   0   0   0   0   0   0   0   0   0   0   0   0   0   0   1   1   0   0   0   0   0   0   0   0   0   0   0   0   0   1   1   0   0   0   0   0   0   0   0   0   0   0   0   0   1   1   0   0   0   0   0   0   0   0   0   0   0   0   0   1   1   0   0   0   0   0   0   0   0   0   0   0   0   0   1   1   0   0   0   0   0   0   0   0   0   0   0   0   0   1   1   0   0   0   0   0   0   0   0   0   0   0   0   0   1   1   0   0   0   0   0   0   0   0   0   0   0   0   0   1   1   0   0   0   0   0   0   0   0   0   0   0   0   0   1   1   0   0   0   0   0   0   0   0   0   0   0   0   0   0   1   0   0   0   0   0   0   0   0   0   0   0   0   0   0   0   0   0   0   0   0   0   0   0   0   0   0   0   0   0   0   0   0   0   0   0   0   0   0   0   0   0   0   0   0   0   0   0   0   0   0   0   0 
  0   0   0   0   0   0   0   0   0   0   0   0   0   0   0   0   0   0   0   0   0   0   0   0   0   0   0   0   0   0   0   0   0   0   0   0   0   0   0   0   0   0   0   0   0   0   0   0   0   0   0   0   1   1   0   0   0   0   0   0   0   0   0   0   0   0   0   1   1   0   0   0   0   0   0   0   0   0   0   0   0   0   1   1   0   0   0   0   0   0   0   0   0   0   0   0   0   1   1   0   0   0   0   0   0   0   0   0   0   0   0   0   1   1   0   0   0   0   0   0   0   0   0   0   0   0   0   0   0   0   0   0   0   0   0   0   0   0   0   0   0   0   1   1   0   0   0   0   0   0   0   0   0   0   0   0   0   1   1   0   0   0   0   0   0   0   0   0   0   0   0   0   1   1   0   0   0   0   0   0   0   0   0   0   0   0   0   1   1   0   0   0   0   0   0   0   0   0   0   0   0   0   0   0   0   0   0   0   0   0   0   0   0   0   0   0   0   0   0   0   0   0   0   0   0   0   0   0   0   0   0   0   0   0   0   0   0   0   0   0   0   0   0   0   0   0   0   0   0   0   0   0   0   0   0   0 
  0   0   0   0   0   0   0   0   0   0   0   0   0   0   0   0   0   0   0   0   0   0   0   0   0   0   0   0   0   0   0   0   0   0   0   0   0   0   0   0   0   0   0   0   0   0   0   0   0   0   0   0   1   0   0   0   0   0   0   0   0   0   0   0   0   0   0   1   1   0   0   0   0   0   0   0   0   0   0   0   0   0   1   1   0   0   0   0   0   0   0   0   0   0   0   0   0   1   1   0   0   0   0   0   0   0   0   0   0   0   0   0   1   1   0   0   0   0   0   0   0   0   0   0   0   0   0   0   1   0   0   0   0   0   0   0   0   0   0   0   0   0   1   1   0   0   0   0   0   0   0   0   0   0   0   0   0   1   1   0   0   0   0   0   0   0   0   0   0   0   0   0   1   1   0   0   0   0   0   0   0   0   0   0   0   0   0   1   1   0   0   0   0   0   0   0   0   0   0   0   0   0   1   1   0   0   0   0   0   0   0   0   0   0   0   0   0   0   0   0   0   0   0   0   0   0   0   0   0   0   0   0   0   0   0   0   0   0   0   0   0   0   0   0   0   0   0   0   0   0   0   0   0   0   0   0 
  0   0   0   0   0   0   0   0   0   0   0   0   0   0   0   0   0   0   0   0   0   0   0   0   0   0   0   0   0   0   0   0   0   0   0   0   0   1   1   0   0   0   0   0   0   0   0   0   0   0   0   0   3   3   0   0   0   0   0   0   0   0   0   0   0   0   0   4   3   0   0   0   0   0   0   0   0   0   0   0   0   0   3   3   0   0   0   0   0   0   0   0   0   0   0   0   0   3   3   0   0   0   0   0   0   0   0   0   0   0   0   0   3   3   0   0   0   0   0   0   0   0   0   0   0   0   0   2   2   0   0   0   0   0   0   0   0   0   0   0   0   0   3   3   0   0   0   0   0   0   0   0   0   0   0   0   0   3   3   0   0   0   0   0   0   0   0   0   0   0   0   0   3   3   0   0   0   0   0   0   0   0   0   0   0   0   0   3   3   0   0   0   0   0   0   0   0   0   0   0   0   0   2   3   0   0   0   0   0   0   0   0   0   0   0   0   0   0   1   0   0   0   0   0   0   0   0   0   0   0   0   0   0   0   0   0   0   0   0   0   0   0   0   0   0   0   0   0   0   0   0   0   0   0   0   0 
  0   0   0   0   0   0   0   0   0   0   0   0   0   0   0   0   0   0   0   0   0   0   0   0   0   0   0   0   0   0   0   0   0   0   0   0   0   0   1   0   0   0   0   0   0   0   0   0   0   0   0   0   0   0   0   0   0   0   0   0   0   0   0   0   0   0   0   0   0   0   0   0   0   0   0   0   0   0   0   0   0   0   0   0   0   0   0   0   0   0   0   0   0   0   0   0   0   0   0   0   0   0   0   0   0   0   0   0   0   0   0   0   0   0   0   0   0   0   0   0   0   0   0   0   0   0   0   0   0   0   0   0   0   0   0   0   0   0   0   0   0   0   0   0   0   0   0   0   0   0   0   0   0   0   0   0   0   0   0   0   0   0   0   0   0   0   0   0   0   0   0   0   0   0   0   0   0   0   0   0   0   0   0   0   0   0   0   0   0   0   0   0   0   0   0   0   0   0   0   0   0   0   0   0   0   0   0   0   0   0   0   0   0   0   0   0   0   1   0   0   0   0   0   0   0   0   0   0   0   0   0   0   0   0   0   0   0   0   0   0   0   0   0   0   0   0   0   0   0   0   0   0   0   0   0   0 
  0   0   0   0   0   0   0   0   0   0   0   0   0   0   0   0   0   0   0   0   0   0   0   0   0   0   0   0   0   0   0   0   0   0   0   4   1   7   6   0   0   0   0   0   0   0   0   0   0   0   0   0  15  13   0   0   0   0   0   0   0   0   0   0   0   1   0  15  14   0   0   0   0   0   0   0   0   0   0   0   1   0  14  14   0   0   0   0   0   0   0   0   0   0   0   0   0  14  14   0   0   0   0   0   0   0   0   0   0   0   0   0  14  14   0   1   0   0   0   0   0   0   0   0   0   1   0  10  11   0   2   0   0   0   0   0   0   0   0   0   0   0  13  14   0   1   0   0   0   0   0   0   0   0   0   0   0  13  14   0   0   0   0   0   0   0   0   0   0   0   0   0  13  14   0   1   0   0   0   0   0   0   0   0   0   0   0  13  14   0   1   0   0   0   0   0   0   0   0   0   0   0  12  14   0   0   0   0   0   0   0   0   0   0   0   0   0   5   7   0   3   0   0   0   0   0   0   0   0   0   0   0   0   0   0   0   0   0   0   0   0   0   0   0   0   0   0   0   0   0   0   0   0   0   0   0 
  0   0   0   0   0   0   0   0   0   0   0   0   0   0   0   0   0   0   0   0   0   0   0   0   0   0   0   0   0   0   0   0   0   0   0   1  13  29   6   0   0   0   0   0   0   0   0   0   0   0   0   0  10  10   0   0   0   0   0   0   0   0   0   0   0   0   0  10   9   0   0   0   0   0   0   0   0   0   0   0   0   0   9   9   0   0   0   0   0   0   0   0   0   0   0   0   0   8   8   0   0   0   0   0   0   0   0   0   0   0   0   0   8   8   0   0   0   0   0   0   0   0   0   0   0   1   0   5   6   0   1   0   0   0   0   0   0   0   0   0   0   0   7   7   0   0   0   0   0   0   0   0   0   0   0   0   0   6   7   0   0   0   0   0   0   0   0   0   0   0   0   0   6   6   0   0   0   0   0   0   0   0   0   0   0   0   0   5   6   0   0   0   0   0   0   0   0   0   0   0   0   0   5   5   0   0   0   0   0   0   0   0   0   0   0   0   0   4  21  11   2   0   0   0   0   0   0   0   0   0   0   0   0   0   0   0   0   0   0   0   0   0   0   0   0   0   0   0   0   0   0   0   0   0   0   0 
  0   0   0   0   0   0   0   0   0   0   0   0   0   0   0   0   0   0   0   0   0   0   0   0   0   0   0   0   0   0   0   0   0   1   0   4  29 153  97   8   5   0   1   0   0   1   1   1   3   0  15   6 225 201   2  13   0   3   1   1   1   1   1   3   0  14   5 216 204   2  13   0   3   1   1   1   1   1   3   0  14   4 213 205   3  13   0   3   1   1   1   1   1   3   0  14   4 210 207   3  14   0   3   1   1   1   1   1   3   0  14   3 208 206   4  14   0   3   2   0   0   5   6   0   0  28   0 158 162   0  29   0   0   6   5   0   0   2   3   1  14   3 199 210   5  14   0   3   1   1   1   1   1   3   0  13   2 197 210   5  14   0   3   1   1   1   1   1   3   0  13   2 193 210   6  14   0   3   1   1   1   1   1   2   0  12   1 190 210   6  14   0   3   1   1   1   1   1   2   0  12   1 185 217   7  14   0   3   1   1   1   0   0   1   0   4   7  87 148  31   3   0   1   0   0   0   0   0   0   0   0   0   0   0   0   0   0   0   0   0   0   0   0   0   0   0   0   0   0   0   0   0   0   0   0   0 
  0   0   0   0   0   0   0   0   0   0   0   0   0   0   0   0   0   0   0   0   0   0   0   0   0   0   0   0   0   0   0   0   0   0   1   5   9  83 109  20   2   0   1   0   0   0   0   0   2   0  12   5 174 163   1  11   0   2   1   0   1   1   1   3   0  12   4 177 167   2  11   0   2   1   0   1   0   1   2   0  12   4 177 170   2  11   0   2   1   0   1   0   1   2   0  12   3 176 173   2  11   0   2   1   0   1   0   1   2   0  12   3 176 175   3  12   0   3   2   0   0   4   5   0   0  24   0 136 140   0  24   0   0   5   4   0   0   2   3   0  12   2 174 183   4  12   0   3   1   1   1   0   1   2   0  11   2 174 185   4  12   0   3   1   1   1   0   1   2   0  11   1 174 189   5  13   0   3   1   1   1   0   1   2   0  11   1 174 192   6  13   0   3   1   1   1   0   1   2   0  11   1 172 193   6  13   0   3   1   0   0   1   0   1   0   2  19 116  95  11   6   1   0   0   0   0   0   0   0   0   0   0   0   0   0   0   0   0   0   0   0   0   0   0   0   0   0   0   0   0   0   0   0   0   0   0 
  0   0   0   0   0   0   0   0   0   0   0   0   0   0   0   0   0   0   0   0   0   0   0   0   0   0   0   0   0   0   0   0   0   0   0   0   0   3  10   9   2   0   0   0   0   0   0   0   0   0   0   0   0   0   0   0   0   0   0   0   0   0   0   0   0   0   0   0   0   0   0   0   0   0   0   0   0   0   0   0   0   0   0   0   0   0   0   0   0   0   0   0   0   0   0   0   0   0   0   0   0   0   0   0   0   0   0   0   0   0   0   0   0   0   0   0   0   0   0   0   0   0   0   0   0   0   0   0   0   0   0   0   0   0   0   0   0   0   0   0   0   0   1   1   0   0   0   0   0   0   0   0   0   0   0   0   0   1   1   0   0   0   0   0   0   0   0   0   0   0   0   0   1   1   0   0   0   0   0   0   0   0   0   0   0   0   0   1   1   0   0   0   0   0   0   0   0   0   0   0   0   0   1   2   0   0   0   0   0   0   0   0   0   0   0   2  11  15   4   0   0   0   0   0   0   0   0   0   0   0   0   0   0   0   0   0   0   0   0   0   0   0   0   0   0   0   0   0   0   0   0   0   0   0   0   0 
  0   0   0   0   0   0   0   0   0   0   0   0   0   0   0   0   0   0   0   0   0   0   0   0   0   0   0   0   0   0   0   0   0   0   0   0   0   4   5   0   3   1   0   0   0   0   0   0   0   0   0   0  11  10   0   0   0   0   0   0   0   0   0   0   0   0   0  11  10   0   0   0   0   0   0   0   0   0   0   0   0   0  11  10   0   0   0   0   0   0   0   0   0   0   0   0   0  11  11   0   0   0   0   0   0   0   0   0   0   0   0   0  11  11   0   0   0   0   0   0   0   0   0   0   0   1   0   9   9   0   1   0   0   0   0   0   0   0   0   0   0   0  11  12   0   0   0   0   0   0   0   0   0   0   0   0   0  11  12   0   0   0   0   0   0   0   0   0   0   0   0   0  11  12   0   0   0   0   0   0   0   0   0   0   0   0   0  11  12   0   0   0   0   0   0   0   0   0   0   0   0   0  11  13   0   0   0   0   0   0   0   0   0   0   1   4   0   5   5   0   0   0   0   0   0   0   0   0   0   0   0   0   0   0   0   0   0   0   0   0   0   0   0   0   0   0   0   0   0   0   0   0   0   0   0   0 
  0   0   0   0   0   0   0   0   0   0   0   0   0   0   0   0   0   0   0   0   0   0   0   0   0   0   0   0   0   0   0   0   0   0   0   0   0   1   0   0   0   0   0   0   0   0   0   0   0   0   0   0   1   1   0   0   0   0   0   0   0   0   0   0   0   0   0   1   1   0   0   0   0   0   0   0   0   0   0   0   0   0   1   1   0   0   0   0   0   0   0   0   0   0   0   0   0   1   1   0   0   0   0   0   0   0   0   0   0   0   0   0   1   1   0   0   0   0   0   0   0   0   0   0   0   0   0   0   0   0   0   0   0   0   0   0   0   0   0   0   0   0   0   0   0   0   0   0   0   0   0   0   0   0   0   0   0   0   0   0   0   0   0   0   0   0   0   0   0   0   0   0   0   0   0   0   0   0   0   0   0   0   0   0   0   0   0   0   0   0   0   0   0   0   0   0   0   0   0   0   0   0   0   0   0   0   0   0   0   0   0   0   0   0   1   0   0   0   0   0   0   0   0   0   0   0   0   0   0   0   0   0   0   0   0   0   0   0   0   0   0   0   0   0   0   0   0   0   0   0   0   0   0   0   0   0 
  0   0   0   0   0   0   0   0   0   0   0   0   0   0   0   0   0   0   0   0   0   0   0   0   0   0   0   0   0   0   0   0   0   0   0   0   0   1   2   0   0   0   0   0   0   0   0   0   0   0   0   0   2   2   0   0   0   0   0   0   0   0   0   0   0   0   0   2   2   0   0   0   0   0   0   0   0   0   0   0   0   0   2   2   0   0   0   0   0   0   0   0   0   0   0   0   0   2   2   0   0   0   0   0   0   0   0   0   0   0   0   0   2   2   0   0   0   0   0   0   0   0   0   0   0   0   0   2   2   0   0   0   0   0   0   0   0   0   0   0   0   0   2   2   0   0   0   0   0   0   0   0   0   0   0   0   0   2   2   0   0   0   0   0   0   0   0   0   0   0   0   0   2   2   0   0   0   0   0   0   0   0   0   0   0   0   0   2   2   0   0   0   0   0   0   0   0   0   0   0   0   0   2   3   0   0   0   0   0   0   0   0   0   0   0   0   0   2   1   0   0   0   0   0   0   0   0   0   0   0   0   0   0   0   0   0   0   0   0   0   0   0   0   0   0   0   0   0   0   0   0   0   0   0   0   0 
  0   0   0   0   0   0   0   0   0   0   0   0   0   0   0   0   0   0   0   0   0   0   0   0   0   0   0   0   0   0   0   0   0   0   0   0   0   0   0   0   0   0   0   0   0   0   0   0   0   0   0   0   1   1   0   0   0   0   0   0   0   0   0   0   0   0   0   1   1   0   0   0   0   0   0   0   0   0   0   0   0   0   1   1   0   0   0   0   0   0   0   0   0   0   0   0   0   1   1   0   0   0   0   0   0   0   0   0   0   0   0   0   1   1   0   0   0   0   0   0   0   0   0   0   0   0   0   1   1   0   0   0   0   0   0   0   0   0   0   0   0   0   1   1   0   0   0   0   0   0   0   0   0   0   0   0   0   1   1   0   0   0   0   0   0   0   0   0   0   0   0   0   1   1   0   0   0   0   0   0   0   0   0   0   0   0   0   1   1   0   0   0   0   0   0   0   0   0   0   0   0   0   1   1   0   0   0   0   0   0   0   0   0   0   0   0   0   0   0   0   0   0   0   0   0   0   0   0   0   0   0   0   0   0   0   0   0   0   0   0   0   0   0   0   0   0   0   0   0   0   0   0   0   0   0   0 
  0   0   0   0   0   0   0   0   0   0   0   0   0   0   0   0   0   0   0   0   0   0   0   0   0   0   0   0   0   0   0   0   0   0   0   0   0   0   0   0   0   0   0   0   0   0   0   0   0   0   0   0   0   0   0   0   0   0   0   0   0   0   0   0   0   0   0   0   0   0   0   0   0   0   0   0   0   0   0   0   0   0   0   0   0   0   0   0   0   0   0   0   0   0   0   0   0   0   0   0   0   0   0   0   0   0   0   0   0   0   0   0   0   0   0   0   0   0   0   0   0   0   0   0   0   0   0   0   0   0   0   0   0   0   0   0   0   0   0   0   0   0   0   0   0   0   0   0   0   0   0   0   0   0   0   0   0   0   0   0   0   0   0   0   0   0   0   0   0   0   0   0   0   1   0   0   0   0   0   0   0   0   0   0   0   0   0   0   1   0   0   0   0   0   0   0   0   0   0   0   0   0   0   1   0   0   0   0   0   0   0   0   0   0   0   0   0   0   0   0   0   0   0   0   0   0   0   0   0   0   0   0   0   0   0   0   0   0   0   0   0   0   0   0   0   0   0   0   0   0   0   0   0   0   0   0 
  0   0   0   0   0   0   0   0   0   0   0   0   0   0   0   0   0   0   0   0   0   0   0   0   0   0   0   0   0   0   0   0   0   0   0   0   0   0   0   0   0   0   0   0   0   0   0   0   0   0   0   0   1   1   0   0   0   0   0   0   0   0   0   0   0   0   0   1   1   0   0   0   0   0   0   0   0   0   0   0   0   0   1   1   0   0   0   0   0   0   0   0   0   0   0   0   0   1   1   0   0   0   0   0   0   0   0   0   0   0   0   0   1   1   0   0   0   0   0   0   0   0   0   0   0   0   0   1   1   0   0   0   0   0   0   0   0   0   0   0   0   0   1   1   0   0   0   0   0   0   0   0   0   0   0   0   0   1   1   0   0   0   0   0   0   0   0   0   0   0   0   0   1   1   0   0   0   0   0   0   0   0   0   0   0   0   0   1   1   0   0   0   0   0   0   0   0   0   0   0   0   0   1   1   0   0   0   0   0   0   0   0   0   0   0   0   0   0   1   0   0   0   0   0   0   0   0   0   0   0   0   0   0   0   0   0   0   0   0   0   0   0   0   0   0   0   0   0   0   0   0   0   0   0   0   0 
  0   0   0   0   0   0   0   0   0   0   0   0   0   0   0   0   0   0   0   0   0   0   0   0   0   0   0   0   0   0   0   0   0   0   0   0   0   1   0   0   0   0   0   0   0   0   0   0   0   0   0   0   1   1   0   0   0   0   0   0   0   0   0   0   0   0   0   1   1   0   0   0   0   0   0   0   0   0   0   0   0   0   1   1   0   0   0   0   0   0   0   0   0   0   0   0   0   1   1   0   0   0   0   0   0   0   0   0   0   0   0   0   1   1   0   0   0   0   0   0   0   0   0   0   0   0   0   0   0   0   0   0   0   0   0   0   0   0   0   0   0   0   1   1   0   0   0   0   0   0   0   0   0   0   0   0   0   1   1   0   0   0   0   0   0   0   0   0   0   0   0   0   1   1   0   0   0   0   0   0   0   0   0   0   0   0   0   1   1   0   0   0   0   0   0   0   0   0   0   0   0   0   1   1   0   0   0   0   0   0   0   0   0   0   0   0   0   0   1   0   0   0   0   0   0   0   0   0   0   0   0   0   0   0   0   0   0   0   0   0   0   0   0   0   0   0   0   0   0   0   0   0   0   0   0   0 
  0   0   0   0   0   0   0   0   0   0   0   0   0   0   0   0   0   0   0   0   0   0   0   0   0   0   0   0   0   0   0   0   0   0   0   0   0   1   0   0   0   0   0   0   0   0   0   0   0   0   0   0   1   1   0   0   0   0   0   0   0   0   0   0   0   0   0   1   1   0   0   0   0   0   0   0   0   0   0   0   0   0   1   1   0   0   0   0   0   0   0   0   0   0   0   0   0   1   1   0   0   0   0   0   0   0   0   0   0   0   0   0   1   1   0   0   0   0   0   0   0   0   0   0   0   0   0   1   1   0   0   0   0   0   0   0   0   0   0   0   0   0   1   1   0   0   0   0   0   0   0   0   0   0   0   0   0   1   1   0   0   0   0   0   0   0   0   0   0   0   0   0   1   1   0   0   0   0   0   0   0   0   0   0   0   0   0   1   1   0   0   0   0   0   0   0   0   0   0   0   0   0   1   1   0   0   0   0   0   0   0   0   0   0   0   0   0   1   1   0   0   0   0   0   0   0   0   0   0   0   0   0   0   0   0   0   0   0   0   0   0   0   0   0   0   0   0   0   0   0   0   0   0   0   0   0 
  0   0   0   0   0   0   0   0   0   0   0   0   0   0   0   0   0   0   0   0   0   0   0   0   0   0   0   0   0   0   0   0   0   0   0   0   0   3   3   0   0   0   0   0   0   0   0   0   0   0   0   0   4   3   0   0   0   0   0   0   0   0   0   0   0   0   0   3   3   0   0   0   0   0   0   0   0   0   0   0   0   0   3   3   0   0   0   0   0   0   0   0   0   0   0   0   0   3   3   0   0   0   0   0   0   0   0   0   0   0   0   0   3   3   0   0   0   0   0   0   0   0   0   0   0   0   0   2   2   0   0   0   0   0   0   0   0   0   0   0   0   0   3   3   0   0   0   0   0   0   0   0   0   0   0   0   0   3   3   0   0   0   0   0   0   0   0   0   0   0   0   0   3   3   0   0   0   0   0   0   0   0   0   0   0   0   0   3   3   0   0   0   0   0   0   0   0   0   0   0   0   0   3   3   0   0   0   0   0   0   0   0   0   0   0   0   0   2   3   0   0   0   0   0   0   0   0   0   0   0   0   0   0   0   0   0   0   0   0   0   0   0   0   0   0   0   0   0   0   0   0   0   0   0   0   0 
  0   0   0   0   0   0   0   0   0   0   0   0   0   0   0   0   0   0   0   0   0   0   0   0   0   0   0   0   0   0   0   0   0   0   0   0   0   0   0   0   0   0   0   0   0   0   0   0   0   0   0   0   0   0   0   0   0   0   0   0   0   0   0   0   0   0   0   0   0   0   0   0   0   0   0   0   0   0   0   0   0   0   0   0   0   0   0   0   0   0   0   0   0   0   0   0   0   0   0   0   0   0   0   0   0   0   0   0   0   0   0   0   0   0   0   0   0   0   0   0   0   0   0   0   0   0   0   0   0   0   0   0   0   0   0   0   0   0   0   0   0   0   0   0   0   0   0   0   0   0   0   0   0   0   0   0   0   0   0   0   0   0   0   0   0   0   0   0   0   0   0   0   0   0   0   0   0   0   0   0   0   0   0   0   0   0   0   0   0   0   0   0   0   0   0   0   0   0   0   0   0   0   0   0   0   0   0   0   0   0   0   0   0   0   0   0   0   0   0   0   0   0   0   0   0   0   0   0   0   0   0   0   0   0   0   0   0   0   0   0   0   0   0   0   0   0   0   0   0   0   0   0   0   0   0   0 
  0   0   0   0   0   0   0   0   0   0   0   0   0   0   0   0   0   0   1   2   0   0   3   2   0   0   0   0   0   0   0   0   0   0   0   0   0  15  13   0   0   0   0   0   0   0   0   0   0   0   1   0  15  14   0   0   0   0   0   0   0   0   0   0   0   1   0  14  14   0   0   0   0   0   0   0   0   0   0   0   0   0  14  14   0   0   0   0   0   0   0   0   0   0   0   0   0  14  14   0   0   0   0   0   0   0   0   0   0   0   0   0  14  14   0   1   0   0   0   0   0   0   0   0   0   1   0  10  11   0   2   0   0   0   0   0   0   0   0   0   0   0  13  14   0   1   0   0   0   0   0   0   0   0   0   0   0  13  14   0   1   0   0   0   0   0   0   0   0   0   0   0  13  14   0   1   0   0   0   0   0   0   0   0   0   0   0  12  14   0   0   0   0   0   0   0   0   0   0   0   0   0  12  14   0   0   0   0   0   0   0   0   0   0   0   0   0  11  14   0   0   0   0   0   0   0   0   0   0   0   0   0   2   3   0   0   1   1   0   0   0   0   0   0   0   0   0   0   0   0   0   0   0   0   0   0 
  0   0   0   0   0   0   0   0   0   0   0   0   0   0   0   0   0   0   0   0   5  13  11   4   0   0   0   0   0   0   0   0   0   0   0   0   0   9   8   0   0   0   0   0   0   0   0   0   0   0   0   0   9   8   0   0   0   0   0   0   0   0   0   0   0   0   0   8   8   0   0   0   0   0   0   0   0   0   0   0   0   0   7   7   0   0   0   0   0   0   0   0   0   0   0   0   0   7   7   0   0   0   0   0   0   0   0   0   0   0   0   0   6   7   0   0   0   0   0   0   0   0   0   0   0   0   0   4   5   0   0   0   0   0   0   0   0   0   0   0   0   0   5   6   0   0   0   0   0   0   0   0   0   0   0   0   0   5   5   0   0   0   0   0   0   0   0   0   0   0   0   0   4   5   0   0   0   0   0   0   0   0   0   0   0   0   0   4   5   0   0   0   0   0   0   0   0   0   0   0   0   0   4   4   0   0   0   0   0   0   0   0   0   0   0   0   0   3   4   0   0   0   0   0   0   0   0   0   0   0   0   0   3   8   9   4   0   0   0   0   0   0   0   0   0   0   0   0   0   0   0   0   0   0   0   0 
  0   0   0   0   0   0   0   0   0   0   0   0   0   0   0   0   0   0   1   1   8  38  56  38  15   2   1   2   0   1   0   0   1   3   0  14   6 223 198   2  13   0   3   1   1   1   1   1   3   0  14   5 214 201   2  13   0   3   1   1   1   1   1   3   0  14   5 212 202   2  13   0   3   1   1   1   1   1   3   0  14   4 208 203   3  13   0   3   1   1   1   1   1   3   0  14   4 205 204   3  13   0   3   1   1   1   1   1   3   0  13   3 202 204   4  14   0   3   2   0   0   5   6   0   0  28   0 152 159   0  29   0   0   6   5   0   0   2   3   1  13   2 194 207   5  14   0   3   1   1   1   1   1   2   0  12   2 192 207   5  14   0   3   1   1   1   1   1   2   0  12   1 189 208   6  14   0   3   1   1   1   1   1   2   0  12   1 185 209   7  14   0   3   1   1   1   0   1   2   0  11   1 182 208   7  14   0   3   1   1   1   1   1   2   0  11   1 178 213   7  14   0   3   0   1   0   1   0   1   1   1  13  35  52  36   8   1   0   0   0   0   0   0   0   0   0   0   0   0   0   0   0   0   0   0   0 
  0   0   0   0   0   0   0   0   0   0   0   0   0   0   0   0   0   0   0   2   2  13  35  37  27   5   0   1   0   0   0   0   1   2   0  12   5 179 164   1  11   0   2   1   0   1   1   1   3   0  12   4 180 169   2  11   0   2   1   0   1   0   1   3   0  12   4 180 172   2  11   0   2   1   0   1   1   1   3   0  12   3 180 175   2  11   0   2   1   0   1   0   1   2   0  12   3 180 178   3  12   0   2   1   0   1   0   1   2   0  12   3 180 181   3  13   0   3   2   0   0   4   5   0   0  25   0 138 143   0  26   0   0   5   4   0   0   2   3   0  12   2 177 189   4  13   0   3   1   1   1   0   1   2   0  11   2 178 191   5  13   0   3   1   1   1   0   1   2   0  11   1 177 194   5  13   0   3   1   1   1   0   1   2   0  11   1 176 198   6  13   0   3   1   1   1   0   1   2   0  11   1 176 201   7  14   0   3   1   1   1   0   1   2   0  11   1 172 204   7  14   0   3   0   0   0   0   0   2   0   5  29  41  40  16   3   2   0   0   0   0   0   0   0   0   0   0   0   0   0   0   0   0   0   0   0 
  0   0   0   0   0   0   0   0   0   0   0   0   0   0   0   0   0   0   0   0   0   0   2   5   6   3   1   0   0   0   0   0   0   0   0   0   0   0   0   0   0   0   0   0   0   0   0   0   0   0   0   0   0   0   0   0   0   0   0   0   0   0   0   0   0   0   0   0   0   0   0   0   0   0   0   0   0   0   0   0   0   0   1   1   0   0   0   0   0   0   0   0   0   0   0   0   0   1   1   0   0   0   0   0   0   0   0   0   0   0   0   0   1   1   0   0   0   0   0   0   0   0   0   0   0   0   0   1   1   0   0   0   0   0   0   0   0   0   0   0   0   0   1   1   0   0   0   0   0   0   0   0   0   0   0   0   0   2   2   0   0   0   0   0   0   0   0   0   0   0   0   0   2   2   0   0   0   0   0   0   0   0   0   0   0   0   0   2   2   0   0   0   0   0   0   0   0   0   0   0   0   0   2   3   0   0   0   0   0   0   0   0   0   0   0   0   0   3   3   0   0   0   0   0   0   0   0   0   0   1   4   8   8   3   0   0   0   0   0   0   0   0   0   0   0   0   0   0   0   0   0   0   0   0   0   0 
  0   0   0   0   0   0   0   0   0   0   0   0   0   0   0   0   0   0   0   0   0   0   2   2   0   0   1   1   0   0   0   0   0   0   0   0   0  11  11   0   0   0   0   0   0   0   0   0   0   0   0   0  11  10   0   0   0   0   0   0   0   0   0   0   0   0   0  11  11   0   0   0   0   0   0   0   0   0   0   0   0   0  11  11   0   0   0   0   0   0   0   0   0   0   0   0   0  11  11   0   0   0   0   0   0   0   0   0   0   0   0   0  11  11   0   0   0   0   0   0   0   0   0   0   0   1   0   9   9   0   1   0   0   0   0   0   0   0   0   0   0   0  11  12   0   0   0   0   0   0   0   0   0   0   0   0   0  11  12   0   0   0   0   0   0   0   0   0   0   0   0   0  11  13   0   0   0   0   0   0   0   0   0   0   0   0   0  11  13   0   0   0   0   0   0   0   0   0   0   0   0   0  11  13   0   0   0   0   0   0   0   0   0   0   0   0   0  12  13   0   1   0   0   0   0   0   0   0   2   2   0   0   2   2   0   0   0   0   0   0   0   0   0   0   0   0   0   0   0   0   0   0   0   0   0   0 
  0   0   0   0   0   0   0   0   0   0   0   0   0   0   0   0   0   0   0   0   0   0   0   0   0   0   0   0   0   0   0   0   0   0   0   0   0   1   1   0   0   0   0   0   0   0   0   0   0   0   0   0   1   1   0   0   0   0   0   0   0   0   0   0   0   0   0   1   0   0   0   0   0   0   0   0   0   0   0   0   0   0   0   0   0   0   0   0   0   0   0   0   0   0   0   0   0   0   0   0   0   0   0   0   0   0   0   0   0   0   0   0   0   0   0   0   0   0   0   0   0   0   0   0   0   0   0   0   0   0   0   0   0   0   0   0   0   0   0   0   0   0   0   0   0   0   0   0   0   0   0   0   0   0   0   0   0   0   0   0   0   0   0   0   0   0   0   0   0   0   0   0   0   0   0   0   0   0   0   0   0   0   0   0   0   0   0   0   0   0   0   0   0   0   0   0   0   0   0   0   0   0   0   0   0   0   0   0   0   0   0   0   0   0   0   0   0   0   0   0   0   0   0   0   0   0   0   0   0   0   0   0   0   0   0   0   0   0   0   0   0   0   0   0   0   0   0   0   0   0   0   0   0   0   0   0 
  0   0   0   0   0   0   0   0   0   0   0   0   0   0   0   0   0   0   0   0   0   0   0   1   0   0   0   0   0   0   0   0   0   0   0   0   0   2   2   0   0   0   0   0   0   0   0   0   0   0   0   0   2   2   0   0   0   0   0   0   0   0   0   0   0   0   0   2   2   0   0   0   0   0   0   0   0   0   0   0   0   0   2   2   0   0   0   0   0   0   0   0   0   0   0   0   0   2   2   0   0   0   0   0   0   0   0   0   0   0   0   0   2   2   0   0   0   0   0   0   0   0   0   0   0   0   0   2   2   0   0   0   0   0   0   0   0   0   0   0   0   0   2   2   0   0   0   0   0   0   0   0   0   0   0   0   0   2   2   0   0   0   0   0   0   0   0   0   0   0   0   0   2   3   0   0   0   0   0   0   0   0   0   0   0   0   0   2   3   0   0   0   0   0   0   0   0   0   0   0   0   0   2   3   0   0   0   0   0   0   0   0   0   0   0   0   0   3   3   0   0   0   0   0   0   0   0   0   0   0   0   0   1   1   0   0   0   0   0   0   0   0   0   0   0   0   0   0   0   0   0   0   0   0   0   0 
  0   0   0   0   0   0   0   0   0   0   0   0   0   0   0   0   0   0   0   0   0   0   0   0   0   0   0   0   0   0   0   0   0   0   0   0   0   1   1   0   0   0   0   0   0   0   0   0   0   0   0   0   1   1   0   0   0   0   0   0   0   0   0   0   0   0   0   1   1   0   0   0   0   0   0   0   0   0   0   0   0   0   1   1   0   0   0   0   0   0   0   0   0   0   0   0   0   1   1   0   0   0   0   0   0   0   0   0   0   0   0   0   1   1   0   0   0   0   0   0   0   0   0   0   0   0   0   1   1   0   0   0   0   0   0   0   0   0   0   0   0   0   1   1   0   0   0   0   0   0   0   0   0   0   0   0   0   1   1   0   0   0   0   0   0   0   0   0   0   0   0   0   1   1   0   0   0   0   0   0   0   0   0   0   0   0   0   1   1   0   0   0   0   0   0   0   0   0   0   0   0   0   1   1   0   0   0   0   0   0   0   0   0   0   0   0   0   1   1   0   0   0   0   0   0   0   0   0   0   0   0   0   0   0   0   0   0   0   0   0   0   0   0   0   0   0   0   0   0   0   0   0   0   0   0   0 
  0   0   0   0   0   0   0   0   0   0   0   0   0   0   0   0   0   0   0   0   0   0   0   0   0   0   0   0   0   0   0   0   0   0   0   0   0   0   0   0   0   0   0   0   0   0   0   0   0   0   0   0   0   0   0   0   0   0   0   0   0   0   0   0   0   0   0   0   0   0   0   0   0   0   0   0   0   0   0   0   0   0   0   0   0   0   0   0   0   0   0   0   0   0   0   0   0   0   0   0   0   0   0   0   0   0   0   0   0   0   0   0   0   0   0   0   0   0   0   0   0   0   0   0   0   0   0   0   0   0   0   0   0   0   0   0   0   0   0   0   0   0   0   1   0   0   0   0   0   0   0   0   0   0   0   0   0   0   1   0   0   0   0   0   0   0   0   0   0   0   0   0   0   1   0   0   0   0   0   0   0   0   0   0   0   0   0   0   1   0   0   0   0   0   0   0   0   0   0   0   0   0   0   1   0   0   0   0   0   0   0   0   0   0   0   0   0   1   1   0   0   0   0   0   0   0   0   0   0   0   0   0   0   0   0   0   0   0   0   0   0   0   0   0   0   0   0   0   0   0   0   0   0   0   0   0 
  0   0   0   0   0   0   0   0   0   0   0   0   0   0   0   0   0   0   0   0   0   0   0   0   0   0   0   0   0   0   0   0   0   0   0   0   0   1   1   0   0   0   0   0   0   0   0   0   0   0   0   0   1   1   0   0   0   0   0   0   0   0   0   0   0   0   0   1   1   0   0   0   0   0   0   0   0   0   0   0   0   0   1   1   0   0   0   0   0   0   0   0   0   0   0   0   0   1   1   0   0   0   0   0   0   0   0   0   0   0   0   0   1   1   0   0   0   0   0   0   0   0   0   0   0   0   0   1   1   0   0   0   0   0   0   0   0   0   0   0   0   0   1   1   0   0   0   0   0   0   0   0   0   0   0   0   0   1   1   0   0   0   0   0   0   0   0   0   0   0   0   0   1   1   0   0   0   0   0   0   0   0   0   0   0   0   0   1   1   0   0   0   0   0   0   0   0   0   0   0   0   0   1   1   0   0   0   0   0   0   0   0   0   0   0   0   0   1   1   0   0   0   0   0   0   0   0   0   0   0   0   0   0   0   0   0   0   0   0   0   0   0   0   0   0   0   0   0   0   0   0   0   0   0   0   0 
  0   0   0   0   0   0   0   0   0   0   0   0   0   0   0   0   0   0   0   0   0   0   0   0   0   0   0   0   0   0   0   0   0   0   0   0   0   1   1   0   0   0   0   0   0   0   0   0   0   0   0   0   1   1   0   0   0   0   0   0   0   0   0   0   0   0   0   1   1   0   0   0   0   0   0   0   0   0   0   0   0   0   1   1   0   0   0   0   0   0   0   0   0   0   0   0   0   1   1   0   0   0   0   0   0   0   0   0   0   0   0   0   1   1   0   0   0   0   0   0   0   0   0   0   0   0   0   0   0   0   0   0   0   0   0   0   0   0   0   0   0   0   1   1   0   0   0   0   0   0   0   0   0   0   0   0   0   1   1   0   0   0   0   0   0   0   0   0   0   0   0   0   1   1   0   0   0   0   0   0   0   0   0   0   0   0   0   0   1   0   0   0   0   0   0   0   0   0   0   0   0   0   0   1   0   0   0   0   0   0   0   0   0   0   0   0   0   1   1   0   0   0   0   0   0   0   0   0   0   0   0   0   0   0   0   0   0   0   0   0   0   0   0   0   0   0   0   0   0   0   0   0   0   0   0   0 
  0   0   0   0   0   0   0   0   0   0   0   0   0   0   0   0   0   0   0   0   0   0   0   0   0   0   0   0   0   0   0   0   0   0   0   0   0   1   1   0   0   0   0   0   0   0   0   0   0   0   0   0   1   1   0   0   0   0   0   0   0   0   0   0   0   0   0   1   1   0   0   0   0   0   0   0   0   0   0   0   0   0   1   1   0   0   0   0   0   0   0   0   0   0   0   0   0   1   1   0   0   0   0   0   0   0   0   0   0   0   0   0   1   1   0   0   0   0   0   0   0   0   0   0   0   0   0   1   1   0   0   0   0   0   0   0   0   0   0   0   0   0   1   1   0   0   0   0   0   0   0   0   0   0   0   0   0   1   1   0   0   0   0   0   0   0   0   0   0   0   0   0   1   1   0   0   0   0   0   0   0   0   0   0   0   0   0   1   1   0   0   0   0   0   0   0   0   0   0   0   0   0   1   1   0   0   0   0   0   0   0   0   0   0   0   0   0   1   1   0   0   0   0   0   0   0   0   0   0   0   0   0   0   0   0   0   0   0   0   0   0   0   0   0   0   0   0   0   0   0   0   0   0   0   0   0 
  0   0   0   0   0   0   0   0   0   0   0   0   0   0   0   0   0   0   0   0   0   0   2   2   0   0   0   0   0   0   0   0   0   0   0   0   0   3   3   0   0   0   0   0   0   0   0   0   0   0   0   0   3   3   0   0   0   0   0   0   0   0   0   0   0   0   0   3   3   0   0   0   0   0   0   0   0   0   0   0   0   0   3   3   0   0   0   0   0   0   0   0   0   0   0   0   0   3   3   0   0   0   0   0   0   0   0   0   0   0   0   0   3   3   0   0   0   0   0   0   0   0   0   0   0   0   0   2   2   0   0   0   0   0   0   0   0   0   0   0   0   0   3   3   0   0   0   0   0   0   0   0   0   0   0   0   0   3   3   0   0   0   0   0   0   0   0   0   0   0   0   0   3   3   0   0   0   0   0   0   0   0   0   0   0   0   0   2   3   0   0   0   0   0   0   0   0   0   0   0   0   0   2   3   0   0   0   0   0   0   0   0   0   0   0   0   0   2   3   0   0   0   0   0   0   0   0   0   0   0   0   0   1   2   0   0   0   0   0   0   0   0   0   0   0   0   0   0   0   0   0   0   0   0   0   0 
  0   0   0   0   0   0   0   0   0   0   0   0   0   0   0   0   0   0   0   0   0   0   0   0   0   0   0   0   0   0   0   0   0   0   0   0   0   0   0   0   0   0   0   0   0   0   0   0   0   0   0   0   0   0   0   0   0   0   0   0   0   0   0   0   0   0   0   0   0   0   0   0   0   0   0   0   0   0   0   0   0   0   0   0   0   0   0   0   0   0   0   0   0   0   0   0   0   0   0   0   0   0   0   0   0   0   0   0   0   0   0   0   0   0   0   0   0   0   0   0   0   0   0   0   0   0   0   0   0   0   0   0   0   0   0   0   0   0   0   0   0   0   0   0   0   0   0   0   0   0   0   0   0   0   0   0   0   0   0   0   0   0   0   0   0   0   0   0   0   0   0   0   0   0   0   0   0   0   0   0   0   0   0   0   0   0   0   0   0   0   0   0   0   0   0   0   0   0   0   0   0   0   0   0   0   0   0   0   0   0   0   0   0   0   0   0   0   0   0   0   0   0   0   0   0   0   0   0   0   0   0   0   1   0   0   0   0   0   0   0   0   0   0   0   0   0   0   0   0   0   0   0   0   0   0   0 
  0   0   0   0   0   0   0   0   0   0   0   0   0   0   0   0   0   0   0   0   0   1  11  10   0   0   0   0   0   0   0   0   0   0   0   1   0  14  13   0   0   0   0   0   0   0   0   0   0   0   1   0  14  13   0   0   0   0   0   0   0   0   0   0   0   0   0  14  13   0   0   0   0   0   0   0   0   0   0   0   0   0  14  14   0   0   0   0   0   0   0   0   0   0   0   0   0  13  14   0   0   0   0   0   0   0   0   0   0   0   0   0  13  13   0   1   0   0   0   0   0   0   0   0   0   1   0  10  10   0   2   0   0   0   0   0   0   0   0   0   0   0  13  14   0   0   0   0   0   0   0   0   0   0   0   0   0  12  14   0   0   0   0   0   0   0   0   0   0   0   0   0  12  14   0   0   0   0   0   0   0   0   0   0   0   0   0  12  14   0   0   0   0   0   0   0   0   0   0   0   0   0  12  14   0   0   0   0   0   0   0   0   0   0   0   0   0  11  14   0   0   0   0   0   0   0   0   0   0   0   0   0   8  11   1   0   0   0   0   0   0   0   0   0   0   0   0   0   0   0   0   0   0   0   0   0 
  0   0   0   0   0   0   0   0   0   0   0   0   0   0   0   0   0   0   1   1   4   3  17   4   1   0   0   0   0   0   0   0   0   0   0   0   0   8   7   0   0   0   0   0   0   0   0   0   0   0   0   0   7   7   0   0   0   0   0   0   0   0   0   0   0   0   0   7   6   0   0   0   0   0   0   0   0   0   0   0   0   0   6   6   0   0   0   0   0   0   0   0   0   0   0   0   0   6   6   0   0   0   0   0   0   0   0   0   0   0   0   0   5   5   0   0   0   0   0   0   0   0   0   0   0   0   0   3   4   0   0   0   0   0   0   0   0   0   0   0   0   0   4   5   0   0   0   0   0   0   0   0   0   0   0   0   0   4   4   0   0   0   0   0   0   0   0   0   0   0   0   0   3   4   0   0   0   0   0   0   0   0   0   0   0   0   0   3   4   0   0   0   0   0   0   0   0   0   0   0   0   0   3   3   0   0   0   0   0   0   0   0   0   0   0   0   0   2   3   0   0   0   0   0   0   0   0   0   0   0   0   1   1   8   2   2   1   1   0   0   0   0   0   0   0   0   0   0   0   0   0   0   0   0   0   0 
  0   0   0   0   0   0   0   0   0   0   0   0   0   0   0   0   0   0   1   0  12  17 208 148   6   4   0   1   0   0   1   0   1   3   0  14   5 214 197   2  13   0   3   1   1   1   1   1   3   0  14   5 210 200   2  13   0   3   1   1   1   1   1   3   0  14   4 206 200   3  13   0   3   1   1   1   1   1   3   0  13   4 203 201   3  13   0   3   1   1   1   1   1   3   0  13   3 200 202   4  13   0   3   1   1   1   1   1   3   0  13   3 197 201   4  14   0   3   2   0   0   5   6   0   0  27   0 148 157   0  29   0   0   6   5   0   0   2   3   1  13   2 189 204   5  14   0   3   1   1   1   1   1   2   0  12   1 187 204   6  14   0   3   1   1   1   1   1   2   0  12   1 183 205   6  14   0   3   1   1   1   0   1   2   0  11   1 180 205   7  14   0   3   1   1   1   0   1   2   0  11   1 177 205   8  14   0   3   1   1   1   0   1   2   0  11   0 172 207   8  14   0   3   1   1   1   0   0   1   0   4   4 126 193  21  10   0   1   0   0   0   0   0   0   0   0   0   0   0   0   0   0   0   0   0   0 
  0   0   0   0   0   0   0   0   0   0   0   0   0   0   0   0   0   0   0   1   4  10 143 148   9   9   0   2   0   0   1   0   1   2   0  12   4 186 170   2  11   0   2   1   0   1   1   1   3   0  12   4 183 174   2  11   0   2   1   0   1   1   1   3   0  12   4 184 177   2  12   0   2   1   0   1   1   1   3   0  12   3 183 181   3  12   0   2   1   1   1   1   1   2   0  12   3 183 184   3  12   0   3   1   1   1   0   1   2   0  12   2 182 186   4  13   0   3   2   0   0   4   6   0   0  26   0 139 146   0  27   0   0   6   4   0   0   2   3   0  12   2 180 194   5  13   0   3   1   1   1   0   1   2   0  12   1 180 197   5  13   0   3   1   1   1   0   1   2   0  11   1 180 200   6  13   0   3   1   1   1   0   1   2   0  11   1 179 204   7  14   0   3   1   1   1   0   1   2   0  11   1 178 206   8  14   0   3   1   1   1   0   1   2   1  11   0 176 211   8  14   0   3   1   1   0   0   0   2   0  10   8 156 168  13   5   1   0   0   0   0   0   0   0   0   0   0   0   0   0   0   0   0   0   0   0 
  0   0   0   0   0   0   0   0   0   0   0   0   0   0   0   0   0   0   0   0   0   0   0   4   2   2   1   0   0   0   0   0   0   0   0   0   0   1   0   0   0   0   0   0   0   0   0   0   0   0   0   0   1   1   0   0   0   0   0   0   0   0   0   0   0   0   0   1   1   0   0   0   0   0   0   0   0   0   0   0   0   0   1   1   0   0   0   0   0   0   0   0   0   0   0   0   0   1   1   0   0   0   0   0   0   0   0   0   0   0   0   0   2   2   0   0   0   0   0   0   0   0   0   0   0   0   0   1   1   0   0   0   0   0   0   0   0   0   0   0   0   0   2   2   0   0   0   0   0   0   0   0   0   0   0   0   0   2   2   0   0   0   0   0   0   0   0   0   0   0   0   0   2   3   0   0   0   0   0   0   0   0   0   0   0   0   0   3   3   0   0   0   0   0   0   0   0   0   0   0   0   0   3   4   0   0   0   0   0   0   0   0   0   0   0   0   0   3   4   0   0   0   0   0   0   0   0   0   1   1   4   3  10   3   0   0   0   0   0   0   0   0   0   0   0   0   0   0   0   0   0   0   0   0   0   0 
  0   0   0   0   0   0   0   0   0   0   0   0   0   0   0   0   0   0   0   0   0   0   8   9   0   0   0   0   0   0   0   0   0   0   0   0   0  11  11   0   0   0   0   0   0   0   0   0   0   0   0   0  12  11   0   0   0   0   0   0   0   0   0   0   0   0   0  12  11   0   0   0   0   0   0   0   0   0   0   0   0   0  12  12   0   0   0   0   0   0   0   0   0   0   0   0   0  12  12   0   0   0   0   0   0   0   0   0   0   0   0   0  12  12   0   0   0   0   0   0   0   0   0   0   0   1   0   9   9   0   1   0   0   0   0   0   0   0   0   0   0   0  12  13   0   0   0   0   0   0   0   0   0   0   0   0   0  12  13   0   0   0   0   0   0   0   0   0   0   0   0   0  12  13   0   0   0   0   0   0   0   0   0   0   0   0   0  12  13   0   0   0   0   0   0   0   0   0   0   0   0   0  12  14   0   0   0   0   0   0   0   0   0   0   0   0   0  12  14   0   1   0   0   0   0   0   0   0   0   0   0   0   9  10   0   0   0   0   0   0   0   0   0   0   0   0   0   0   0   0   0   0   0   0   0   0 
  0   0   0   0   0   0   0   0   0   0   0   0   0   0   0   0   0   0   0   0   0   0   1   0   0   0   0   0   0   0   0   0   0   0   0   0   0   1   0   0   0   0   0   0   0   0   0   0   0   0   0   0   0   0   0   0   0   0   0   0   0   0   0   0   0   0   0   0   0   0   0   0   0   0   0   0   0   0   0   0   0   0   0   0   0   0   0   0   0   0   0   0   0   0   0   0   0   0   0   0   0   0   0   0   0   0   0   0   0   0   0   0   0   0   0   0   0   0   0   0   0   0   0   0   0   0   0   0   0   0   0   0   0   0   0   0   0   0   0   0   0   0   0   0   0   0   0   0   0   0   0   0   0   0   0   0   0   0   0   0   0   0   0   0   0   0   0   0   0   0   0   0   0   0   0   0   0   0   0   0   0   0   0   0   0   0   0   0   0   0   0   0   0   0   0   0   0   0   0   0   0   0   0   0   0   0   0   0   0   0   0   0   0   0   0   0   0   0   0   0   0   0   0   0   0   0   0   0   0   0   0   0   0   0   0   0   0   0   0   0   0   0   0   0   0   0   0   0   0   0   0   0   0   0   0   0 
  0   0   0   0   0   0   0   0   0   0   0   0   0   0   0   0   0   0   0   0   0   0   1   2   0   0   0   0   0   0   0   0   0   0   0   0   0   2   2   0   0   0   0   0   0   0   0   0   0   0   0   0   2   2   0   0   0   0   0   0   0   0   0   0   0   0   0   2   2   0   0   0   0   0   0   0   0   0   0   0   0   0   2   2   0   0   0   0   0   0   0   0   0   0   0   0   0   2   2   0   0   0   0   0   0   0   0   0   0   0   0   0   2   2   0   0   0   0   0   0   0   0   0   0   0   0   0   2   2   0   0   0   0   0   0   0   0   0   0   0   0   0   2   3   0   0   0   0   0   0   0   0   0   0   0   0   0   2   3   0   0   0   0   0   0   0   0   0   0   0   0   0   2   3   0   0   0   0   0   0   0   0   0   0   0   0   0   2   3   0   0   0   0   0   0   0   0   0   0   0   0   0   2   3   0   0   0   0   0   0   0   0   0   0   0   0   0   2   3   0   0   0   0   0   0   0   0   0   0   0   0   0   2   2   0   0   0   0   0   0   0   0   0   0   0   0   0   0   0   0   0   0   0   0   0   0 
  0   0   0   0   0   0   0   0   0   0   0   0   0   0   0   0   0   0   0   0   0   0   1   1   0   0   0   0   0   0   0   0   0   0   0   0   0   1   1   0   0   0   0   0   0   0   0   0   0   0   0   0   1   1   0   0   0   0   0   0   0   0   0   0   0   0   0   1   1   0   0   0   0   0   0   0   0   0   0   0   0   0   1   1   0   0   0   0   0   0   0   0   0   0   0   0   0   1   1   0   0   0   0   0   0   0   0   0   0   0   0   0   1   1   0   0   0   0   0   0   0   0   0   0   0   0   0   1   1   0   0   0   0   0   0   0   0   0   0   0   0   0   1   1   0   0   0   0   0   0   0   0   0   0   0   0   0   1   1   0   0   0   0   0   0   0   0   0   0   0   0   0   1   1   0   0   0   0   0   0   0   0   0   0   0   0   0   1   1   0   0   0   0   0   0   0   0   0   0   0   0   0   1   1   0   0   0   0   0   0   0   0   0   0   0   0   0   1   1   0   0   0   0   0   0   0   0   0   0   0   0   0   0   1   0   0   0   0   0   0   0   0   0   0   0   0   0   0   0   0   0   0   0   0   0   0 
  0   0   0   0   0   0   0   0   0   0   0   0   0   0   0   0   0   0   0   0   0   0   0   1   0   0   0   0   0   0   0   0   0   0   0   0   0   0   0   0   0   0   0   0   0   0   0   0   0   0   0   0   0   0   0   0   0   0   0   0   0   0   0   0   0   0   0   0   0   0   0   0   0   0   0   0   0   0   0   0   0   0   0   0   0   0   0   0   0   0   0   0   0   0   0   0   0   0   0   0   0   0   0   0   0   0   0   0   0   0   0   0   0   1   0   0   0   0   0   0   0   0   0   0   0   0   0   0   0   0   0   0   0   0   0   0   0   0   0   0   0   0   1   1   0   0   0   0   0   0   0   0   0   0   0   0   0   0   1   0   0   0   0   0   0   0   0   0   0   0   0   0   0   1   0   0   0   0   0   0   0   0   0   0   0   0   0   0   1   0   0   0   0   0   0   0   0   0   0   0   0   0   0   1   0   0   0   0   0   0   0   0   0   0   0   0   0   0   1   0   0   0   0   0   0   0   0   0   0   0   0   0   0   0   0   0   0   0   0   0   0   0   0   0   0   0   0   0   0   0   0   0   0   0   0   0 
  0   0   0   0   0   0   0   0   0   0   0   0   0   0   0   0   0   0   0   0   0   0   1   1   0   0   0   0   0   0   0   0   0   0   0   0   0   1   1   0   0   0   0   0   0   0   0   0   0   0   0   0   1   1   0   0   0   0   0   0   0   0   0   0   0   0   0   1   1   0   0   0   0   0   0   0   0   0   0   0   0   0   1   1   0   0   0   0   0   0   0   0   0   0   0   0   0   1   1   0   0   0   0   0   0   0   0   0   0   0   0   0   1   1   0   0   0   0   0   0   0   0   0   0   0   0   0   1   1   0   0   0   0   0   0   0   0   0   0   0   0   0   1   1   0   0   0   0   0   0   0   0   0   0   0   0   0   1   1   0   0   0   0   0   0   0   0   0   0   0   0   0   1   1   0   0   0   0   0   0   0   0   0   0   0   0   0   1   1   0   0   0   0   0   0   0   0   0   0   0   0   0   1   1   0   0   0   0   0   0   0   0   0   0   0   0   0   1   1   0   0   0   0   0   0   0   0   0   0   0   0   0   1   1   0   0   0   0   0   0   0   0   0   0   0   0   0   0   0   0   0   0   0   0   0   0 
  0   0   0   0   0   0   0   0   0   0   0   0   0   0   0   0   0   0   0   0   0   0   1   1   0   0   0   0   0   0   0   0   0   0   0   0   0   1   1   0   0   0   0   0   0   0   0   0   0   0   0   0   1   1   0   0   0   0   0   0   0   0   0   0   0   0   0   1   1   0   0   0   0   0   0   0   0   0   0   0   0   0   1   1   0   0   0   0   0   0   0   0   0   0   0   0   0   1   1   0   0   0   0   0   0   0   0   0   0   0   0   0   1   1   0   0   0   0   0   0   0   0   0   0   0   0   0   0   0   0   0   0   0   0   0   0   0   0   0   0   0   0   1   1   0   0   0   0   0   0   0   0   0   0   0   0   0   1   1   0   0   0   0   0   0   0   0   0   0   0   0   0   0   1   0   0   0   0   0   0   0   0   0   0   0   0   0   0   1   0   0   0   0   0   0   0   0   0   0   0   0   0   0   1   0   0   0   0   0   0   0   0   0   0   0   0   0   0   1   0   0   0   0   0   0   0   0   0   0   0   0   0   0   0   0   0   0   0   0   0   0   0   0   0   0   0   0   0   0   0   0   0   0   0   0   0 
  0   0   0   0   0   0   0   0   0   0   0   0   0   0   0   0   0   0   0   0   0   0   1   1   0   0   0   0   0   0   0   0   0   0   0   0   0   1   1   0   0   0   0   0   0   0   0   0   0   0   0   0   1   1   0   0   0   0   0   0   0   0   0   0   0   0   0   1   1   0   0   0   0   0   0   0   0   0   0   0   0   0   1   1   0   0   0   0   0   0   0   0   0   0   0   0   0   1   1   0   0   0   0   0   0   0   0   0   0   0   0   0   1   1   0   0   0   0   0   0   0   0   0   0   0   0   0   1   1   0   0   0   0   0   0   0   0   0   0   0   0   0   1   1   0   0   0   0   0   0   0   0   0   0   0   0   0   1   1   0   0   0   0   0   0   0   0   0   0   0   0   0   1   1   0   0   0   0   0   0   0   0   0   0   0   0   0   1   1   0   0   0   0   0   0   0   0   0   0   0   0   0   1   1   0   0   0   0   0   0   0   0   0   0   0   0   0   1   1   0   0   0   0   0   0   0   0   0   0   0   0   0   1   1   0   0   0   0   0   0   0   0   0   0   0   0   0   0   0   0   0   0   0   0   0   0 
  0   0   0   0   0   0   0   0   0   0   0   0   0   0   0   0   0   0   0   0   0   0   3   3   0   0   0   0   0   0   0   0   0   0   0   0   0   3   3   0   0   0   0   0   0   0   0   0   0   0   0   0   3   3   0   0   0   0   0   0   0   0   0   0   0   0   0   3   3   0   0   0   0   0   0   0   0   0   0   0   0   0   3   3   0   0   0   0   0   0   0   0   0   0   0   0   0   3   3   0   0   0   0   0   0   0   0   0   0   0   0   0   3   3   0   0   0   0   0   0   0   0   0   0   0   0   0   2   2   0   0   0   0   0   0   0   0   0   0   0   0   0   3   3   0   0   0   0   0   0   0   0   0   0   0   0   0   2   3   0   0   0   0   0   0   0   0   0   0   0   0   0   2   3   0   0   0   0   0   0   0   0   0   0   0   0   0   2   3   0   0   0   0   0   0   0   0   0   0   0   0   0   2   3   0   0   0   0   0   0   0   0   0   0   0   0   0   2   3   0   0   0   0   0   0   0   0   0   0   0   0   0   2   2   0   0   0   0   0   0   0   0   0   0   0   0   0   0   0   0   0   0   0   0   0   0 
  0   0   0   0   0   0   0   0   0   0   0   0   0   0   0   0   0   0   0   0   0   0   0   0   0   0   0   0   0   0   0   0   0   0   0   0   0   0   0   0   0   0   0   0   0   0   0   0   0   0   0   0   0   0   0   0   0   0   0   0   0   0   0   0   0   0   0   0   0   0   0   0   0   0   0   0   0   0   0   0   0   0   0   0   0   0   0   0   0   0   0   0   0   0   0   0   0   0   0   0   0   0   0   0   0   0   0   0   0   0   0   0   0   0   0   0   0   0   0   0   0   0   0   0   0   0   0   0   0   0   0   0   0   0   0   0   0   0   0   0   0   0   0   0   0   0   0   0   0   0   0   0   0   0   0   0   0   0   0   0   0   0   0   0   0   0   0   0   0   0   0   0   0   0   0   0   0   0   0   0   0   0   0   0   0   0   0   0   0   0   0   0   0   0   0   0   0   0   0   0   0   0   0   0   0   0   0   0   0   0   0   0   0   0   0   0   0   0   0   0   0   0   0   0   0   0   0   0   0   0   0   0   0   0   0   0   0   0   0   0   0   0   0   0   0   0   0   0   0   0   0   0   0   0   0   0 
  0   0   0   0   0   0   1   1   0   0   0   0   0   0   0   0   0   0   0   0   0   0  16  11   0   1   0   0   0   0   0   0   0   0   0   1   0  14  13   0   0   0   0   0   0   0   0   0   0   0   0   0  14  13   0   0   0   0   0   0   0   0   0   0   0   0   0  13  13   0   0   0   0   0   0   0   0   0   0   0   0   0  13  13   0   0   0   0   0   0   0   0   0   0   0   0   0  13  13   0   0   0   0   0   0   0   0   0   0   0   0   0  13  13   0   1   0   0   0   0   0   0   0   0   0   1   0  10  10   0   1   0   0   0   0   0   0   0   0   0   0   0  12  13   0   0   0   0   0   0   0   0   0   0   0   0   0  12  13   0   0   0   0   0   0   0   0   0   0   0   0   0  12  13   0   0   0   0   0   0   0   0   0   0   0   0   0  11  13   0   0   0   0   0   0   0   0   0   0   0   0   0  11  13   0   0   0   0   0   0   0   0   0   0   0   0   0  11  13   0   0   0   0   0   0   0   0   0   0   0   0   0  10  13   0   1   0   0   0   0   0   0   0   0   0   0   0   0   0   1   0   0   0   0   0   0 
  0   0   1   1   2   3   3   2   1   0   0   0   0   0   0   0   0   0   0   0   0   0   7   6   0   0   0   0   0   0   0   0   0   0   0   0   0   6   6   0   0   0   0   0   0   0   0   0   0   0   0   0   6   5   0   0   0   0   0   0   0   0   0   0   0   0   0   5   5   0   0   0   0   0   0   0   0   0   0   0   0   0   5   5   0   0   0   0   0   0   0   0   0   0   0   0   0   4   4   0   0   0   0   0   0   0   0   0   0   0   0   0   4   4   0   0   0   0   0   0   0   0   0   0   0   0   0   3   3   0   0   0   0   0   0   0   0   0   0   0   0   0   3   4   0   0   0   0   0   0   0   0   0   0   0   0   0   3   3   0   0   0   0   0   0   0   0   0   0   0   0   0   2   3   0   0   0   0   0   0   0   0   0   0   0   0   0   2   3   0   0   0   0   0   0   0   0   0   0   0   0   0   2   2   0   0   0   0   0   0   0   0   0   0   0   0   0   2   2   0   0   0   0   0   0   0   0   0   0   0   0   0   1   2   0   0   0   0   0   0   0   0   0   0   0   0   0   1   1   1   1   1   0   0   0   0 
  0   0   0   2   7  15  20  17  12  11   6   1   1   0   0   1   1   1   3   0  14   5 214 192   2  13   0   3   1   1   1   1   1   3   0  14   5 207 197   2  13   0   3   1   1   1   1   1   3   0  14   4 205 197   2  13   0   3   1   1   1   1   1   3   0  13   4 201 198   3  13   0   3   1   1   1   1   1   3   0  13   3 198 198   3  13   0   3   1   1   1   1   1   3   0  13   3 195 199   4  13   0   3   1   1   1   1   1   3   0  13   2 191 198   5  14   0   3   2   0   0   4   6   0   0  26   0 141 151   0  28   0   0   6   5   0   0   2   3   0  12   2 183 200   5  14   0   3   1   1   1   0   1   2   0  12   1 181 201   6  14   0   3   1   1   1   0   1   2   0  11   1 178 202   7  14   0   3   1   1   1   0   1   2   0  11   1 175 202   7  14   0   3   1   1   1   0   1   2   0  11   0 171 202   8  14   0   3   1   1   1   0   1   2   1  10   0 169 202   9  14   0   3   1   1   1   0   1   2   1  10   0 163 204   9  14   0   3   0   1   1   1   0   1   1   5  10  11  15  17  12   5   1   0   0   0 
  0   0   0   0   2   6  12  13  11  12   9   3   3   0   0   0   0   1   3   0  12   5 188 172   2  12   0   2   1   0   1   1   1   3   0  13   4 187 177   2  11   0   2   1   0   1   1   1   3   0  12   4 187 179   2  12   0   2   1   1   1   1   1   3   0  12   3 186 183   3  12   0   2   1   1   1   1   1   3   0  12   3 186 186   3  12   0   3   1   1   1   1   1   3   0  12   3 185 190   4  13   0   3   1   1   1   1   1   2   0  12   2 186 192   4  14   0   3   2   0   0   4   6   0   0  27   0 143 153   1  29   0   0   6   5   0   0   2   3   1  12   2 184 200   5  13   0   3   1   1   1   0   1   2   0  12   1 183 202   6  14   0   3   1   1   1   0   1   2   0  12   1 182 206   7  14   0   3   1   1   1   0   1   2   0  11   1 181 209   7  14   0   3   1   1   1   0   1   2   1  11   0 180 212   8  14   0   3   1   1   1   0   1   2   1  11   0 179 214   9  15   0   3   1   1   1   0   1   2   1  11   0 177 219  10  14   0   3   0   1   1   0   0   4   5  12  15  12  15  13   7   2   0   0   0   0 
  0   0   0   0   0   0   0   0   1   1   1   1   0   0   0   0   0   0   0   0   0   0   1   1   0   0   0   0   0   0   0   0   0   0   0   0   0   1   1   0   0   0   0   0   0   0   0   0   0   0   0   0   1   1   0   0   0   0   0   0   0   0   0   0   0   0   0   2   2   0   0   0   0   0   0   0   0   0   0   0   0   0   2   2   0   0   0   0   0   0   0   0   0   0   0   0   0   2   2   0   0   0   0   0   0   0   0   0   0   0   0   0   2   2   0   0   0   0   0   0   0   0   0   0   0   0   0   2   2   0   0   0   0   0   0   0   0   0   0   0   0   0   3   3   0   0   0   0   0   0   0   0   0   0   0   0   0   3   3   0   0   0   0   0   0   0   0   0   0   0   0   0   3   4   0   0   0   0   0   0   0   0   0   0   0   0   0   4   4   0   0   0   0   0   0   0   0   0   0   0   0   0   4   5   0   0   0   0   0   0   0   0   0   0   0   0   0   4   5   0   0   0   0   0   0   0   0   0   0   0   0   0   4   6   0   0   0   0   0   0   0   0   0   1   2   2   2   1   1   0   0   0   0   0   0   0 
  0   0   0   0   0   0   0   0   0   0   0   0   0   0   0   0   0   0   0   0   0   0  12  11   0   0   0   0   0   0   0   0   0   0   0   0   0  12  11   0   0   0   0   0   0   0   0   0   0   0   0   0  12  12   0   0   0   0   0   0   0   0   0   0   0   0   0  12  12   0   0   0   0   0   0   0   0   0   0   0   0   0  12  12   0   0   0   0   0   0   0   0   0   0   0   0   0  12  12   0   0   0   0   0   0   0   0   0   0   0   0   0  12  12   0   0   0   0   0   0   0   0   0   0   0   1   0   9   9   0   1   0   0   0   0   0   0   0   0   0   0   0  12  13   0   1   0   0   0   0   0   0   0   0   0   0   0  12  13   0   0   0   0   0   0   0   0   0   0   0   0   0  12  14   0   0   0   0   0   0   0   0   0   0   0   0   0  12  14   0   1   0   0   0   0   0   0   0   0   0   0   0  12  14   0   1   0   0   0   0   0   0   0   0   0   0   0  12  14   0   1   0   0   0   0   0   0   0   0   0   0   0  12  15   0   1   0   0   0   0   0   0   0   0   0   0   0   0   0   0   0   0   0   0   0   0 
  0   0   0   0   0   0   0   0   0   0   0   0   0   0   0   0   0   0   0   0   0   0   0   0   0   0   0   0   0   0   0   0   0   0   0   0   0   0   0   0   0   0   0   0   0   0   0   0   0   0   0   0   0   0   0   0   0   0   0   0   0   0   0   0   0   0   0   0   0   0   0   0   0   0   0   0   0   0   0   0   0   0   0   0   0   0   0   0   0   0   0   0   0   0   0   0   0   0   0   0   0   0   0   0   0   0   0   0   0   0   0   0   0   0   0   0   0   0   0   0   0   0   0   0   0   0   0   0   0   0   0   0   0   0   0   0   0   0   0   0   0   0   0   0   0   0   0   0   0   0   0   0   0   0   0   0   0   0   0   0   0   0   0   0   0   0   0   0   0   0   0   0   0   0   0   0   0   0   0   0   0   0   0   0   0   0   0   0   0   0   0   0   0   0   0   0   0   0   0   0   0   0   0   0   0   0   0   0   0   0   0   0   0   0   0   0   0   0   0   0   0   0   0   0   0   0   0   0   0   0   0   0   0   0   0   0   0   0   0   0   0   0   0   0   0   0   0   0   0   0   0   0   0   0   0   0 
  0   0   0   0   0   0   0   0   0   0   0   0   0   0   0   0   0   0   0   0   0   0   2   2   0   0   0   0   0   0   0   0   0   0   0   0   0   2   2   0   0   0   0   0   0   0   0   0   0   0   0   0   2   2   0   0   0   0   0   0   0   0   0   0   0   0   0   2   2   0   0   0   0   0   0   0   0   0   0   0   0   0   2   2   0   0   0   0   0   0   0   0   0   0   0   0   0   2   2   0   0   0   0   0   0   0   0   0   0   0   0   0   2   2   0   0   0   0   0   0   0   0   0   0   0   0   0   1   2   0   0   0   0   0   0   0   0   0   0   0   0   0   2   2   0   0   0   0   0   0   0   0   0   0   0   0   0   2   3   0   0   0   0   0   0   0   0   0   0   0   0   0   3   3   0   0   0   0   0   0   0   0   0   0   0   0   0   3   3   0   0   0   0   0   0   0   0   0   0   0   0   0   3   3   0   0   0   0   0   0   0   0   0   0   0   0   0   3   3   0   0   0   0   0   0   0   0   0   0   0   0   0   3   3   0   0   0   0   0   0   0   0   0   0   0   0   0   0   0   0   0   0   0   0   0   0 
  0   0   0   0   0   0   0   0   0   0   0   0   0   0   0   0   0   0   0   0   0   0   1   1   0   0   0   0   0   0   0   0   0   0   0   0   0   1   1   0   0   0   0   0   0   0   0   0   0   0   0   0   1   1   0   0   0   0   0   0   0   0   0   0   0   0   0   1   1   0   0   0   0   0   0   0   0   0   0   0   0   0   1   1   0   0   0   0   0   0   0   0   0   0   0   0   0   1   1   0   0   0   0   0   0   0   0   0   0   0   0   0   1   1   0   0   0   0   0   0   0   0   0   0   0   0   0   0   0   0   0   0   0   0   0   0   0   0   0   0   0   0   1   1   0   0   0   0   0   0   0   0   0   0   0   0   0   1   1   0   0   0   0   0   0   0   0   0   0   0   0   0   1   1   0   0   0   0   0   0   0   0   0   0   0   0   0   1   1   0   0   0   0   0   0   0   0   0   0   0   0   0   1   1   0   0   0   0   0   0   0   0   0   0   0   0   0   1   1   0   0   0   0   0   0   0   0   0   0   0   0   0   1   1   0   0   0   0   0   0   0   0   0   0   0   0   0   0   0   0   0   0   0   0   0   0 
  0   0   0   0   0   0   0   0   0   0   0   0   0   0   0   0   0   0   0   0   0   0   1   0   0   0   0   0   0   0   0   0   0   0   0   0   0   0   0   0   0   0   0   0   0   0   0   0   0   0   0   0   0   0   0   0   0   0   0   0   0   0   0   0   0   0   0   0   0   0   0   0   0   0   0   0   0   0   0   0   0   0   0   1   0   0   0   0   0   0   0   0   0   0   0   0   0   1   1   0   0   0   0   0   0   0   0   0   0   0   0   0   0   0   0   0   0   0   0   0   0   0   0   0   0   0   0   0   1   0   0   0   0   0   0   0   0   0   0   0   0   0   0   1   0   0   0   0   0   0   0   0   0   0   0   0   0   0   1   0   0   0   0   0   0   0   0   0   0   0   0   0   0   1   0   0   0   0   0   0   0   0   0   0   0   0   0   0   1   0   0   0   0   0   0   0   0   0   0   0   0   0   0   1   0   0   0   0   0   0   0   0   0   0   0   0   0   0   1   0   0   0   0   0   0   0   0   0   0   0   0   0   1   1   0   0   0   0   0   0   0   0   0   0   0   0   0   0   0   0   0   0   0   0   0   0 
  0   0   0   0   0   0   0   0   0   0   0   0   0   0   0   0   0   0   0   0   0   0   1   1   0   0   0   0   0   0   0   0   0   0   0   0   0   1   1   0   0   0   0   0   0   0   0   0   0   0   0   0   1   1   0   0   0   0   0   0   0   0   0   0   0   0   0   1   1   0   0   0   0   0   0   0   0   0   0   0   0   0   1   1   0   0   0   0   0   0   0   0   0   0   0   0   0   1   1   0   0   0   0   0   0   0   0   0   0   0   0   0   1   1   0   0   0   0   0   0   0   0   0   0   0   0   0   1   1   0   0   0   0   0   0   0   0   0   0   0   0   0   1   1   0   0   0   0   0   0   0   0   0   0   0   0   0   1   1   0   0   0   0   0   0   0   0   0   0   0   0   0   1   1   0   0   0   0   0   0   0   0   0   0   0   0   0   1   1   0   0   0   0   0   0   0   0   0   0   0   0   0   1   1   0   0   0   0   0   0   0   0   0   0   0   0   0   1   1   0   0   0   0   0   0   0   0   0   0   0   0   0   1   1   0   0   0   0   0   0   0   0   0   0   0   0   0   0   0   0   0   0   0   0   0   0 
  0   0   0   0   0   0   0   0   0   0   0   0   0   0   0   0   0   0   0   0   0   0   1   1   0   0   0   0   0   0   0   0   0   0   0   0   0   1   1   0   0   0   0   0   0   0   0   0   0   0   0   0   1   1   0   0   0   0   0   0   0   0   0   0   0   0   0   1   1   0   0   0   0   0   0   0   0   0   0   0   0   0   1   1   0   0   0   0   0   0   0   0   0   0   0   0   0   1   1   0   0   0   0   0   0   0   0   0   0   0   0   0   0   0   0   0   0   0   0   0   0   0   0   0   0   0   0   0   0   0   0   0   0   0   0   0   0   0   0   0   0   0   0   0   0   0   0   0   0   0   0   0   0   0   0   0   0   0   1   0   0   0   0   0   0   0   0   0   0   0   0   0   0   1   0   0   0   0   0   0   0   0   0   0   0   0   0   0   1   0   0   0   0   0   0   0   0   0   0   0   0   0   0   1   0   0   0   0   0   0   0   0   0   0   0   0   0   0   1   0   0   0   0   0   0   0   0   0   0   0   0   0   0   1   0   0   0   0   0   0   0   0   0   0   0   0   0   0   0   0   0   0   0   0   0   0 
  0   0   0   0   0   0   0   0   0   0   0   0   0   0   0   0   0   0   0   0   0   0   1   1   0   0   0   0   0   0   0   0   0   0   0   0   0   1   1   0   0   0   0   0   0   0   0   0   0   0   0   0   1   1   0   0   0   0   0   0   0   0   0   0   0   0   0   1   1   0   0   0   0   0   0   0   0   0   0   0   0   0   1   1   0   0   0   0   0   0   0   0   0   0   0   0   0   1   1   0   0   0   0   0   0   0   0   0   0   0   0   0   0   1   0   0   0   0   0   0   0   0   0   0   0   0   0   0   0   0   0   0   0   0   0   0   0   0   0   0   0   0   1   0   0   0   0   0   0   0   0   0   0   0   0   0   0   1   1   0   0   0   0   0   0   0   0   0   0   0   0   0   1   1   0   0   0   0   0   0   0   0   0   0   0   0   0   1   1   0   0   0   0   0   0   0   0   0   0   0   0   0   1   1   0   0   0   0   0   0   0   0   0   0   0   0   0   1   1   0   0   0   0   0   0   0   0   0   0   0   0   0   1   1   0   0   0   0   0   0   0   0   0   0   0   0   0   0   0   0   0   0   0   0   0   0 
  0   0   0   0   0   0   0   0   0   0   0   0   0   0   0   0   0   0   0   0   0   0   3   3   0   0   0   0   0   0   0   0   0   0   0   0   0   3   3   0   0   0   0   0   0   0   0   0   0   0   0   0   3   3   0   0   0   0   0   0   0   0   0   0   0   0   0   3   3   0   0   0   0   0   0   0   0   0   0   0   0   0   3   3   0   0   0   0   0   0   0   0   0   0   0   0   0   3   3   0   0   0   0   0   0   0   0   0   0   0   0   0   2   1   0   0   0   0   0   0   0   0   0   0   0   0   0   0   0   0   0   0   0   0   0   0   0   0   0   0   0   0   1   2   0   0   0   0   0   0   0   0   0   0   0   0   0   2   3   0   0   0   0   0   0   0   0   0   0   0   0   0   2   3   0   0   0   0   0   0   0   0   0   0   0   0   0   2   3   0   0   0   0   0   0   0   0   0   0   0   0   0   2   2   0   0   0   0   0   0   0   0   0   0   0   0   0   2   2   0   0   0   0   0   0   0   0   0   0   0   0   0   2   2   0   0   0   0   0   0   0   0   0   0   0   0   0   0   0   0   0   0   0   0   0   0 
  0   0   0   0   0   0   0   0   0   0   0   0   0   0   0   0   0   0   0   0   0   0   0   0   0   0   0   0   0   0   0   0   0   0   0   0   0   0   0   0   0   0   0   0   0   0   0   0   0   0   0   0   0   0   0   0   0   0   0   0   0   0   0   0   0   0   0   0   0   0   0   0   0   0   0   0   0   0   0   0   0   0   0   0   0   0   0   0   0   0   0   0   0   0   0   0   0   0   0   0   0   0   0   0   0   0   0   0   0   0   0   0   0   0   0   0   0   0   0   0   0   0   0   0   0   0   0   2   2   0   0   0   0   0   0   0   0   0   0   0   0   0   0   0   0   0   0   0   0   0   0   0   0   0   0   0   0   0   0   0   0   0   0   0   0   0   0   0   0   0   0   0   0   0   0   0   0   0   0   0   0   0   0   0   0   0   0   0   0   0   0   0   0   0   0   0   0   0   0   0   0   0   0   0   0   0   0   0   0   0   0   0   0   0   0   0   0   0   0   0   0   0   0   0   0   0   0   0   0   0   0   0   0   1   0   0   0   0   0   0   0   0   0   0   0   0   0   0   0   0   0   0   0   0   0   0 
  0   0   0   0   0   0   3   3   2   1   0   0   0   0   0   0   0   0   0   0   0   0  14  13   0   0   0   0   0   0   0   0   0   0   0   0   0  14  13   0   0   0   0   0   0   0   0   0   0   0   0   0  13  13   0   0   0   0   0   0   0   0   0   0   0   0   0  13  13   0   0   0   0   0   0   0   0   0   0   0   0   0  13  13   0   0   0   0   0   0   0   0   0   0   0   0   0  13  13   0   1   0   0   0   0   0   0   0   0   0   1   1   4   6   0   1   0   0   0   0   0   0   0   0   0   1   0   7   8   0   1   0   0   0   0   0   0   0   0   0   1   0   6   4   1   2   0   0   0   0   0   0   0   0   0   0   0  11  13   0   0   0   0   0   0   0   0   0   0   0   0   0  11  13   0   0   0   0   0   0   0   0   0   0   0   0   0  11  13   0   0   0   0   0   0   0   0   0   0   0   0   0  11  13   0   0   0   0   0   0   0   0   0   0   0   0   0  10  13   0   0   0   0   0   0   0   0   0   0   0   0   0  10  13   0   0   0   0   0   0   0   0   0   0   0   0   1   2   2   2   0   0   0   0   0   0 
  0   0   0   0   0   1   2   2   1   0   0   0   0   0   0   0   0   0   0   0   0   0   5   5   0   0   0   0   0   0   0   0   0   0   0   0   0   5   5   0   0   0   0   0   0   0   0   0   0   0   0   0   4   4   0   0   0   0   0   0   0   0   0   0   0   0   0   4   4   0   0   0   0   0   0   0   0   0   0   0   0   0   4   4   0   0   0   0   0   0   0   0   0   0   0   0   0   3   4   0   0   0   0   0   0   0   0   0   0   0   1   9  17   5   2   0   0   0   0   0   0   0   0   0   0   3   0  15  16   0   3   0   0   0   0   0   0   0   0   0   0   2   4  16  10   1   0   0   0   0   0   0   0   0   0   0   0   2   2   0   0   0   0   0   0   0   0   0   0   0   0   0   2   2   0   0   0   0   0   0   0   0   0   0   0   0   0   1   2   0   0   0   0   0   0   0   0   0   0   0   0   0   1   2   0   0   0   0   0   0   0   0   0   0   0   0   0   1   1   0   0   0   0   0   0   0   0   0   0   0   0   0   1   1   0   0   0   0   0   0   0   0   0   0   0   0   0   0   0   0   0   0   0   0   0   0 
  0   1   2   1   0  13  41  53  39  25   6   0   1   1   1   0   0   1   3   0  14   5 206 193   2  13   0   3   1   1   1   1   1   3   0  14   4 202 194   2  13   0   3   1   1   1   1   1   3   0  13   4 200 195   3  13   0   3   1   1   1   1   1   3   0  13   3 196 196   3  13   0   3   1   1   1   1   1   3   0  13   3 193 196   4  13   0   3   1   1   1   1   1   3   0  13   2 189 198   4  13   0   2   1   1   1   0   0   2   0   4  15 133 109   9   7   0   0   1   0   0   0   1   0   0   3   0  16  18   0   4   0   0   1   0   0   0   1   0   0   6   7  98 138  21   4   0   2   0   0   1   0   1   2   0  11   1 177 198   6  13   0   3   1   1   1   0   1   2   0  11   1 173 199   7  13   0   3   1   1   1   0   1   2   0  11   0 170 199   8  13   0   3   1   1   1   0   1   2   0  10   0 167 200   8  13   0   3   1   1   1   0   1   2   1  10   0 164 200   9  14   0   3   1   1   1   0   1   2   1  10   0 160 200  10  14   0   2   0   1   0   1   1   1   0   5  24  36  45  34  11   0   0   1   0   0 
  0   0   0   0   0   8  31  44  37  28   7   0   0   1   1   0   0   1   3   0  12   4 192 176   2  12   0   2   1   1   1   1   1   3   0  13   4 189 181   2  12   0   2   1   0   1   1   1   3   0  13   4 189 184   3  12   0   3   1   1   1   1   1   3   0  12   3 188 188   3  12   0   3   1   1   1   1   1   3   0  12   3 188 190   3  13   0   3   1   1   1   1   1   3   0  12   2 186 195   4  13   0   3   1   0   1   0   1   1   0   6   4 103 163  23   4   0   2   0   0   0   0   1   0   0   4   0  22  23   0   5   0   0   1   1   0   0   0   2   0   4  16 157 115   6   7   0   1   1   0   1   0   1   2   0  12   1 185 206   6  14   0   3   1   1   1   1   1   2   0  12   1 183 210   7  14   0   3   1   1   1   0   1   2   1  11   1 182 213   8  14   0   3   1   1   1   0   1   2   1  11   0 180 216   9  15   0   3   1   1   1   0   1   2   1  11   0 180 218  10  15   0   4   1   1   1   0   1   2   1  11   0 177 223  10  15   0   4   2   0   0   2   3   1   1   9  34  43  47  32   9   0   0   0   0   0 
  0   0   0   0   0   0   0   0   0   1   0   0   0   0   0   0   0   0   0   0   0   0   2   2   0   0   0   0   0   0   0   0   0   0   0   0   0   2   2   0   0   0   0   0   0   0   0   0   0   0   0   0   2   2   0   0   0   0   0   0   0   0   0   0   0   0   0   3   3   0   0   0   0   0   0   0   0   0   0   0   0   0   3   3   0   0   0   0   0   0   0   0   0   0   0   0   0   3   3   0   0   0   0   0   0   0   0   0   0   0   0   2   8  20  10   2   0   0   0   0   0   0   0   0   0   4   0  20  22   0   4   0   0   0   0   0   0   0   0   0   2   9  22   9   2   0   0   0   0   0   0   0   0   0   0   0   0   4   5   0   0   0   0   0   0   0   0   0   0   0   0   0   5   5   0   0   0   0   0   0   0   0   0   0   0   0   0   5   6   0   0   0   0   0   0   0   0   0   0   0   0   0   5   6   0   0   0   0   0   0   0   0   0   0   0   0   0   6   7   0   0   0   0   0   0   0   0   0   0   0   0   0   6   8   0   0   0   0   0   0   0   0   1   0   0   1   2   2   1   0   0   0   0   0   0   0 
  0   0   0   0   0   0   2   2   2   1   0   0   0   0   0   0   0   0   0   0   0   0  13  12   0   0   0   0   0   0   0   0   0   0   0   0   0  13  12   0   0   0   0   0   0   0   0   0   0   0   0   0  13  13   0   0   0   0   0   0   0   0   0   0   0   0   0  13  13   0   0   0   0   0   0   0   0   0   0   0   0   0  13  13   0   0   0   0   0   0   0   0   0   0   0   0   0  13  14   0   0   0   0   0   0   0   0   0   0   0   1   0   7   4   2   2   0   0   0   0   0   0   0   0   0   2   0   9  10   0   2   0   0   0   0   0   0   0   0   0   2   2   4   7   0   1   0   0   0   0   0   0   0   0   0   0   0  13  15   0   1   0   0   0   0   0   0   0   0   0   0   0  13  15   0   1   0   0   0   0   0   0   0   0   0   0   0  13  15   0   1   0   0   0   0   0   0   0   0   0   0   0  13  16   0   1   0   0   0   0   0   0   0   0   0   0   0  13  16   0   1   0   0   0   0   0   0   0   0   0   0   0  13  17   0   0   0   0   0   0   0   0   0   0   0   0   2   3   3   2   0   0   0   0   0   0 
  0   0   0   0   0   0   0   0   0   0   0   0   0   0   0   0   0   0   0   0   0   0   1   0   0   0   0   0   0   0   0   0   0   0   0   0   0   1   0   0   0   0   0   0   0   0   0   0   0   0   0   0   0   0   0   0   0   0   0   0   0   0   0   0   0   0   0   0   0   0   0   0   0   0   0   0   0   0   0   0   0   0   0   0   0   0   0   0   0   0   0   0   0   0   0   0   0   0   0   0   0   0   0   0   0   0   0   0   0   0   0   0   0   0   0   0   0   0   0   0   0   0   0   0   0   0   0   2   2   0   0   0   0   0   0   0   0   0   0   0   0   0   0   0   0   0   0   0   0   0   0   0   0   0   0   0   0   0   0   0   0   0   0   0   0   0   0   0   0   0   0   0   0   0   0   0   0   0   0   0   0   0   0   0   0   0   0   0   0   0   0   0   0   0   0   0   0   0   0   0   0   0   0   0   0   0   0   0   0   0   0   0   0   0   0   0   0   0   0   0   0   0   0   0   0   0   0   0   0   0   0   0   0   0   0   0   0   0   0   0   0   0   0   0   0   0   0   0   0   0   0   0   0   0   0   0 
  0   0   0   0   0   0   0   0   0   0   0   0   0   0   0   0   0   0   0   0   0   0   3   3   0   0   0   0   0   0   0   0   0   0   0   0   0   3   3   0   0   0   0   0   0   0   0   0   0   0   0   0   3   3   0   0   0   0   0   0   0   0   0   0   0   0   0   3   3   0   0   0   0   0   0   0   0   0   0   0   0   0   3   3   0   0   0   0   0   0   0   0   0   0   0   0   0   3   3   0   0   0   0   0   0   0   0   0   0   0   0   0   0   2   0   0   0   0   0   0   0   0   0   0   0   0   0   0   0   0   0   0   0   0   0   0   0   0   0   0   0   0   2   0   0   0   0   0   0   0   0   0   0   0   0   0   0   3   3   0   0   0   0   0   0   0   0   0   0   0   0   0   3   3   0   0   0   0   0   0   0   0   0   0   0   0   0   3   3   0   0   0   0   0   0   0   0   0   0   0   0   0   2   3   0   0   0   0   0   0   0   0   0   0   0   0   0   2   3   0   0   0   0   0   0   0   0   0   0   0   0   0   2   3   0   0   0   0   0   0   0   0   0   0   0   0   0   0   0   0   0   0   0   0   0   0 
  0   0   0   0   0   0   0   0   0   0   0   0   0   0   0   0   0   0   0   0   0   0   2   2   0   0   0   0   0   0   0   0   0   0   0   0   0   2   2   0   0   0   0   0   0   0   0   0   0   0   0   0   2   2   0   0   0   0   0   0   0   0   0   0   0   0   0   2   2   0   0   0   0   0   0   0   0   0   0   0   0   0   2   2   0   0   0   0   0   0   0   0   0   0   0   0   0   2   2   0   0   0   0   0   0   0   0   0   0   0   0   0   1   0   0   0   0   0   0   0   0   0   0   0   0   0   0   0   0   0   0   0   0   0   0   0   0   0   0   0   0   0   0   1   0   0   0   0   0   0   0   0   0   0   0   0   0   1   2   0   0   0   0   0   0   0   0   0   0   0   0   0   1   2   0   0   0   0   0   0   0   0   0   0   0   0   0   1   1   0   0   0   0   0   0   0   0   0   0   0   0   0   1   1   0   0   0   0   0   0   0   0   0   0   0   0   0   1   1   0   0   0   0   0   0   0   0   0   0   0   0   0   1   1   0   0   0   0   0   0   0   0   0   0   0   0   0   0   0   0   0   0   0   0   0   0 
  0   0   0   0   0   0   0   0   0   0   0   0   0   0   0   0   0   0   0   0   0   0   0   0   0   0   0   0   0   0   0   0   0   0   0   0   0   0   0   0   0   0   0   0   0   0   0   0   0   0   0   0   0   0   0   0   0   0   0   0   0   0   0   0   0   0   0   0   0   0   0   0   0   0   0   0   0   0   0   0   0   0   0   0   0   0   0   0   0   0   0   0   0   0   0   0   0   0   0   0   0   0   0   0   0   0   0   0   0   0   0   0   0   0   0   0   0   0   0   0   0   0   0   0   0   0   0   0   0   0   0   0   0   0   0   0   0   0   0   0   0   0   0   0   0   0   0   0   0   0   0   0   0   0   0   0   0   0   0   0   0   0   0   0   0   0   0   0   0   0   0   0   0   0   0   0   0   0   0   0   0   0   0   0   0   0   0   0   0   0   0   0   0   0   0   0   0   0   0   0   0   0   0   1   0   0   0   0   0   0   0   0   0   0   0   0   0   1   1   0   0   0   0   0   0   0   0   0   0   0   0   0   1   1   0   0   0   0   0   0   0   0   0   0   0   0   0   0   0   0   0   0   0   0   0   0 
  0   0   0   0   0   0   0   0   0   0   0   0   0   0   0   0   0   0   0   0   0   0   0   0   0   0   0   0   0   0   0   0   0   0   0   0   0   0   0   0   0   0   0   0   0   0   0   0   0   0   0   0   0   0   0   0   0   0   0   0   0   0   0   0   0   0   0   0   0   0   0   0   0   0   0   0   0   0   0   0   0   0   0   0   0   0   0   0   0   0   0   0   0   0   0   0   0   0   0   0   0   0   0   0   0   0   0   0   0   0   0   0   0   0   0   0   0   0   0   0   0   0   0   0   0   0   0   0   0   0   0   0   0   0   0   0   0   0   0   0   0   0   0   0   0   0   0   0   0   0   0   0   0   0   0   0   0   0   0   0   0   0   0   0   0   0   0   0   0   0   0   0   0   0   0   0   0   0   0   0   0   0   0   0   0   0   0   0   0   0   0   0   0   0   0   0   0   0   0   0   0   0   0   0   0   0   0   0   0   0   0   0   0   0   0   0   0   0   0   0   0   0   0   0   0   0   0   0   0   0   0   0   0   1   0   0   0   0   0   0   0   0   0   0   0   0   0   0   0   0   0   0   0   0   0   0 
  0   0   0   0   0   0   1   1   1   0   0   0   0   0   0   0   0   0   0   0   0   0   5   5   0   0   0   0   0   0   0   0   0   0   0   0   0   5   5   0   0   0   0   0   0   0   0   0   0   0   0   0   5   5   0   0   0   0   0   0   0   0   0   0   0   0   0   5   5   0   0   0   0   0   0   0   0   0   0   0   0   0   5   5   0   0   0   0   0   0   0   0   0   0   0   0   0   5   5   0   0   0   0   0   0   0   0   0   0   0   0   0   0   1   0   0   0   0   0   0   0   0   0   0   0   0   0   0   0   0   0   0   0   0   0   0   0   0   0   0   0   0   0   0   0   0   0   0   0   0   0   0   0   0   0   0   0   4   4   0   0   0   0   0   0   0   0   0   0   0   0   0   3   4   0   0   0   0   0   0   0   0   0   0   0   0   0   3   4   0   0   0   0   0   0   0   0   0   0   0   0   0   3   4   0   0   0   0   0   0   0   0   0   0   0   0   0   3   4   0   0   0   0   0   0   0   0   0   0   0   0   0   3   5   0   0   0   0   0   0   0   0   0   0   0   0   0   1   1   0   0   0   0   0   0   0 
  0   0   0   0   0   0   1   2   1   1   0   0   0   0   0   0   0   0   0   0   0   0   7   6   0   0   0   0   0   0   0   0   0   0   0   0   0   6   6   0   0   0   0   0   0   0   0   0   0   0   0   0   6   6   0   0   0   0   0   0   0   0   0   0   0   0   0   6   6   0   0   0   0   0   0   0   0   0   0   0   0   0   6   6   0   0   0   0   0   0   0   0   0   0   0   0   0   6   6   0   0   0   0   0   0   0   0   0   0   0   0   0   1   1   0   0   0   0   0   0   0   0   0   0   0   0   0   0   0   0   0   0   0   0   0   0   0   0   0   0   0   0   1   1   0   0   0   0   0   0   0   0   0   0   0   0   0   5   6   0   0   0   0   0   0   0   0   0   0   0   0   0   5   6   0   0   0   0   0   0   0   0   0   0   0   0   0   5   6   0   0   0   0   0   0   0   0   0   0   0   0   0   5   6   0   0   0   0   0   0   0   0   0   0   0   0   0   5   6   0   0   0   0   0   0   0   0   0   0   0   0   0   5   7   0   0   0   0   0   0   0   0   0   0   0   0   1   1   2   1   0   0   0   0   0   0 
  0   0   0   0   0   0   0   0   0   0   0   0   0   0   0   0   0   0   0   0   0   0   0   0   0   0   0   0   0   0   0   0   0   0   0   0   0   0   0   0   0   0   0   0   0   0   0   0   0   0   0   0   0   0   0   0   0   0   0   0   0   0   0   0   0   0   0   0   0   0   0   0   0   0   0   0   0   0   0   0   0   0   0   0   0   0   0   0   0   0   0   0   0   0   0   0   0   0   0   0   0   0   0   0   0   0   0   0   0   0   0   0   0   0   0   0   0   0   0   0   0   0   0   0   0   0   0   0   0   0   0   0   0   0   0   0   0   0   0   0   0   0   0   0   0   0   0   0   0   0   0   0   0   0   0   0   0   0   0   0   0   0   0   0   0   0   0   0   0   0   0   0   0   0   0   0   0   0   0   0   0   0   0   0   0   0   0   0   0   0   0   0   0   0   0   0   0   0   0   0   0   0   0   0   0   0   0   0   0   0   0   0   0   0   0   0   0   0   0   0   0   0   0   0   0   0   0   0   0   0   0   0   0   0   0   0   0   0   0   0   0   0   0   0   0   0   0   0   0   0   0   0   0   0   0   0 
  0   0   0   0   0   0   0   0   0   0   0   0   0   0   0   0   0   0   0   0   0   0   0   0   0   0   0   0   0   0   0   0   0   0   0   0   0   0   0   0   0   0   0   0   0   0   0   0   0   0   0   0   0   0   0   0   0   0   0   0   0   0   0   0   0   0   0   0   0   0   0   0   0   0   0   0   0   0   0   0   0   0   0   0   0   0   0   0   0   0   0   0   0   0   0   0   0   0   0   0   0   0   0   0   0   0   0   0   0   0   0   0   0   0   0   0   0   0   0   0   0   0   0   0   0   0   0   0   0   0   0   0   0   0   0   0   0   0   0   0   0   0   0   0   0   0   0   0   0   0   0   0   0   0   0   0   0   0   0   0   0   0   0   0   0   0   0   0   0   0   0   0   0   0   0   0   0   0   0   0   0   0   0   0   0   0   0   0   0   0   0   0   0   0   0   0   0   0   0   0   0   0   0   0   0   0   0   0   0   0   0   0   0   0   0   0   0   0   0   0   0   0   0   0   0   0   0   0   0   0   0   0   0   0   0   0   0   0   0   0   0   0   0   0   0   0   0   0   0   0   0   0   0   0   0   0 
  0   0   0   0   0   1   6   9   7   4   0   0   0   0   0   0   0   0   0   0   1   0  30  27   0   1   0   0   0   0   0   0   0   0   0   2   0  29  28   0   1   0   0   0   0   0   0   0   0   0   1   0  28  28   0   1   0   0   0   0   0   0   0   0   0   1   0  28  28   0   1   0   0   0   0   0   0   0   0   0   1   0  27  28   0   1   0   0   0   0   0   0   0   0   0   1   0  26  29   0   1   0   0   0   0   0   0   0   0   0   1   3   3   4   4   2   0   0   0   0   0   0   0   0   0   0   0   0   0   0   0   0   0   0   0   0   0   0   0   0   1   4   4   3   3   1   0   0   0   0   0   0   0   0   0   1   0  24  27   1   1   0   0   0   0   0   0   0   0   0   1   0  22  27   1   1   0   0   0   0   0   0   0   0   0   1   0  22  27   1   1   0   0   0   0   0   0   0   0   0   1   0  22  27   1   1   0   0   0   0   0   0   0   0   0   1   0  22  27   1   1   0   0   0   0   0   0   0   0   0   1   0  22  29   1   1   0   0   0   0   0   0   0   0   0   0   4   7   8   5   1   0   0   0   0   0 
  0   0   0   0   0   0   0   0   0   0   0   0   0   0   0   0   0   0   0   0   0   0   0   0   0   0   0   0   0   0   0   0   0   0   0   0   0   0   0   0   0   0   0   0   0   0   0   0   0   0   0   0   0   0   0   0   0   0   0   0   0   0   0   0   0   0   0   0   0   0   0   0   0   0   0   0   0   0   0   0   0   0   0   0   0   0   0   0   0   0   0   0   0   0   0   0   0   0   0   0   0   0   0   0   0   0   0   0   0   0   0   0   0   0   0   0   0   0   0   0   0   0   0   0   0   0   0   0   0   0   0   0   0   0   0   0   0   0   0   0   0   0   0   0   0   0   0   0   0   0   0   0   0   0   0   0   0   0   0   0   0   0   0   0   0   0   0   0   0   0   0   0   0   0   0   0   0   0   0   0   0   0   0   0   0   0   0   0   0   0   0   0   0   0   0   0   0   0   0   0   0   0   0   0   0   0   0   0   0   0   0   0   0   0   0   0   0   0   0   0   0   0   0   0   0   0   0   0   0   0   0   0   0   0   0   0   0   0   0   0   0   0   0   0   0   0   0   0   0   0   0   0   0   0   0   0 
  0   0   1   2   0   5  31  49  40  25   3   0   2   1   0   1   1   0   1   0  10   3 155 143   2   9   0   2   1   0   1   0   1   2   0  10   3 149 145   2   9   0   2   1   0   1   0   1   2   0  10   2 147 145   2   9   0   2   1   0   1   0   1   2   0   9   2 144 146   2   9   0   2   1   0   1   0   1   2   0   9   2 142 145   3  10   0   2   1   0   1   0   1   2   0   9   2 137 149   3   9   0   2   0   1   1   0   0   0   1   7  15  16  22  20  10   2   0   0   0   0   0   0   0   0   0   0   0   0   0   0   0   0   0   0   0   0   0   0   2   9  19  22  17  16   8   2   0   0   0   1   0   0   1   0   8   0 134 148   5  10   0   2   1   0   1   0   1   1   0   8   0 130 151   5  10   0   2   0   0   1   0   1   1   0   8   0 128 151   6  10   0   2   0   0   1   0   1   1   0   8   0 124 151   6  10   0   2   0   0   0   0   1   1   0   7   0 121 148   7  10   0   2   0   0   1   0   1   1   0   7   0 115 149   7   9   0   1   0   1   1   0   0   2   0   2  21  35  42  27   5   0   1   1   0   0 
  0   0   1   2   0   4  29  46  38  24   3   0   2   0   0   1   1   0   1   0   9   3 149 138   1   9   0   2   1   0   1   0   1   2   0  10   3 146 142   2   9   0   2   1   0   1   0   1   2   0  10   2 146 144   2   9   0   2   1   0   1   0   1   2   0   9   2 145 147   2  10   0   2   1   0   1   0   1   2   0   9   2 146 149   3  10   0   2   1   0   1   0   1   2   0  10   2 143 155   3  10   0   2   0   1   1   0   0   0   2   7  16  17  23  21  10   2   0   0   0   0   0   0   0   0   0   0   0   0   0   0   0   0   0   0   0   0   0   0   2  10  21  24  19  17   9   2   0   0   0   1   0   0   1   0   9   0 149 164   6  11   0   3   1   1   1   0   1   2   0   9   0 146 170   6  11   0   3   1   0   1   0   1   2   0   9   0 146 172   7  12   0   3   1   0   1   0   1   2   0   9   0 145 175   7  12   0   3   1   0   1   0   1   1   0   9   0 144 175   8  12   0   3   1   1   1   0   1   2   0   8   0 138 179   8  11   0   1   0   2   1   0   1   3   0   3  26  42  51  33   6   0   2   1   0   0 
  0   0   0   0   0   0   0   0   0   0   0   0   0   0   0   0   0   0   0   0   0   0   0   0   0   0   0   0   0   0   0   0   0   0   0   0   0   0   0   0   0   0   0   0   0   0   0   0   0   0   0   0   0   0   0   0   0   0   0   0   0   0   0   0   0   0   0   0   0   0   0   0   0   0   0   0   0   0   0   0   0   0   0   0   0   0   0   0   0   0   0   0   0   0   0   0   0   0   0   0   0   0   0   0   0   0   0   0   0   0   0   0   0   0   0   0   0   0   0   0   0   0   0   0   0   0   0   0   0   0   0   0   0   0   0   0   0   0   0   0   0   0   0   0   0   0   0   0   0   0   0   0   0   0   0   0   0   1   0   0   0   0   0   0   0   0   0   0   0   0   0   0   1   1   0   0   0   0   0   0   0   0   0   0   0   0   0   1   1   0   0   0   0   0   0   0   0   0   0   0   0   0   1   1   0   0   0   0   0   0   0   0   0   0   0   0   0   1   1   0   0   0   0   0   0   0   0   0   0   0   0   0   1   1   0   0   0   0   0   0   0   0   0   0   0   0   0   0   0   0   0   0   0   0   0   0 
  0   0   0   0   0   1   5   8   7   4   0   0   0   0   0   0   0   0   0   0   1   0  29  26   0   1   0   0   0   0   0   0   0   0   0   1   0  28  27   0   1   0   0   0   0   0   0   0   0   0   1   0  28  28   0   1   0   0   0   0   0   0   0   0   0   1   0  28  28   0   1   0   0   0   0   0   0   0   0   0   1   0  28  29   0   2   0   0   0   0   0   0   0   0   0   1   0  27  30   0   1   0   0   0   0   0   0   0   0   0   1   3   4   5   4   2   0   0   0   0   0   0   0   0   0   0   0   0   0   0   0   0   0   0   0   0   0   0   0   0   2   4   5   4   3   1   0   0   0   0   0   0   0   0   0   1   0  26  29   1   1   0   0   0   0   0   0   0   0   0   1   0  25  30   1   2   0   0   0   0   0   0   0   0   0   1   0  25  30   1   2   0   0   0   0   0   0   0   0   0   1   0  25  31   1   2   0   0   0   0   0   0   0   0   0   1   0  25  32   1   2   0   0   0   0   0   0   0   0   0   1   0  26  34   1   2   0   0   0   0   0   0   0   0   0   0   5   8   9   6   1   0   0   0   0   0 
  0   0   0   0   0   0   0   0   0   0   0   0   0   0   0   0   0   0   0   0   0   0   0   0   0   0   0   0   0   0   0   0   0   0   0   0   0   0   0   0   0   0   0   0   0   0   0   0   0   0   0   0   0   0   0   0   0   0   0   0   0   0   0   0   0   0   0   0   0   0   0   0   0   0   0   0   0   0   0   0   0   0   0   0   0   0   0   0   0   0   0   0   0   0   0   0   0   0   0   0   0   0   0   0   0   0   0   0   0   0   0   0   0   0   0   0   0   0   0   0   0   0   0   0   0   0   0   0   0   0   0   0   0   0   0   0   0   0   0   0   0   0   0   0   0   0   0   0   0   0   0   0   0   0   0   0   0   0   0   0   0   0   0   0   0   0   0   0   0   0   0   0   0   0   0   0   0   0   0   0   0   0   0   0   0   0   0   0   0   0   0   0   0   0   0   0   0   0   0   0   0   0   0   1   0   0   0   0   0   0   0   0   0   0   0   0   0   1   1   0   0   0   0   0   0   0   0   0   0   0   0   0   1   1   0   0   0   0   0   0   0   0   0   0   0   0   0   0   0   0   0   0   0   0   0   0 
  0   0   0   0   0   0   0   0   0   0   0   0   0   0   0   0   0   0   0   0   0   0   0   0   0   0   0   0   0   0   0   0   0   0   0   0   0   0   0   0   0   0   0   0   0   0   0   0   0   0   0   0   0   0   0   0   0   0   0   0   0   0   0   0   0   0   0   0   0   0   0   0   0   0   0   0   0   0   0   0   0   0   0   0   0   0   0   0   0   0   0   0   0   0   0   0   0   0   0   0   0   0   0   0   0   0   0   0   0   0   0   0   0   0   0   0   0   0   0   0   0   0   0   0   0   0   0   0   0   0   0   0   0   0   0   0   0   0   0   0   0   0   0   0   0   0   0   0   0   0   0   0   0   0   0   0   0   0   0   0   0   0   0   0   0   0   0   0   0   0   0   0   0   0   0   0   0   0   0   0   0   0   0   0   0   0   0   0   0   0   0   0   0   0   0   0   0   0   0   0   0   0   0   0   0   0   0   0   0   0   0   0   0   0   0   0   0   0   0   0   0   0   0   0   0   0   0   0   0   0   0   0   0   0   0   0   0   0   0   0   0   0   0   0   0   0   0   0   0   0   0   0   0   0   0   0 
  0   0   0   0   0   0   1   2   1   1   0   0   0   0   0   0   0   0   0   0   0   0   7   6   0   0   0   0   0   0   0   0   0   0   0   0   0   6   6   0   0   0   0   0   0   0   0   0   0   0   0   0   6   6   0   0   0   0   0   0   0   0   0   0   0   0   0   6   6   0   0   0   0   0   0   0   0   0   0   0   0   0   6   6   0   0   0   0   0   0   0   0   0   0   0   0   0   6   6   0   0   0   0   0   0   0   0   0   0   0   0   0   1   1   0   0   0   0   0   0   0   0   0   0   0   0   0   0   0   0   0   0   0   0   0   0   0   0   0   0   0   0   1   1   0   0   0   0   0   0   0   0   0   0   0   0   0   5   6   0   0   0   0   0   0   0   0   0   0   0   0   0   5   6   0   0   0   0   0   0   0   0   0   0   0   0   0   5   6   0   0   0   0   0   0   0   0   0   0   0   0   0   5   6   0   0   0   0   0   0   0   0   0   0   0   0   0   5   6   0   0   0   0   0   0   0   0   0   0   0   0   0   5   7   0   0   0   0   0   0   0   0   0   0   0   0   1   1   2   1   0   0   0   0   0   0 
  0   0   0   0   0   0   1   1   1   0   0   0   0   0   0   0   0   0   0   0   0   0   5   4   0   0   0   0   0   0   0   0   0   0   0   0   0   5   5   0   0   0   0   0   0   0   0   0   0   0   0   0   5   5   0   0   0   0   0   0   0   0   0   0   0   0   0   5   5   0   0   0   0   0   0   0   0   0   0   0   0   0   5   5   0   0   0   0   0   0   0   0   0   0   0   0   0   5   5   0   0   0   0   0   0   0   0   0   0   0   0   0   0   1   0   0   0   0   0   0   0   0   0   0   0   0   0   0   0   0   0   0   0   0   0   0   0   0   0   0   0   0   1   0   0   0   0   0   0   0   0   0   0   0   0   0   0   4   5   0   0   0   0   0   0   0   0   0   0   0   0   0   4   5   0   0   0   0   0   0   0   0   0   0   0   0   0   4   5   0   0   0   0   0   0   0   0   0   0   0   0   0   4   5   0   0   0   0   0   0   0   0   0   0   0   0   0   4   5   0   0   0   0   0   0   0   0   0   0   0   0   0   4   5   0   0   0   0   0   0   0   0   0   0   0   0   0   1   1   1   0   0   0   0   0   0 
  0   0   0   0   0   0   0   0   0   0   0   0   0   0   0   0   0   0   0   0   0   0   0   0   0   0   0   0   0   0   0   0   0   0   0   0   0   0   0   0   0   0   0   0   0   0   0   0   0   0   0   0   0   0   0   0   0   0   0   0   0   0   0   0   0   0   0   0   0   0   0   0   0   0   0   0   0   0   0   0   0   0   0   0   0   0   0   0   0   0   0   0   0   0   0   0   0   0   0   0   0   0   0   0   0   0   0   0   0   0   0   0   0   0   0   0   0   0   0   0   0   0   0   0   0   0   0   0   0   0   0   0   0   0   0   0   0   0   0   0   0   0   0   0   0   0   0   0   0   0   0   0   0   0   0   0   0   0   0   0   0   0   0   0   0   0   0   0   0   0   0   0   0   0   0   0   0   0   0   0   0   0   0   0   0   0   0   0   0   0   0   0   0   0   0   0   0   0   0   0   0   0   0   0   0   0   0   0   0   0   0   0   0   0   0   0   0   0   0   0   0   0   0   0   0   0   0   0   0   0   0   0   0   0   0   0   0   0   0   0   0   0   0   0   0   0   0   0   0   0   0   0   0   0   0   0 
  0   0   0   0   0   0   0   0   0   0   0   0   0   0   0   0   0   0   0   0   0   0   0   0   0   0   0   0   0   0   0   0   0   0   0   0   0   0   0   0   0   0   0   0   0   0   0   0   0   0   0   0   0   0   0   0   0   0   0   0   0   0   0   0   0   0   0   0   0   0   0   0   0   0   0   0   0   0   0   0   0   0   0   0   0   0   0   0   0   0   0   0   0   0   0   0   0   0   0   0   0   0   0   0   0   0   0   0   0   0   0   0   0   0   0   0   0   0   0   0   0   0   0   0   0   0   0   0   0   0   0   0   0   0   0   0   0   0   0   0   0   0   0   0   0   0   0   0   0   0   0   0   0   0   0   0   0   0   0   0   0   0   0   0   0   0   0   0   0   0   0   0   0   0   0   0   0   0   0   0   0   0   0   0   0   0   0   0   0   0   0   0   0   0   0   0   0   0   0   0   0   0   0   0   0   0   0   0   0   0   0   0   0   0   0   0   0   0   0   0   0   0   0   0   0   0   0   0   0   0   0   0   0   0   0   0   0   0   0   0   0   0   0   0   0   0   0   0   0   0   0   0   0   0   0   0 
  0   0   0   0   0   0   0   0   0   0   0   0   0   0   0   0   0   0   0   0   0   0   2   2   0   0   0   0   0   0   0   0   0   0   0   0   0   2   2   0   0   0   0   0   0   0   0   0   0   0   0   0   2   2   0   0   0   0   0   0   0   0   0   0   0   0   0   2   2   0   0   0   0   0   0   0   0   0   0   0   0   0   2   2   0   0   0   0   0   0   0   0   0   0   0   0   0   2   2   0   0   0   0   0   0   0   0   0   0   0   0   0   1   0   0   0   0   0   0   0   0   0   0   0   0   0   0   0   0   0   0   0   0   0   0   0   0   0   0   0   0   0   0   1   0   0   0   0   0   0   0   0   0   0   0   0   0   2   2   0   0   0   0   0   0   0   0   0   0   0   0   0   2   2   0   0   0   0   0   0   0   0   0   0   0   0   0   2   2   0   0   0   0   0   0   0   0   0   0   0   0   0   2   2   0   0   0   0   0   0   0   0   0   0   0   0   0   2   2   0   0   0   0   0   0   0   0   0   0   0   0   0   2   2   0   0   0   0   0   0   0   0   0   0   0   0   0   0   0   0   0   0   0   0   0   0 
  0   0   0   0   0   0   0   0   0   0   0   0   0   0   0   0   0   0   0   0   0   0   3   3   0   0   0   0   0   0   0   0   0   0   0   0   0   3   3   0   0   0   0   0   0   0   0   0   0   0   0   0   3   3   0   0   0   0   0   0   0   0   0   0   0   0   0   3   3   0   0   0   0   0   0   0   0   0   0   0   0   0   3   3   0   0   0   0   0   0   0   0   0   0   0   0   0   3   3   0   0   0   0   0   0   0   0   0   0   0   0   0   0   2   0   0   0   0   0   0   0   0   0   0   0   0   0   0   0   0   0   0   0   0   0   0   0   0   0   0   0   0   2   0   0   0   0   0   0   0   0   0   0   0   0   0   0   2   3   0   0   0   0   0   0   0   0   0   0   0   0   0   2   3   0   0   0   0   0   0   0   0   0   0   0   0   0   2   3   0   0   0   0   0   0   0   0   0   0   0   0   0   2   2   0   0   0   0   0   0   0   0   0   0   0   0   0   2   2   0   0   0   0   0   0   0   0   0   0   0   0   0   2   2   0   0   0   0   0   0   0   0   0   0   0   0   0   0   0   0   0   0   0   0   0   0 
  0   0   0   0   0   0   0   0   0   0   0   0   0   0   0   0   0   0   0   0   0   0   0   0   0   0   0   0   0   0   0   0   0   0   0   0   0   0   0   0   0   0   0   0   0   0   0   0   0   0   0   0   0   0   0   0   0   0   0   0   0   0   0   0   0   0   0   0   0   0   0   0   0   0   0   0   0   0   0   0   0   0   0   1   0   0   0   0   0   0   0   0   0   0   0   0   0   0   1   0   0   0   0   0   0   0   0   0   0   0   0   0   0   0   0   0   0   0   0   0   0   0   0   0   0   0   0   2   2   0   0   0   0   0   0   0   0   0   0   0   0   0   0   0   0   0   0   0   0   0   0   0   0   0   0   0   0   1   1   0   0   0   0   0   0   0   0   0   0   0   0   0   1   1   0   0   0   0   0   0   0   0   0   0   0   0   0   1   1   0   0   0   0   0   0   0   0   0   0   0   0   0   1   1   0   0   0   0   0   0   0   0   0   0   0   0   0   1   1   0   0   0   0   0   0   0   0   0   0   0   0   0   1   1   0   0   0   0   0   0   0   0   0   0   0   0   0   0   0   0   0   0   0   0   0   0 
  0   0   0   0   0   0   2   3   2   2   0   0   0   0   0   0   0   0   0   0   0   0  14  13   0   0   0   0   0   0   0   0   0   0   0   0   0  13  13   0   0   0   0   0   0   0   0   0   0   0   0   0  13  13   0   0   0   0   0   0   0   0   0   0   0   0   0  13  13   0   0   0   0   0   0   0   0   0   0   0   0   0  12  13   0   0   0   0   0   0   0   0   0   0   0   0   0  12  13   0   0   0   0   0   0   0   0   0   0   0   0   0   6   5   2   2   0   0   0   0   0   0   0   0   0   1   0   9  10   0   2   0   0   0   0   0   0   0   0   0   1   2   4   6   0   1   0   0   0   0   0   0   0   0   0   0   0  11  12   0   0   0   0   0   0   0   0   0   0   0   0   0  11  13   0   0   0   0   0   0   0   0   0   0   0   0   0  10  13   0   0   0   0   0   0   0   0   0   0   0   0   0  10  13   0   0   0   0   0   0   0   0   0   0   0   0   0  10  13   0   0   0   0   0   0   0   0   0   0   0   0   0   9  13   0   0   0   0   0   0   0   0   0   0   0   0   2   2   2   1   0   0   0   0   0   0 
  0   0   0   0   0   0   0   1   1   1   0   0   0   0   0   0   0   0   0   0   0   0   3   3   0   0   0   0   0   0   0   0   0   0   0   0   0   3   3   0   0   0   0   0   0   0   0   0   0   0   0   0   3   3   0   0   0   0   0   0   0   0   0   0   0   0   0   2   2   0   0   0   0   0   0   0   0   0   0   0   0   0   2   2   0   0   0   0   0   0   0   0   0   0   0   0   0   2   2   0   0   0   0   0   0   0   0   0   0   0   0   2   7  16   9   2   0   0   0   0   0   0   0   0   0   4   0  19  22   0   4   0   0   0   0   0   0   0   0   0   2   8  15   8   2   0   0   0   0   0   0   0   0   0   0   0   0   1   1   0   0   0   0   0   0   0   0   0   0   0   0   0   1   1   0   0   0   0   0   0   0   0   0   0   0   0   0   0   1   0   0   0   0   0   0   0   0   0   0   0   0   0   0   0   0   0   0   0   0   0   0   0   0   0   0   0   0   0   0   0   0   0   0   0   0   0   0   0   0   0   0   0   0   0   0   0   0   0   0   0   0   0   0   0   0   0   0   0   0   0   0   0   0   0   0   0 
  0   0   0   0   0   9  32  46  39  29   8   0   0   1   1   0   0   1   3   0  12   4 196 185   2  12   0   3   1   1   1   1   1   3   0  13   4 190 188   3  12   0   2   1   1   1   1   1   3   0  12   3 188 188   3  12   0   3   1   1   1   1   1   3   0  12   3 184 189   4  12   0   3   1   1   1   0   1   2   0  12   2 181 189   4  13   0   3   1   1   1   1   1   2   0  11   2 177 191   4  13   0   3   1   0   1   0   1   1   0   5   4  95 159  24   4   0   2   0   0   0   0   1   0   0   4   0  22  24   0   5   0   0   1   1   0   0   0   2   0   4  15 148 108   5   7   0   1   1   0   1   0   1   2   0  10   1 165 190   7  13   0   3   1   1   1   0   1   2   0  10   0 161 191   7  13   0   3   1   1   1   0   1   2   0  10   0 158 190   8  13   0   3   1   1   1   0   1   2   1   9   0 155 190   9  13   0   3   1   1   1   0   1   2   1   9   0 152 190   9  13   0   3   1   1   1   0   1   1   1   9   0 146 191   9  12   0   4   2   0   0   3   3   1   1   9  29  36  38  25   7   0   0   0   0   0 
  0   1   2   1   0  12  40  51  37  24   6   0   1   1   0   0   0   1   2   0  14   4 197 189   2  13   0   3   1   1   1   1   1   3   0  13   4 196 193   3  13   0   3   1   1   1   1   1   3   0  13   3 196 196   3  13   0   3   1   1   1   1   1   3   0  13   3 195 200   4  13   0   3   1   1   1   1   1   3   0  13   2 195 203   4  14   0   3   1   1   1   1   1   3   0  13   2 193 207   5  14   0   3   1   1   1   0   0   2   0   4  14 135 118  10   7   0   1   1   0   0   0   1   0   0   3   0  16  19   0   4   0   0   1   0   0   0   1   0   0   6   8 107 146  22   4   0   3   0   0   1   0   1   2   1  12   1 190 218   8  15   0   3   1   1   1   1   1   2   1  12   1 188 222   9  15   0   4   1   1   1   0   1   2   1  12   0 187 225  10  15   0   4   1   1   1   0   1   2   1  11   0 186 229  10  15   0   4   1   1   1   0   1   2   1  11   0 185 231  11  16   0   4   1   1   1   0   1   2   1  11   0 183 235  12  16   0   3   0   1   0   1   1   1   0   7  29  42  50  38  12   1   0   0   0   0 
  0   0   0   0   0   0   1   1   0   0   0   0   0   0   0   0   0   0   0   0   0   0   3   3   0   0   0   0   0   0   0   0   0   0   0   0   0   4   4   0   0   0   0   0   0   0   0   0   0   0   0   0   4   4   0   0   0   0   0   0   0   0   0   0   0   0   0   4   5   0   0   0   0   0   0   0   0   0   0   0   0   0   5   5   0   0   0   0   0   0   0   0   0   0   0   0   0   5   6   0   0   0   0   0   0   0   0   0   0   0   1  10  21   6   1   0   0   0   0   0   0   0   0   0   0   3   0  15  18   0   3   0   0   0   0   0   0   0   0   0   0   2   5  22  12   1   0   0   0   0   0   0   0   0   0   0   0   7   7   0   0   0   0   0   0   0   0   0   0   0   0   0   7   8   0   0   0   0   0   0   0   0   0   0   0   0   0   7   9   0   0   0   0   0   0   0   0   0   0   0   0   0   7   9   0   0   0   0   0   0   0   0   0   0   0   0   0   8  10   0   0   0   0   0   0   0   0   0   0   0   0   0   8  10   0   1   0   0   0   0   0   0   0   0   0   0   0   2   3   3   1   0   0   0   0   0 
  0   0   0   0   0   0   2   3   2   1   0   0   0   0   0   0   0   0   0   0   0   0  13  13   0   0   0   0   0   0   0   0   0   0   0   0   0  13  13   0   0   0   0   0   0   0   0   0   0   0   0   0  13  13   0   0   0   0   0   0   0   0   0   0   0   0   0  13  13   0   0   0   0   0   0   0   0   0   0   0   0   0  13  14   0   0   0   0   0   0   0   0   0   0   0   0   0  13  14   0   1   0   0   0   0   0   0   0   0   0   2   1   4   7   0   1   0   0   0   0   0   0   0   0   0   1   0   8   9   0   1   0   0   0   0   0   0   0   0   0   1   0   7   4   1   2   0   0   0   0   0   0   0   0   0   0   0  13  15   0   1   0   0   0   0   0   0   0   0   0   0   0  13  15   0   1   0   0   0   0   0   0   0   0   0   0   0  13  15   0   1   0   0   0   0   0   0   0   0   0   0   0  13  16   0   1   0   0   0   0   0   0   0   0   0   0   0  13  16   0   1   0   0   0   0   0   0   0   0   0   0   0  12  17   0   0   0   0   0   0   0   0   0   0   0   0   2   2   3   2   0   0   0   0   0   0 
  0   0   0   0   0   0   0   0   0   0   0   0   0   0   0   0   0   0   0   0   0   0   0   0   0   0   0   0   0   0   0   0   0   0   0   0   0   0   0   0   0   0   0   0   0   0   0   0   0   0   0   0   0   0   0   0   0   0   0   0   0   0   0   0   0   0   0   0   0   0   0   0   0   0   0   0   0   0   0   0   0   0   0   0   0   0   0   0   0   0   0   0   0   0   0   0   0   0   0   0   0   0   0   0   0   0   0   0   0   0   0   0   0   0   0   0   0   0   0   0   0   0   0   0   0   0   0   2   2   0   0   0   0   0   0   0   0   0   0   0   0   0   0   0   0   0   0   0   0   0   0   0   0   0   0   0   0   0   0   0   0   0   0   0   0   0   0   0   0   0   0   0   0   0   0   0   0   0   0   0   0   0   0   0   0   0   0   0   0   0   0   0   0   0   0   0   0   0   0   0   0   0   0   0   0   0   0   0   0   0   0   0   0   0   0   0   0   0   0   0   0   0   0   0   0   0   0   0   0   0   0   0   0   0   0   0   0   0   0   0   0   0   0   0   0   0   0   0   0   0   0   0   0   0   0   0 
  0   0   0   0   0   0   0   0   0   0   0   0   0   0   0   0   0   0   0   0   0   0   3   3   0   0   0   0   0   0   0   0   0   0   0   0   0   3   3   0   0   0   0   0   0   0   0   0   0   0   0   0   3   3   0   0   0   0   0   0   0   0   0   0   0   0   0   3   3   0   0   0   0   0   0   0   0   0   0   0   0   0   3   3   0   0   0   0   0   0   0   0   0   0   0   0   0   3   3   0   0   0   0   0   0   0   0   0   0   0   0   0   2   1   0   0   0   0   0   0   0   0   0   0   0   0   0   0   0   0   0   0   0   0   0   0   0   0   0   0   0   0   1   3   0   0   0   0   0   0   0   0   0   0   0   0   0   3   3   0   0   0   0   0   0   0   0   0   0   0   0   0   3   3   0   0   0   0   0   0   0   0   0   0   0   0   0   3   4   0   0   0   0   0   0   0   0   0   0   0   0   0   3   4   0   0   0   0   0   0   0   0   0   0   0   0   0   3   4   0   0   0   0   0   0   0   0   0   0   0   0   0   3   4   0   0   0   0   0   0   0   0   0   0   0   0   0   0   0   0   0   0   0   0   0   0 
  0   0   0   0   0   0   0   0   0   0   0   0   0   0   0   0   0   0   0   0   0   0   1   1   0   0   0   0   0   0   0   0   0   0   0   0   0   1   1   0   0   0   0   0   0   0   0   0   0   0   0   0   1   1   0   0   0   0   0   0   0   0   0   0   0   0   0   1   1   0   0   0   0   0   0   0   0   0   0   0   0   0   1   1   0   0   0   0   0   0   0   0   0   0   0   0   0   1   1   0   0   0   0   0   0   0   0   0   0   0   0   0   0   1   0   0   0   0   0   0   0   0   0   0   0   0   0   0   0   0   0   0   0   0   0   0   0   0   0   0   0   0   1   0   0   0   0   0   0   0   0   0   0   0   0   0   0   1   1   0   0   0   0   0   0   0   0   0   0   0   0   0   1   1   0   0   0   0   0   0   0   0   0   0   0   0   0   1   1   0   0   0   0   0   0   0   0   0   0   0   0   0   1   1   0   0   0   0   0   0   0   0   0   0   0   0   0   1   1   0   0   0   0   0   0   0   0   0   0   0   0   0   1   1   0   0   0   0   0   0   0   0   0   0   0   0   0   0   0   0   0   0   0   0   0   0 
  0   0   0   0   0   0   0   0   0   0   0   0   0   0   0   0   0   0   0   0   0   0   1   1   0   0   0   0   0   0   0   0   0   0   0   0   0   1   1   0   0   0   0   0   0   0   0   0   0   0   0   0   1   1   0   0   0   0   0   0   0   0   0   0   0   0   0   1   1   0   0   0   0   0   0   0   0   0   0   0   0   0   1   1   0   0   0   0   0   0   0   0   0   0   0   0   0   1   1   0   0   0   0   0   0   0   0   0   0   0   0   0   0   0   0   0   0   0   0   0   0   0   0   0   0   0   0   0   0   0   0   0   0   0   0   0   0   0   0   0   0   0   0   0   0   0   0   0   0   0   0   0   0   0   0   0   0   1   1   0   0   0   0   0   0   0   0   0   0   0   0   0   1   1   0   0   0   0   0   0   0   0   0   0   0   0   0   1   1   0   0   0   0   0   0   0   0   0   0   0   0   0   1   1   0   0   0   0   0   0   0   0   0   0   0   0   0   0   1   0   0   0   0   0   0   0   0   0   0   0   0   0   1   1   0   0   0   0   0   0   0   0   0   0   0   0   0   0   0   0   0   0   0   0   0   0 
  0   0   0   0   0   0   0   0   0   0   0   0   0   0   0   0   0   0   0   0   0   0   1   1   0   0   0   0   0   0   0   0   0   0   0   0   0   1   1   0   0   0   0   0   0   0   0   0   0   0   0   0   1   1   0   0   0   0   0   0   0   0   0   0   0   0   0   1   1   0   0   0   0   0   0   0   0   0   0   0   0   0   1   1   0   0   0   0   0   0   0   0   0   0   0   0   0   1   1   0   0   0   0   0   0   0   0   0   0   0   0   0   1   1   0   0   0   0   0   0   0   0   0   0   0   0   0   1   1   0   0   0   0   0   0   0   0   0   0   0   0   0   1   1   0   0   0   0   0   0   0   0   0   0   0   0   0   1   1   0   0   0   0   0   0   0   0   0   0   0   0   0   1   1   0   0   0   0   0   0   0   0   0   0   0   0   0   1   1   0   0   0   0   0   0   0   0   0   0   0   0   0   1   1   0   0   0   0   0   0   0   0   0   0   0   0   0   1   1   0   0   0   0   0   0   0   0   0   0   0   0   0   1   1   0   0   0   0   0   0   0   0   0   0   0   0   0   0   0   0   0   0   0   0   0   0 
  0   0   0   0   0   0   0   0   0   0   0   0   0   0   0   0   0   0   0   0   0   0   1   1   0   0   0   0   0   0   0   0   0   0   0   0   0   1   0   0   0   0   0   0   0   0   0   0   0   0   0   0   0   0   0   0   0   0   0   0   0   0   0   0   0   0   0   0   0   0   0   0   0   0   0   0   0   0   0   0   0   0   0   0   0   0   0   0   0   0   0   0   0   0   0   0   0   0   0   0   0   0   0   0   0   0   0   0   0   0   0   0   0   0   0   0   0   0   0   0   0   0   0   0   0   0   0   0   0   0   0   0   0   0   0   0   0   0   0   0   0   0   0   0   0   0   0   0   0   0   0   0   0   0   0   0   0   0   0   0   0   0   0   0   0   0   0   0   0   0   0   0   0   0   0   0   0   0   0   0   0   0   0   0   0   0   0   0   0   0   0   0   0   0   0   0   0   0   0   0   0   0   0   0   0   0   0   0   0   0   0   0   0   0   0   0   0   0   0   0   0   0   0   0   0   0   0   0   0   0   0   0   0   0   0   0   0   0   0   0   0   0   0   0   0   0   0   0   0   0   0   0   0   0   0   0 
  0   0   0   0   0   0   0   0   0   0   0   0   0   0   0   0   0   0   0   0   0   0   1   1   0   0   0   0   0   0   0   0   0   0   0   0   0   1   1   0   0   0   0   0   0   0   0   0   0   0   0   0   1   1   0   0   0   0   0   0   0   0   0   0   0   0   0   1   1   0   0   0   0   0   0   0   0   0   0   0   0   0   1   1   0   0   0   0   0   0   0   0   0   0   0   0   0   1   1   0   0   0   0   0   0   0   0   0   0   0   0   0   1   1   0   0   0   0   0   0   0   0   0   0   0   0   0   0   0   0   0   0   0   0   0   0   0   0   0   0   0   0   1   1   0   0   0   0   0   0   0   0   0   0   0   0   0   1   1   0   0   0   0   0   0   0   0   0   0   0   0   0   1   1   0   0   0   0   0   0   0   0   0   0   0   0   0   1   1   0   0   0   0   0   0   0   0   0   0   0   0   0   1   1   0   0   0   0   0   0   0   0   0   0   0   0   0   1   1   0   0   0   0   0   0   0   0   0   0   0   0   0   1   1   0   0   0   0   0   0   0   0   0   0   0   0   0   0   0   0   0   0   0   0   0   0 
  0   0   0   0   0   0   0   0   0   0   0   0   0   0   0   0   0   0   0   0   0   0   2   3   0   0   0   0   0   0   0   0   0   0   0   0   0   2   2   0   0   0   0   0   0   0   0   0   0   0   0   0   2   2   0   0   0   0   0   0   0   0   0   0   0   0   0   2   2   0   0   0   0   0   0   0   0   0   0   0   0   0   2   2   0   0   0   0   0   0   0   0   0   0   0   0   0   2   2   0   0   0   0   0   0   0   0   0   0   0   0   0   2   2   0   0   0   0   0   0   0   0   0   0   0   0   0   1   1   0   0   0   0   0   0   0   0   0   0   0   0   0   2   2   0   0   0   0   0   0   0   0   0   0   0   0   0   2   2   0   0   0   0   0   0   0   0   0   0   0   0   0   2   2   0   0   0   0   0   0   0   0   0   0   0   0   0   2   2   0   0   0   0   0   0   0   0   0   0   0   0   0   2   2   0   0   0   0   0   0   0   0   0   0   0   0   0   1   2   0   0   0   0   0   0   0   0   0   0   0   0   0   2   2   0   0   0   0   0   0   0   0   0   0   0   0   0   0   0   0   0   0   0   0   0   0 
  0   0   0   0   0   0   0   0   0   0   0   0   0   0   0   0   0   0   0   0   0   0   0   0   0   0   0   0   0   0   0   0   0   0   0   0   0   0   0   0   0   0   0   0   0   0   0   0   0   0   0   0   0   0   0   0   0   0   0   0   0   0   0   0   0   0   0   0   0   0   0   0   0   0   0   0   0   0   0   0   0   0   0   0   0   0   0   0   0   0   0   0   0   0   0   0   0   0   0   0   0   0   0   0   0   0   0   0   0   0   0   0   0   1   0   0   0   0   0   0   0   0   0   0   0   0   0   0   0   0   0   0   0   0   0   0   0   0   0   0   0   0   1   1   0   0   0   0   0   0   0   0   0   0   0   0   0   0   1   0   0   0   0   0   0   0   0   0   0   0   0   0   0   1   0   0   0   0   0   0   0   0   0   0   0   0   0   1   1   0   0   0   0   0   0   0   0   0   0   0   0   0   1   1   0   0   0   0   0   0   0   0   0   0   0   0   0   1   1   0   0   0   0   0   0   0   0   0   0   0   0   0   1   1   0   0   0   0   0   0   0   0   0   0   0   0   0   0   0   0   0   0   0   0   0   0 
  0   0   0   0   0   0   0   0   0   0   0   0   0   0   0   0   0   0   0   0   0   0  12  12   0   0   0   0   0   0   0   0   0   0   0   0   0  12  12   0   0   0   0   0   0   0   0   0   0   0   0   0  12  12   0   0   0   0   0   0   0   0   0   0   0   0   0  12  12   0   0   0   0   0   0   0   0   0   0   0   0   0  11  12   0   0   0   0   0   0   0   0   0   0   0   0   0  11  12   0   0   0   0   0   0   0   0   0   0   0   0   0  11  12   0   0   0   0   0   0   0   0   0   0   0   1   0   8   9   0   1   0   0   0   0   0   0   0   0   0   0   0  10  12   0   0   0   0   0   0   0   0   0   0   0   0   0  10  12   0   0   0   0   0   0   0   0   0   0   0   0   0  10  12   0   0   0   0   0   0   0   0   0   0   0   0   0   9  12   0   0   0   0   0   0   0   0   0   0   0   0   0   9  11   0   0   0   0   0   0   0   0   0   0   0   0   0   9  11   0   0   0   0   0   0   0   0   0   0   0   0   0   8  12   0   1   0   0   0   0   0   0   0   0   0   0   0   0   0   0   0   0   0   0   0   0 
  0   0   0   0   0   0   0   0   1   1   1   1   0   0   0   0   0   0   0   0   0   0   2   2   0   0   0   0   0   0   0   0   0   0   0   0   0   2   2   0   0   0   0   0   0   0   0   0   0   0   0   0   2   2   0   0   0   0   0   0   0   0   0   0   0   0   0   1   1   0   0   0   0   0   0   0   0   0   0   0   0   0   1   1   0   0   0   0   0   0   0   0   0   0   0   0   0   1   1   0   0   0   0   0   0   0   0   0   0   0   0   0   1   1   0   0   0   0   0   0   0   0   0   0   0   0   0   0   0   0   0   0   0   0   0   0   0   0   0   0   0   0   0   1   0   0   0   0   0   0   0   0   0   0   0   0   0   0   0   0   0   0   0   0   0   0   0   0   0   0   0   0   0   0   0   0   0   0   0   0   0   0   0   0   0   0   0   0   0   0   0   0   0   0   0   0   0   0   0   0   0   0   0   0   0   0   0   0   0   0   0   0   0   0   0   0   0   0   0   0   0   0   0   0   0   0   0   0   0   0   0   0   0   0   0   0   0   0   0   0   0   1   1   1   1   1   1   1   0   0   0   0   0   0   0   0 
  0   0   0   0   2   7  13  14  11  12   9   3   3   0   0   0   0   1   3   0  12   4 189 184   3  13   0   3   1   1   1   1   1   3   0  12   3 185 186   3  12   0   2   1   1   1   0   1   2   0  12   3 183 186   3  12   0   3   1   1   1   1   1   2   0  12   2 179 187   4  12   0   3   1   1   1   0   1   2   0  11   2 176 187   4  12   0   3   1   1   1   0   1   2   0  11   1 173 187   5  13   0   3   1   1   1   0   1   2   0  11   1 171 187   6  13   0   3   1   0   0   4   5   0   0  23   0 131 150   1  26   0   0   5   4   0   0   2   2   1  11   1 163 188   7  13   0   3   1   1   1   0   1   2   0  10   0 160 188   7  13   0   3   1   1   1   0   1   2   0  10   0 157 188   8  13   0   3   1   1   1   0   1   2   0   9   0 154 188   8  13   0   3   1   1   1   0   1   2   1   9   0 150 188   9  13   0   3   1   1   1   0   1   1   1   9   0 148 187  10  13   0   3   1   1   1   0   1   1   1   9   0 144 188  10  12   0   3   0   1   0   0   0   4   5  11  13  10  11   9   5   1   0   0   0   0 
  0   0   0   2   7  15  20  16  11  10   5   1   1   0   0   1   0   1   2   0  14   4 203 191   3  13   0   3   1   1   1   1   1   3   0  13   3 199 198   3  13   0   3   1   1   1   1   1   3   0  13   3 198 201   4  13   0   3   1   1   1   1   1   3   0  13   3 197 205   4  14   0   3   1   1   1   1   1   3   0  13   2 196 208   5  14   0   3   1   1   1   1   1   3   0  13   2 195 211   5  14   0   3   1   1   1   1   1   2   0  13   1 195 212   7  15   0   3   2   0   0   4   6   0   0  26   0 146 167   1  30   0   0   6   5   0   0   2   3   1  12   1 191 220   8  15   0   3   1   1   1   1   1   2   1  12   1 191 224   8  15   0   4   1   1   1   0   1   2   1  12   0 190 227   9  15   0   4   1   1   1   1   1   2   1  12   0 189 230  10  16   0   4   1   1   1   0   1   2   1  12   0 187 233  11  16   0   4   1   1   1   0   1   2   1  11   0 186 236  12  16   0   4   1   1   1   0   1   2   1  11   0 183 240  13  16   0   3   0   1   1   1   0   1   2   7  12  12  16  17  11   5   1   0   0   0 
  0   0   1   1   2   2   2   2   1   0   0   0   0   0   0   0   0   0   0   0   0   0   4   5   0   0   0   0   0   0   0   0   0   0   0   0   0   5   5   0   0   0   0   0   0   0   0   0   0   0   0   0   5   5   0   0   0   0   0   0   0   0   0   0   0   0   0   6   6   0   0   0   0   0   0   0   0   0   0   0   0   0   6   6   0   0   0   0   0   0   0   0   0   0   0   0   0   6   7   0   0   0   0   0   0   0   0   0   0   0   0   0   7   7   0   0   0   0   0   0   0   0   0   0   0   1   0   5   6   0   1   0   0   0   0   0   0   0   0   0   0   0   7   9   0   0   0   0   0   0   0   0   0   0   0   0   0   8   9   0   0   0   0   0   0   0   0   0   0   0   0   0   8  10   0   0   0   0   0   0   0   0   0   0   0   0   0   8  10   0   0   0   0   0   0   0   0   0   0   0   0   0   9  11   0   0   0   0   0   0   0   0   0   0   0   0   0   9  12   0   0   0   0   0   0   0   0   0   0   0   0   0   9  13   0   0   0   0   0   0   0   0   0   0   0   0   0   1   2   2   2   1   0   0   0   0 
  0   0   0   0   0   0   1   1   0   0   0   0   0   0   0   0   0   0   0   0   0   0  15  10   0   1   0   0   0   0   0   0   0   0   0   0   0  13  13   0   0   0   0   0   0   0   0   0   0   0   0   0  13  13   0   0   0   0   0   0   0   0   0   0   0   0   0  13  14   0   0   0   0   0   0   0   0   0   0   0   0   0  13  14   0   0   0   0   0   0   0   0   0   0   0   0   0  13  14   0   1   0   0   0   0   0   0   0   0   0   0   0  13  14   0   1   0   0   0   0   0   0   0   0   0   1   0  10  12   0   2   0   0   0   0   0   0   0   0   0   0   0  13  15   0   1   0   0   0   0   0   0   0   0   0   0   0  13  15   0   1   0   0   0   0   0   0   0   0   0   0   0  13  15   0   1   0   0   0   0   0   0   0   0   0   0   0  13  16   0   1   0   0   0   0   0   0   0   0   0   0   0  13  16   0   1   0   0   0   0   0   0   0   0   0   0   0  13  16   0   1   0   0   0   0   0   0   0   0   0   1   0  13  15   1   1   0   0   0   0   0   0   0   0   0   0   0   0   0   0   0   0   0   0   0   0 
  0   0   0   0   0   0   0   0   0   0   0   0   0   0   0   0   0   0   0   0   0   0   0   0   0   0   0   0   0   0   0   0   0   0   0   0   0   0   0   0   0   0   0   0   0   0   0   0   0   0   0   0   0   0   0   0   0   0   0   0   0   0   0   0   0   0   0   0   0   0   0   0   0   0   0   0   0   0   0   0   0   0   0   0   0   0   0   0   0   0   0   0   0   0   0   0   0   0   0   0   0   0   0   0   0   0   0   0   0   0   0   0   0   0   0   0   0   0   0   0   0   0   0   0   0   0   0   0   0   0   0   0   0   0   0   0   0   0   0   0   0   0   0   0   0   0   0   0   0   0   0   0   0   0   0   0   0   0   0   0   0   0   0   0   0   0   0   0   0   0   0   0   0   0   0   0   0   0   0   0   0   0   0   0   0   0   0   0   0   0   0   0   0   0   0   0   0   0   0   0   0   0   0   0   0   0   0   0   0   0   0   0   0   0   0   0   0   0   0   0   0   0   0   0   0   0   0   0   0   0   0   0   0   0   0   0   0   0   0   0   0   0   0   0   0   0   0   0   0   0   0   0   0   0   0   0 
  0   0   0   0   0   0   0   0   0   0   0   0   0   0   0   0   0   0   0   0   0   0   3   3   0   0   0   0   0   0   0   0   0   0   0   0   0   3   3   0   0   0   0   0   0   0   0   0   0   0   0   0   3   3   0   0   0   0   0   0   0   0   0   0   0   0   0   3   3   0   0   0   0   0   0   0   0   0   0   0   0   0   3   3   0   0   0   0   0   0   0   0   0   0   0   0   0   3   3   0   0   0   0   0   0   0   0   0   0   0   0   0   3   3   0   0   0   0   0   0   0   0   0   0   0   0   0   2   3   0   0   0   0   0   0   0   0   0   0   0   0   0   3   4   0   0   0   0   0   0   0   0   0   0   0   0   0   3   4   0   0   0   0   0   0   0   0   0   0   0   0   0   3   4   0   0   0   0   0   0   0   0   0   0   0   0   0   3   4   0   0   0   0   0   0   0   0   0   0   0   0   0   3   4   0   0   0   0   0   0   0   0   0   0   0   0   0   3   4   0   0   0   0   0   0   0   0   0   0   0   0   0   3   4   0   0   0   0   0   0   0   0   0   0   0   0   0   0   0   0   0   0   0   0   0   0 
  0   0   0   0   0   0   0   0   0   0   0   0   0   0   0   0   0   0   0   0   0   0   1   1   0   0   0   0   0   0   0   0   0   0   0   0   0   1   1   0   0   0   0   0   0   0   0   0   0   0   0   0   1   1   0   0   0   0   0   0   0   0   0   0   0   0   0   1   1   0   0   0   0   0   0   0   0   0   0   0   0   0   1   1   0   0   0   0   0   0   0   0   0   0   0   0   0   1   1   0   0   0   0   0   0   0   0   0   0   0   0   0   1   1   0   0   0   0   0   0   0   0   0   0   0   0   0   0   1   0   0   0   0   0   0   0   0   0   0   0   0   0   1   1   0   0   0   0   0   0   0   0   0   0   0   0   0   1   1   0   0   0   0   0   0   0   0   0   0   0   0   0   1   1   0   0   0   0   0   0   0   0   0   0   0   0   0   1   1   0   0   0   0   0   0   0   0   0   0   0   0   0   1   1   0   0   0   0   0   0   0   0   0   0   0   0   0   1   1   0   0   0   0   0   0   0   0   0   0   0   0   0   1   1   0   0   0   0   0   0   0   0   0   0   0   0   0   0   0   0   0   0   0   0   0   0 
  0   0   0   0   0   0   0   0   0   0   0   0   0   0   0   0   0   0   0   0   0   0   0   1   0   0   0   0   0   0   0   0   0   0   0   0   0   1   1   0   0   0   0   0   0   0   0   0   0   0   0   0   1   1   0   0   0   0   0   0   0   0   0   0   0   0   0   1   1   0   0   0   0   0   0   0   0   0   0   0   0   0   1   1   0   0   0   0   0   0   0   0   0   0   0   0   0   1   1   0   0   0   0   0   0   0   0   0   0   0   0   0   1   1   0   0   0   0   0   0   0   0   0   0   0   0   0   0   1   0   0   0   0   0   0   0   0   0   0   0   0   0   1   1   0   0   0   0   0   0   0   0   0   0   0   0   0   1   1   0   0   0   0   0   0   0   0   0   0   0   0   0   1   1   0   0   0   0   0   0   0   0   0   0   0   0   0   1   1   0   0   0   0   0   0   0   0   0   0   0   0   0   1   1   0   0   0   0   0   0   0   0   0   0   0   0   0   1   1   0   0   0   0   0   0   0   0   0   0   0   0   0   1   0   0   0   0   0   0   0   0   0   0   0   0   0   0   0   0   0   0   0   0   0   0   0 
  0   0   0   0   0   0   0   0   0   0   0   0   0   0   0   0   0   0   0   0   0   0   1   1   0   0   0   0   0   0   0   0   0   0   0   0   0   1   1   0   0   0   0   0   0   0   0   0   0   0   0   0   1   1   0   0   0   0   0   0   0   0   0   0   0   0   0   1   1   0   0   0   0   0   0   0   0   0   0   0   0   0   1   1   0   0   0   0   0   0   0   0   0   0   0   0   0   1   1   0   0   0   0   0   0   0   0   0   0   0   0   0   1   1   0   0   0   0   0   0   0   0   0   0   0   0   0   1   1   0   0   0   0   0   0   0   0   0   0   0   0   0   1   1   0   0   0   0   0   0   0   0   0   0   0   0   0   1   1   0   0   0   0   0   0   0   0   0   0   0   0   0   1   1   0   0   0   0   0   0   0   0   0   0   0   0   0   1   1   0   0   0   0   0   0   0   0   0   0   0   0   0   1   1   0   0   0   0   0   0   0   0   0   0   0   0   0   1   1   0   0   0   0   0   0   0   0   0   0   0   0   0   1   1   0   0   0   0   0   0   0   0   0   0   0   0   0   0   0   0   0   0   0   0   0   0 
  0   0   0   0   0   0   0   0   0   0   0   0   0   0   0   0   0   0   0   0   0   0   0   1   0   0   0   0   0   0   0   0   0   0   0   0   0   0   0   0   0   0   0   0   0   0   0   0   0   0   0   0   0   0   0   0   0   0   0   0   0   0   0   0   0   0   0   0   0   0   0   0   0   0   0   0   0   0   0   0   0   0   0   0   0   0   0   0   0   0   0   0   0   0   0   0   0   0   0   0   0   0   0   0   0   0   0   0   0   0   0   0   0   0   0   0   0   0   0   0   0   0   0   0   0   0   0   0   0   0   0   0   0   0   0   0   0   0   0   0   0   0   0   0   0   0   0   0   0   0   0   0   0   0   0   0   0   0   0   0   0   0   0   0   0   0   0   0   0   0   0   0   0   0   0   0   0   0   0   0   0   0   0   0   0   0   0   0   0   0   0   0   0   0   0   0   0   0   0   0   0   0   0   0   0   0   0   0   0   0   0   0   0   0   0   0   0   0   0   0   0   0   0   0   0   0   0   0   0   0   0   0   0   0   0   0   0   0   0   0   0   0   0   0   0   0   0   0   0   0   0   0   0   0   0   0 
  0   0   0   0   0   0   0   0   0   0   0   0   0   0   0   0   0   0   0   0   0   0   1   1   0   0   0   0   0   0   0   0   0   0   0   0   0   1   1   0   0   0   0   0   0   0   0   0   0   0   0   0   1   1   0   0   0   0   0   0   0   0   0   0   0   0   0   1   1   0   0   0   0   0   0   0   0   0   0   0   0   0   1   1   0   0   0   0   0   0   0   0   0   0   0   0   0   1   1   0   0   0   0   0   0   0   0   0   0   0   0   0   1   1   0   0   0   0   0   0   0   0   0   0   0   0   0   1   1   0   0   0   0   0   0   0   0   0   0   0   0   0   1   1   0   0   0   0   0   0   0   0   0   0   0   0   0   1   1   0   0   0   0   0   0   0   0   0   0   0   0   0   1   1   0   0   0   0   0   0   0   0   0   0   0   0   0   1   1   0   0   0   0   0   0   0   0   0   0   0   0   0   1   1   0   0   0   0   0   0   0   0   0   0   0   0   0   1   1   0   0   0   0   0   0   0   0   0   0   0   0   0   0   1   0   0   0   0   0   0   0   0   0   0   0   0   0   0   0   0   0   0   0   0   0   0 
  0   0   0   0   0   0   0   0   0   0   0   0   0   0   0   0   0   0   0   0   0   0   2   2   0   0   0   0   0   0   0   0   0   0   0   0   0   2   2   0   0   0   0   0   0   0   0   0   0   0   0   0   2   2   0   0   0   0   0   0   0   0   0   0   0   0   0   2   2   0   0   0   0   0   0   0   0   0   0   0   0   0   2   2   0   0   0   0   0   0   0   0   0   0   0   0   0   2   2   0   0   0   0   0   0   0   0   0   0   0   0   0   2   2   0   0   0   0   0   0   0   0   0   0   0   0   0   1   2   0   0   0   0   0   0   0   0   0   0   0   0   0   2   2   0   0   0   0   0   0   0   0   0   0   0   0   0   2   2   0   0   0   0   0   0   0   0   0   0   0   0   0   2   2   0   0   0   0   0   0   0   0   0   0   0   0   0   1   2   0   0   0   0   0   0   0   0   0   0   0   0   0   1   2   0   0   0   0   0   0   0   0   0   0   0   0   0   1   2   0   0   0   0   0   0   0   0   0   0   0   0   0   1   2   0   0   0   0   0   0   0   0   0   0   0   0   0   0   0   0   0   0   0   0   0   0 
  0   0   0   0   0   0   0   0   0   0   0   0   0   0   0   0   0   0   0   0   0   0   0   0   0   0   0   0   0   0   0   0   0   0   0   0   0   0   0   0   0   0   0   0   0   0   0   0   0   0   0   0   0   0   0   0   0   0   0   0   0   0   0   0   0   0   0   0   0   0   0   0   0   0   0   0   0   0   0   0   0   0   0   1   0   0   0   0   0   0   0   0   0   0   0   0   0   0   1   0   0   0   0   0   0   0   0   0   0   0   0   0   0   1   0   0   0   0   0   0   0   0   0   0   0   0   0   0   0   0   0   0   0   0   0   0   0   0   0   0   0   0   1   1   0   0   0   0   0   0   0   0   0   0   0   0   0   1   1   0   0   0   0   0   0   0   0   0   0   0   0   0   1   1   0   0   0   0   0   0   0   0   0   0   0   0   0   1   1   0   0   0   0   0   0   0   0   0   0   0   0   0   1   1   0   0   0   0   0   0   0   0   0   0   0   0   0   1   1   0   0   0   0   0   0   0   0   0   0   0   0   0   0   1   0   0   0   0   0   0   0   0   0   0   0   0   0   0   0   0   0   0   0   0   0   0 
  0   0   0   0   0   0   0   0   0   0   0   0   0   0   0   0   0   0   0   0   0   0   8   9   0   0   0   0   0   0   0   0   0   0   0   0   0  11  12   0   0   0   0   0   0   0   0   0   0   0   0   0  11  12   0   0   0   0   0   0   0   0   0   0   0   0   0  11  12   0   0   0   0   0   0   0   0   0   0   0   0   0  11  12   0   0   0   0   0   0   0   0   0   0   0   0   0  10  12   0   0   0   0   0   0   0   0   0   0   0   0   0  10  11   0   0   0   0   0   0   0   0   0   0   0   1   0   8   9   0   1   0   0   0   0   0   0   0   0   0   0   0  10  11   0   0   0   0   0   0   0   0   0   0   0   0   0   9  11   0   0   0   0   0   0   0   0   0   0   0   0   0   9  11   0   0   0   0   0   0   0   0   0   0   0   0   0   9  11   0   0   0   0   0   0   0   0   0   0   0   0   0   9  11   0   0   0   0   0   0   0   0   0   0   0   0   0   9  10   0   0   0   0   0   0   0   0   0   0   1   0   0   8   7   0   0   0   0   0   0   0   0   0   0   0   0   0   0   0   0   0   0   0   0   0   0 
  0   0   0   0   0   0   0   0   0   0   0   0   0   0   0   0   0   0   0   0   0   0   0   5   3   2   1   0   0   0   0   0   0   0   0   0   0   1   1   0   0   0   0   0   0   0   0   0   0   0   0   0   1   1   0   0   0   0   0   0   0   0   0   0   0   0   0   1   1   0   0   0   0   0   0   0   0   0   0   0   0   0   1   1   0   0   0   0   0   0   0   0   0   0   0   0   0   0   0   0   0   0   0   0   0   0   0   0   0   0   0   0   0   0   0   0   0   0   0   0   0   0   0   0   0   0   0   0   0   0   0   0   0   0   0   0   0   0   0   0   0   0   0   0   0   0   0   0   0   0   0   0   0   0   0   0   0   0   0   0   0   0   0   0   0   0   0   0   0   0   0   0   0   0   0   0   0   0   0   0   0   0   0   0   0   0   0   0   0   0   0   0   0   0   0   0   0   0   0   0   0   0   0   0   0   0   0   0   0   0   0   0   0   0   0   0   0   0   0   0   0   0   0   0   0   0   0   0   1   2   3   3   3   1   1   0   0   0   0   0   0   0   0   0   0   0   0   0   0   0   0   0   0   0   0   0 
  0   0   0   0   0   0   0   0   0   0   0   0   0   0   0   0   0   0   0   1   4   9 144 155  12   8   0   2   0   0   1   0   1   2   0  12   3 182 182   3  12   0   3   1   1   1   1   1   2   0  12   2 177 183   4  12   0   3   1   1   1   0   1   2   0  11   2 174 183   4  12   0   3   1   1   1   0   1   2   0  11   2 171 184   5  12   0   3   1   1   1   0   1   2   0  11   1 168 184   5  12   0   3   1   1   1   0   1   2   0  11   1 165 183   6  13   0   3   1   0   0   3   5   0   0  22   0 125 145   1  25   0   0   5   4   0   0   2   2   1  10   1 157 184   7  12   0   3   1   1   1   0   1   2   0  10   0 155 184   7  12   0   3   1   1   1   0   1   2   0   9   0 151 184   8  12   0   3   1   1   1   0   1   1   1   9   0 148 184   9  12   0   3   1   1   1   0   1   1   1   9   0 145 183   9  12   0   3   1   1   1   0   1   1   1   9   0 141 185   9  12   0   3   0   1   0   0   0   2   0  10   6 129 137  11   3   1   0   0   0   0   0   0   0   0   0   0   0   0   0   0   0   0   0   0   0 
  0   0   0   0   0   0   0   0   0   0   0   0   0   0   0   0   0   0   1   0  12  14 200 149   7   4   0   1   0   0   1   0   1   2   0  13   3 202 202   4  13   0   3   1   1   1   1   1   3   0  13   3 200 207   4  14   0   3   1   1   1   1   1   3   0  13   2 200 210   5  14   0   3   1   1   1   1   1   3   0  13   2 198 213   5  14   0   3   1   1   1   1   1   3   0  13   2 197 216   6  15   0   3   1   1   1   1   1   2   0  13   1 197 218   7  16   0   3   2   0   0   4   6   0   0  27   0 151 175   1  30   0   0   6   5   0   0   2   3   1  13   1 193 226   8  15   0   4   1   1   1   1   1   2   1  12   0 193 229   9  15   0   4   1   1   1   1   1   2   1  12   0 192 232  10  16   0   4   1   1   1   0   1   2   1  12   0 190 235  11  16   0   4   1   1   1   0   1   2   1  11   0 189 238  12  16   0   4   1   1   1   0   1   2   1  11   0 186 242  13  16   0   4   0   1   1   1   1   1   0   5   4 140 218  29   9   1   1   0   0   0   0   0   0   0   0   0   0   0   0   0   0   0   0   0   0 
  0   0   0   0   0   0   0   0   0   0   0   0   0   0   0   0   0   0   1   1   4   2  14   3   1   0   0   0   0   0   0   0   0   0   0   0   0   6   6   0   0   0   0   0   0   0   0   0   0   0   0   0   6   7   0   0   0   0   0   0   0   0   0   0   0   0   0   7   7   0   0   0   0   0   0   0   0   0   0   0   0   0   7   8   0   0   0   0   0   0   0   0   0   0   0   0   0   8   8   0   0   0   0   0   0   0   0   0   0   0   0   0   8   9   0   0   0   0   0   0   0   0   0   0   0   1   0   6   7   0   1   0   0   0   0   0   0   0   0   0   0   0   9  10   0   0   0   0   0   0   0   0   0   0   0   0   0   9  11   0   0   0   0   0   0   0   0   0   0   0   0   0  10  12   0   0   0   0   0   0   0   0   0   0   0   0   0  10  12   0   0   0   0   0   0   0   0   0   0   0   0   0  10  13   0   0   0   0   0   0   0   0   0   0   0   0   0  11  14   0   0   0   0   0   0   0   0   0   0   0   0   1   4  19   5   4   1   1   0   0   0   0   0   0   0   0   0   0   0   0   0   0   0   0   0   0 
  0   0   0   0   0   0   0   0   0   0   0   0   0   0   0   0   0   1   0   1   0   1  10  10   0   0   0   0   0   0   0   0   0   0   0   0   0  14  14   0   0   0   0   0   0   0   0   0   0   0   0   0  13  14   0   0   0   0   0   0   0   0   0   0   0   0   0  13  14   0   1   0   0   0   0   0   0   0   0   0   0   0  13  14   0   1   0   0   0   0   0   0   0   0   0   0   0  13  15   0   1   0   0   0   0   0   0   0   0   0   0   0  13  15   0   1   0   0   0   0   0   0   0   0   0   1   0  10  12   0   2   0   0   0   0   0   0   0   0   0   0   0  13  15   0   1   0   0   0   0   0   0   0   0   0   0   0  13  15   0   1   0   0   0   0   0   0   0   0   0   0   0  13  16   0   1   0   0   0   0   0   0   0   0   0   0   0  13  16   0   1   0   0   0   0   0   0   0   0   0   0   0  13  16   0   1   0   0   0   0   0   0   0   0   0   0   0  12  17   0   1   0   0   0   0   0   0   0   0   0   0   0  10  11   1   0   0   0   0   0   0   0   0   0   0   0   0   0   0   0   0   0   0   0   0   0 
  0   0   0   0   0   0   0   0   0   0   0   0   0   0   0   0   0   0   0   0   0   0   0   1   0   0   0   0   0   0   0   0   0   0   0   0   0   0   0   0   0   0   0   0   0   0   0   0   0   0   0   0   0   0   0   0   0   0   0   0   0   0   0   0   0   0   0   0   0   0   0   0   0   0   0   0   0   0   0   0   0   0   0   0   0   0   0   0   0   0   0   0   0   0   0   0   0   0   0   0   0   0   0   0   0   0   0   0   0   0   0   0   0   0   0   0   0   0   0   0   0   0   0   0   0   0   0   0   0   0   0   0   0   0   0   0   0   0   0   0   0   0   0   0   0   0   0   0   0   0   0   0   0   0   0   0   0   0   0   0   0   0   0   0   0   0   0   0   0   0   0   0   0   0   0   0   0   0   0   0   0   0   0   0   0   0   0   0   0   0   0   0   0   0   0   0   0   0   0   0   0   0   0   0   0   0   0   0   0   0   0   0   0   0   0   0   0   0   0   0   0   0   0   0   0   0   0   0   0   0   0   0   0   0   0   0   0   0   0   0   0   0   0   0   0   0   0   0   0   0   0   0   0   0   0   0 
  0   0   0   0   0   0   0   0   0   0   0   0   0   0   0   0   0   0   0   0   0   0   2   2   0   0   0   0   0   0   0   0   0   0   0   0   0   3   3   0   0   0   0   0   0   0   0   0   0   0   0   0   3   3   0   0   0   0   0   0   0   0   0   0   0   0   0   3   3   0   0   0   0   0   0   0   0   0   0   0   0   0   3   3   0   0   0   0   0   0   0   0   0   0   0   0   0   3   3   0   0   0   0   0   0   0   0   0   0   0   0   0   3   3   0   0   0   0   0   0   0   0   0   0   0   0   0   2   3   0   0   0   0   0   0   0   0   0   0   0   0   0   3   4   0   0   0   0   0   0   0   0   0   0   0   0   0   3   4   0   0   0   0   0   0   0   0   0   0   0   0   0   3   4   0   0   0   0   0   0   0   0   0   0   0   0   0   3   4   0   0   0   0   0   0   0   0   0   0   0   0   0   3   4   0   0   0   0   0   0   0   0   0   0   0   0   0   3   4   0   0   0   0   0   0   0   0   0   0   0   0   0   1   2   0   0   0   0   0   0   0   0   0   0   0   0   0   0   0   0   0   0   0   0   0   0 
  0   0   0   0   0   0   0   0   0   0   0   0   0   0   0   0   0   0   0   0   0   0   0   0   0   0   0   0   0   0   0   0   0   0   0   0   0   1   1   0   0   0   0   0   0   0   0   0   0   0   0   0   1   1   0   0   0   0   0   0   0   0   0   0   0   0   0   1   1   0   0   0   0   0   0   0   0   0   0   0   0   0   1   1   0   0   0   0   0   0   0   0   0   0   0   0   0   1   1   0   0   0   0   0   0   0   0   0   0   0   0   0   1   1   0   0   0   0   0   0   0   0   0   0   0   0   0   0   1   0   0   0   0   0   0   0   0   0   0   0   0   0   1   1   0   0   0   0   0   0   0   0   0   0   0   0   0   1   1   0   0   0   0   0   0   0   0   0   0   0   0   0   1   1   0   0   0   0   0   0   0   0   0   0   0   0   0   1   1   0   0   0   0   0   0   0   0   0   0   0   0   0   1   1   0   0   0   0   0   0   0   0   0   0   0   0   0   0   1   0   0   0   0   0   0   0   0   0   0   0   0   0   0   0   0   0   0   0   0   0   0   0   0   0   0   0   0   0   0   0   0   0   0   0   0   0 
  0   0   0   0   0   0   0   0   0   0   0   0   0   0   0   0   0   0   0   0   0   0   0   0   0   0   0   0   0   0   0   0   0   0   0   0   0   1   1   0   0   0   0   0   0   0   0   0   0   0   0   0   1   1   0   0   0   0   0   0   0   0   0   0   0   0   0   1   1   0   0   0   0   0   0   0   0   0   0   0   0   0   1   1   0   0   0   0   0   0   0   0   0   0   0   0   0   1   1   0   0   0   0   0   0   0   0   0   0   0   0   0   1   1   0   0   0   0   0   0   0   0   0   0   0   0   0   0   0   0   0   0   0   0   0   0   0   0   0   0   0   0   1   1   0   0   0   0   0   0   0   0   0   0   0   0   0   1   1   0   0   0   0   0   0   0   0   0   0   0   0   0   1   1   0   0   0   0   0   0   0   0   0   0   0   0   0   1   1   0   0   0   0   0   0   0   0   0   0   0   0   0   1   1   0   0   0   0   0   0   0   0   0   0   0   0   0   1   1   0   0   0   0   0   0   0   0   0   0   0   0   0   0   0   0   0   0   0   0   0   0   0   0   0   0   0   0   0   0   0   0   0   0   0   0   0 
  0   0   0   0   0   0   0   0   0   0   0   0   0   0   0   0   0   0   0   0   0   0   0   0   0   0   0   0   0   0   0   0   0   0   0   0   0   1   1   0   0   0   0   0   0   0   0   0   0   0   0   0   1   1   0   0   0   0   0   0   0   0   0   0   0   0   0   1   1   0   0   0   0   0   0   0   0   0   0   0   0   0   1   1   0   0   0   0   0   0   0   0   0   0   0   0   0   1   1   0   0   0   0   0   0   0   0   0   0   0   0   0   1   1   0   0   0   0   0   0   0   0   0   0   0   0   0   1   1   0   0   0   0   0   0   0   0   0   0   0   0   0   1   1   0   0   0   0   0   0   0   0   0   0   0   0   0   1   1   0   0   0   0   0   0   0   0   0   0   0   0   0   1   1   0   0   0   0   0   0   0   0   0   0   0   0   0   1   1   0   0   0   0   0   0   0   0   0   0   0   0   0   1   1   0   0   0   0   0   0   0   0   0   0   0   0   0   1   1   0   0   0   0   0   0   0   0   0   0   0   0   0   0   0   0   0   0   0   0   0   0   0   0   0   0   0   0   0   0   0   0   0   0   0   0   0 
  0   0   0   0   0   0   0   0   0   0   0   0   0   0   0   0   0   0   0   0   0   0   0   0   0   0   0   0   0   0   0   0   0   0   0   0   0   0   0   0   0   0   0   0   0   0   0   0   0   0   0   0   0   0   0   0   0   0   0   0   0   0   0   0   0   0   0   0   0   0   0   0   0   0   0   0   0   0   0   0   0   0   0   0   0   0   0   0   0   0   0   0   0   0   0   0   0   0   0   0   0   0   0   0   0   0   0   0   0   0   0   0   0   0   0   0   0   0   0   0   0   0   0   0   0   0   0   0   0   0   0   0   0   0   0   0   0   0   0   0   0   0   0   0   0   0   0   0   0   0   0   0   0   0   0   0   0   0   0   0   0   0   0   0   0   0   0   0   0   0   0   0   0   0   0   0   0   0   0   0   0   0   0   0   0   0   0   0   0   0   0   0   0   0   0   0   0   0   0   0   0   0   0   0   0   0   0   0   0   0   0   0   0   0   0   0   0   0   0   0   0   0   0   0   0   0   0   0   0   0   0   0   0   0   0   0   0   0   0   0   0   0   0   0   0   0   0   0   0   0   0   0   0   0   0   0 
  0   0   0   0   0   0   0   0   0   0   0   0   0   0   0   0   0   0   0   0   0   0   0   0   0   0   0   0   0   0   0   0   0   0   0   0   0   1   1   0   0   0   0   0   0   0   0   0   0   0   0   0   1   1   0   0   0   0   0   0   0   0   0   0   0   0   0   1   1   0   0   0   0   0   0   0   0   0   0   0   0   0   1   1   0   0   0   0   0   0   0   0   0   0   0   0   0   1   1   0   0   0   0   0   0   0   0   0   0   0   0   0   1   1   0   0   0   0   0   0   0   0   0   0   0   0   0   1   1   0   0   0   0   0   0   0   0   0   0   0   0   0   1   1   0   0   0   0   0   0   0   0   0   0   0   0   0   1   1   0   0   0   0   0   0   0   0   0   0   0   0   0   1   1   0   0   0   0   0   0   0   0   0   0   0   0   0   1   1   0   0   0   0   0   0   0   0   0   0   0   0   0   1   1   0   0   0   0   0   0   0   0   0   0   0   0   0   1   1   0   0   0   0   0   0   0   0   0   0   0   0   0   0   0   0   0   0   0   0   0   0   0   0   0   0   0   0   0   0   0   0   0   0   0   0   0 
  0   0   0   0   0   0   0   0   0   0   0   0   0   0   0   0   0   0   0   0   0   0   0   0   0   0   0   0   0   0   0   0   0   0   0   0   0   2   2   0   0   0   0   0   0   0   0   0   0   0   0   0   2   2   0   0   0   0   0   0   0   0   0   0   0   0   0   2   2   0   0   0   0   0   0   0   0   0   0   0   0   0   2   2   0   0   0   0   0   0   0   0   0   0   0   0   0   2   2   0   0   0   0   0   0   0   0   0   0   0   0   0   2   2   0   0   0   0   0   0   0   0   0   0   0   0   0   1   1   0   0   0   0   0   0   0   0   0   0   0   0   0   1   2   0   0   0   0   0   0   0   0   0   0   0   0   0   1   2   0   0   0   0   0   0   0   0   0   0   0   0   0   1   2   0   0   0   0   0   0   0   0   0   0   0   0   0   1   2   0   0   0   0   0   0   0   0   0   0   0   0   0   1   2   0   0   0   0   0   0   0   0   0   0   0   0   0   1   1   0   0   0   0   0   0   0   0   0   0   0   0   0   1   0   0   0   0   0   0   0   0   0   0   0   0   0   0   0   0   0   0   0   0   0   0   0 
  0   0   0   0   0   0   0   0   0   0   0   0   0   0   0   0   0   0   0   0   0   0   0   0   0   0   0   0   0   0   0   0   0   0   0   0   0   0   1   0   0   0   0   0   0   0   0   0   0   0   0   0   0   1   0   0   0   0   0   0   0   0   0   0   0   0   0   1   1   0   0   0   0   0   0   0   0   0   0   0   0   0   1   1   0   0   0   0   0   0   0   0   0   0   0   0   0   1   1   0   0   0   0   0   0   0   0   0   0   0   0   0   1   1   0   0   0   0   0   0   0   0   0   0   0   0   0   0   1   0   0   0   0   0   0   0   0   0   0   0   0   0   1   1   0   0   0   0   0   0   0   0   0   0   0   0   0   1   1   0   0   0   0   0   0   0   0   0   0   0   0   0   1   1   0   0   0   0   0   0   0   0   0   0   0   0   0   1   1   0   0   0   0   0   0   0   0   0   0   0   0   0   1   1   0   0   0   0   0   0   0   0   0   0   0   0   0   1   1   0   0   0   0   0   0   0   1   1   0   0   0   0   0   0   0   0   0   0   0   0   0   0   0   0   0   0   0   0   0   0   0   0   0   0   0   0 
  0   0   0   0   0   0   0   0   0   0   0   0   0   0   0   0   0   0   0   0   0   0   2   2   0   0   1   1   0   0   0   0   0   0   0   0   0  11  12   0   0   0   0   0   0   0   0   0   0   0   0   0  11  11   0   0   0   0   0   0   0   0   0   0   0   0   0  11  11   0   0   0   0   0   0   0   0   0   0   0   0   0  10  11   0   0   0   0   0   0   0   0   0   0   0   0   0  10  11   0   0   0   0   0   0   0   0   0   0   0   0   0  10  11   0   0   0   0   0   0   0   0   0   0   0   1   0   7   9   0   1   0   0   0   0   0   0   0   0   0   0   0   9  11   0   0   0   0   0   0   0   0   0   0   0   0   0   9  11   0   0   0   0   0   0   0   0   0   0   0   0   0   9  11   0   0   0   0   0   0   0   0   0   0   0   0   0   8  11   0   0   0   0   0   0   0   0   0   0   0   0   0   8  10   0   0   0   0   0   0   0   0   0   0   0   0   0   8  11   0   0   0   0   0   0   0   0   0   2   2   0   0   2   1   0   0   0   0   0   0   0   0   0   0   0   0   0   0   0   0   0   0   0   0   0   0 
  0   0   0   0   0   0   0   0   0   0   0   0   0   0   0   0   0   0   0   0   0   0   2   6   6   3   0   0   0   0   0   0   0   0   0   0   0   1   1   0   0   0   0   0   0   0   0   0   0   0   0   0   0   0   0   0   0   0   0   0   0   0   0   0   0   0   0   0   0   0   0   0   0   0   0   0   0   0   0   0   0   0   0   0   0   0   0   0   0   0   0   0   0   0   0   0   0   0   0   0   0   0   0   0   0   0   0   0   0   0   0   0   0   0   0   0   0   0   0   0   0   0   0   0   0   0   0   0   0   0   0   0   0   0   0   0   0   0   0   0   0   0   0   0   0   0   0   0   0   0   0   0   0   0   0   0   0   0   0   0   0   0   0   0   0   0   0   0   0   0   0   0   0   0   0   0   0   0   0   0   0   0   0   0   0   0   0   0   0   0   0   0   0   0   0   0   0   0   0   0   0   0   0   0   0   0   0   0   0   0   0   0   0   0   0   0   0   0   0   0   0   0   0   0   0   0   0   0   0   2   4   7   6   2   0   0   0   0   0   0   0   0   0   0   0   0   0   0   0   0   0   0   0   0   0   0 
  0   0   0   0   0   0   0   0   0   0   0   0   0   0   0   0   0   0   0   2   2  13  35  37  27   5   0   1   0   0   0   0   1   2   0  11   2 173 178   4  12   0   3   1   1   1   1   1   2   0  11   2 172 181   4  12   0   2   1   0   1   0   1   2   0  11   2 169 180   4  12   0   3   1   1   1   0   1   2   0  11   1 165 180   5  12   0   3   1   0   1   0   1   2   0  10   1 162 180   5  12   0   3   1   1   1   0   1   2   0  10   1 160 179   6  13   0   2   1   0   0   3   5   0   0  21   0 121 143   1  24   0   0   4   4   0   0   2   2   1  10   0 151 181   7  12   0   3   1   0   1   0   1   2   0   9   0 149 180   8  12   0   3   1   1   1   0   1   1   0   9   0 146 180   8  12   0   3   1   0   1   0   1   1   1   9   0 143 180   9  12   0   3   1   0   1   0   1   1   1   8   0 140 180   9  12   0   3   1   0   1   0   1   1   1   8   0 135 181   9  12   0   3   0   0   0   0   0   1   0   6  26  34  31  11   2   1   0   0   0   0   0   0   0   0   0   0   0   0   0   0   0   0   0   0   0 
  0   0   0   0   0   0   0   0   0   0   0   0   0   0   0   0   0   0   1   1   7  37  56  38  15   2   1   2   0   0   1   0   1   2   0  13   3 209 206   4  14   0   3   1   1   1   1   1   3   0  13   2 202 211   5  14   0   3   1   1   1   1   1   3   0  13   2 202 215   5  14   0   3   1   1   1   1   1   3   0  13   2 201 218   6  15   0   3   1   1   1   1   1   2   0  13   1 199 221   7  15   0   3   1   1   1   1   1   2   1  13   1 199 223   8  16   0   3   1   1   0   4   6   0   0  27   0 152 179   1  31   1   0   6   5   0   0   2   3   1  13   1 195 231   9  16   0   4   1   1   1   1   1   2   1  12   0 194 234  10  16   0   4   1   1   1   1   1   2   1  12   0 193 237  11  16   0   4   1   1   1   0   1   2   1  12   0 191 240  12  16   0   4   1   1   1   0   1   2   1  11   0 190 241  13  17   0   4   1   1   1   0   1   2   1  12   0 190 247  14  16   0   3   1   1   0   1   0   3   1   2  17  35  50  35   8   2   1   0   0   0   0   0   0   0   0   0   0   0   0   0   0   0   0   0   0 
  0   0   0   0   0   0   0   0   0   0   0   0   0   0   0   0   0   0   0   1   5  12  10   4   0   0   0   0   0   0   0   0   0   0   0   0   0   7   7   0   0   0   0   0   0   0   0   0   0   0   0   0   8   8   0   0   0   0   0   0   0   0   0   0   0   0   0   8   9   0   0   0   0   0   0   0   0   0   0   0   0   0   9   9   0   0   0   0   0   0   0   0   0   0   0   0   0   9  10   0   0   0   0   0   0   0   0   0   0   0   0   0   9  11   0   0   0   0   0   0   0   0   0   0   0   1   0   7   9   0   1   0   0   0   0   0   0   0   0   0   0   0  10  12   0   0   0   0   0   0   0   0   0   0   0   0   0  11  13   0   0   0   0   0   0   0   0   0   0   0   0   0  11  14   0   0   0   0   0   0   0   0   0   0   0   0   0  11  14   0   1   0   0   0   0   0   0   0   0   0   0   0  12  16   0   1   0   0   0   0   0   0   0   0   0   0   0  11  17   0   1   0   0   0   0   0   0   0   0   0   0   0   4  10  13   5   0   0   0   0   0   0   0   0   0   0   0   0   0   0   0   0   0   0   0   0 
  0   0   0   0   0   0   0   0   0   0   0   0   0   0   0   0   0   0   1   3   0   0   3   2   0   0   0   0   0   0   0   0   0   0   0   0   0  14  13   0   0   0   0   0   0   0   0   0   0   0   0   0  14  14   0   1   0   0   0   0   0   0   0   0   0   0   0  14  14   0   1   0   0   0   0   0   0   0   0   0   0   0  13  15   0   1   0   0   0   0   0   0   0   0   0   0   0  13  15   0   1   0   0   0   0   0   0   0   0   0   0   0  13  15   0   1   0   0   0   0   0   0   0   0   0   1   0  10  12   0   2   0   0   0   0   0   0   0   0   0   0   0  13  16   0   1   0   0   0   0   0   0   0   0   0   0   0  13  16   0   1   0   0   0   0   0   0   0   0   0   0   0  13  16   0   1   0   0   0   0   0   0   0   0   0   0   0  13  16   0   1   0   0   0   0   0   0   0   0   0   0   0  13  16   0   1   0   0   0   0   0   0   0   0   0   0   0  12  16   1   1   0   0   0   0   0   0   0   0   0   0   0   2   3   1   0   2   1   0   0   0   0   0   0   0   0   0   0   0   0   0   0   0   0   0   0 
  0   0   0   0   0   0   0   0   0   0   0   0   0   0   0   0   0   0   0   0   0   0   0   0   0   0   0   0   0   0   0   0   0   0   0   0   0   0   0   0   0   0   0   0   0   0   0   0   0   0   0   0   0   0   0   0   0   0   0   0   0   0   0   0   0   0   0   0   0   0   0   0   0   0   0   0   0   0   0   0   0   0   0   0   0   0   0   0   0   0   0   0   0   0   0   0   0   0   0   0   0   0   0   0   0   0   0   0   0   0   0   0   0   0   0   0   0   0   0   0   0   0   0   0   0   0   0   0   0   0   0   0   0   0   0   0   0   0   0   0   0   0   0   0   0   0   0   0   0   0   0   0   0   0   0   0   0   0   0   0   0   0   0   0   0   0   0   0   0   0   0   0   0   0   0   0   0   0   0   0   0   0   0   0   0   0   0   0   0   0   0   0   0   0   0   0   0   0   0   0   0   0   0   0   0   0   0   0   0   0   0   0   0   0   0   0   0   0   0   0   0   0   0   0   0   0   0   0   0   0   0   0   0   0   0   0   0   0   0   0   0   0   0   0   0   0   0   0   0   0   0   0   0   0   0   0 
  0   0   0   0   0   0   0   0   0   0   0   0   0   0   0   0   0   0   0   0   0   0   0   0   0   0   0   0   0   0   0   0   0   0   0   0   0   3   3   0   0   0   0   0   0   0   0   0   0   0   0   0   3   3   0   0   0   0   0   0   0   0   0   0   0   0   0   3   3   0   0   0   0   0   0   0   0   0   0   0   0   0   3   3   0   0   0   0   0   0   0   0   0   0   0   0   0   3   4   0   0   0   0   0   0   0   0   0   0   0   0   0   3   4   0   0   0   0   0   0   0   0   0   0   0   0   0   2   3   0   0   0   0   0   0   0   0   0   0   0   0   0   3   4   0   0   0   0   0   0   0   0   0   0   0   0   0   3   4   0   0   0   0   0   0   0   0   0   0   0   0   0   3   4   0   0   0   0   0   0   0   0   0   0   0   0   0   3   4   0   0   0   0   0   0   0   0   0   0   0   0   0   3   4   0   0   0   0   0   0   0   0   0   0   0   0   0   2   4   0   0   0   0   0   0   0   0   0   0   0   0   0   0   0   0   0   0   0   0   0   0   0   0   0   0   0   0   0   0   0   0   0   0   0   0   0 
  0   0   0   0   0   0   0   0   0   0   0   0   0   0   0   0   0   0   0   0   0   0   0   0   0   0   0   0   0   0   0   0   0   0   0   0   0   1   0   0   0   0   0   0   0   0   0   0   0   0   0   0   1   1   0   0   0   0   0   0   0   0   0   0   0   0   0   1   1   0   0   0   0   0   0   0   0   0   0   0   0   0   1   1   0   0   0   0   0   0   0   0   0   0   0   0   0   1   1   0   0   0   0   0   0   0   0   0   0   0   0   0   1   1   0   0   0   0   0   0   0   0   0   0   0   0   0   0   1   0   0   0   0   0   0   0   0   0   0   0   0   0   1   1   0   0   0   0   0   0   0   0   0   0   0   0   0   1   1   0   0   0   0   0   0   0   0   0   0   0   0   0   1   1   0   0   0   0   0   0   0   0   0   0   0   0   0   0   1   0   0   0   0   0   0   0   0   0   0   0   0   0   0   1   0   0   0   0   0   0   0   0   0   0   0   0   0   0   0   0   0   0   0   0   0   0   0   0   0   0   0   0   0   0   0   0   0   0   0   0   0   0   0   0   0   0   0   0   0   0   0   0   0   0   0   0 
  0   0   0   0   0   0   0   0   0   0   0   0   0   0   0   0   0   0   0   0   0   0   0   0   0   0   0   0   0   0   0   0   0   0   0   0   0   1   0   0   0   0   0   0   0   0   0   0   0   0   0   0   1   1   0   0   0   0   0   0   0   0   0   0   0   0   0   1   1   0   0   0   0   0   0   0   0   0   0   0   0   0   1   1   0   0   0   0   0   0   0   0   0   0   0   0   0   1   1   0   0   0   0   0   0   0   0   0   0   0   0   0   1   1   0   0   0   0   0   0   0   0   0   0   0   0   0   0   0   0   0   0   0   0   0   0   0   0   0   0   0   0   1   1   0   0   0   0   0   0   0   0   0   0   0   0   0   1   1   0   0   0   0   0   0   0   0   0   0   0   0   0   1   1   0   0   0   0   0   0   0   0   0   0   0   0   0   1   1   0   0   0   0   0   0   0   0   0   0   0   0   0   1   1   0   0   0   0   0   0   0   0   0   0   0   0   0   0   1   0   0   0   0   0   0   0   0   0   0   0   0   0   0   0   0   0   0   0   0   0   0   0   0   0   0   0   0   0   0   0   0   0   0   0   0   0 
  0   0   0   0   0   0   0   0   0   0   0   0   0   0   0   0   0   0   0   0   0   0   0   0   0   0   0   0   0   0   0   0   0   0   0   0   0   0   1   0   0   0   0   0   0   0   0   0   0   0   0   0   1   1   0   0   0   0   0   0   0   0   0   0   0   0   0   1   1   0   0   0   0   0   0   0   0   0   0   0   0   0   1   1   0   0   0   0   0   0   0   0   0   0   0   0   0   1   1   0   0   0   0   0   0   0   0   0   0   0   0   0   1   1   0   0   0   0   0   0   0   0   0   0   0   0   0   1   1   0   0   0   0   0   0   0   0   0   0   0   0   0   1   1   0   0   0   0   0   0   0   0   0   0   0   0   0   1   1   0   0   0   0   0   0   0   0   0   0   0   0   0   1   1   0   0   0   0   0   0   0   0   0   0   0   0   0   1   1   0   0   0   0   0   0   0   0   0   0   0   0   0   1   1   0   0   0   0   0   0   0   0   0   0   0   0   0   0   0   0   0   0   0   0   0   0   0   0   0   0   0   0   0   0   0   0   0   0   0   0   0   0   0   0   0   0   0   0   0   0   0   0   0   0   0   0 
  0   0   0   0   0   0   0   0   0   0   0   0   0   0   0   0   0   0   0   0   0   0   0   0   0   0   0   0   0   0   0   0   0   0   0   0   0   0   0   0   0   0   0   0   0   0   0   0   0   0   0   0   0   0   0   0   0   0   0   0   0   0   0   0   0   0   0   0   0   0   0   0   0   0   0   0   0   0   0   0   0   0   0   0   0   0   0   0   0   0   0   0   0   0   0   0   0   0   0   0   0   0   0   0   0   0   0   0   0   0   0   0   0   0   0   0   0   0   0   0   0   0   0   0   0   0   0   0   0   0   0   0   0   0   0   0   0   0   0   0   0   0   0   0   0   0   0   0   0   0   0   0   0   0   0   0   0   0   0   0   0   0   0   0   0   0   0   0   0   0   0   0   0   0   0   0   0   0   0   0   0   0   0   0   0   0   0   0   0   0   0   0   0   0   0   0   0   0   0   0   0   0   0   0   0   0   0   0   0   0   0   0   0   0   0   0   0   0   1   0   0   0   0   0   0   0   0   0   0   0   0   0   0   0   0   0   0   0   0   0   0   0   0   0   0   0   0   0   0   0   0   0   0   0   0   0 
  0   0   0   0   0   0   0   0   0   0   0   0   0   0   0   0   0   0   0   0   0   0   0   0   0   0   0   0   0   0   0   0   0   0   0   0   0   0   0   0   0   0   0   0   0   0   0   0   0   0   0   0   1   1   0   0   0   0   0   0   0   0   0   0   0   0   0   1   1   0   0   0   0   0   0   0   0   0   0   0   0   0   1   1   0   0   0   0   0   0   0   0   0   0   0   0   0   1   1   0   0   0   0   0   0   0   0   0   0   0   0   0   1   1   0   0   0   0   0   0   0   0   0   0   0   0   0   1   1   0   0   0   0   0   0   0   0   0   0   0   0   0   1   1   0   0   0   0   0   0   0   0   0   0   0   0   0   1   1   0   0   0   0   0   0   0   0   0   0   0   0   0   1   1   0   0   0   0   0   0   0   0   0   0   0   0   0   1   1   0   0   0   0   0   0   0   0   0   0   0   0   0   1   1   0   0   0   0   0   0   0   0   0   0   0   0   0   0   1   0   0   0   0   0   0   0   0   0   0   0   0   0   0   0   0   0   0   0   0   0   0   0   0   0   0   0   0   0   0   0   0   0   0   0   0   0 
  0   0   0   0   0   0   0   0   0   0   0   0   0   0   0   0   0   0   0   0   0   0   0   0   0   0   0   0   0   0   0   0   0   0   0   0   0   1   2   0   0   0   0   0   0   0   0   0   0   0   0   0   2   2   0   0   0   0   0   0   0   0   0   0   0   0   0   2   2   0   0   0   0   0   0   0   0   0   0   0   0   0   2   2   0   0   0   0   0   0   0   0   0   0   0   0   0   2   2   0   0   0   0   0   0   0   0   0   0   0   0   0   1   2   0   0   0   0   0   0   0   0   0   0   0   0   0   1   1   0   0   0   0   0   0   0   0   0   0   0   0   0   1   2   0   0   0   0   0   0   0   0   0   0   0   0   0   1   2   0   0   0   0   0   0   0   0   0   0   0   0   0   1   2   0   0   0   0   0   0   0   0   0   0   0   0   0   1   2   0   0   0   0   0   0   0   0   0   0   0   0   0   1   2   0   0   0   0   0   0   0   0   1   0   0   0   0   1   1   0   0   0   0   0   0   0   0   0   0   0   0   0   0   0   0   0   0   0   0   0   0   0   0   0   0   0   0   0   0   0   0   0   0   0   0   0 
  0   0   0   0   0   0   0   0   0   0   0   0   0   0   0   0   0   0   0   0   0   0   0   0   0   0   0   0   0   0   0   0   0   0   0   0   0   1   0   0   0   0   0   0   0   0   0   0   0   0   0   0   0   1   0   0   0   0   0   0   0   0   0   0   0   0   0   1   1   0   0   0   0   0   0   0   0   0   0   0   0   0   1   1   0   0   0   0   0   0   0   0   0   0   0   0   0   1   1   0   0   0   0   0   0   0   0   0   0   0   0   0   1   1   0   0   0   0   0   0   0   0   0   0   0   0   0   0   1   0   0   0   0   0   0   0   0   0   0   0   0   0   1   1   0   0   0   0   0   0   0   0   0   0   0   0   0   1   1   0   0   0   0   0   0   0   0   0   0   0   0   0   1   1   0   0   0   0   0   0   0   0   0   0   0   0   0   1   1   0   0   0   0   0   0   0   0   0   0   0   0   0   1   1   0   0   0   0   0   0   0   0   0   1   1   0   0   0   1   0   0   0   0   0   0   0   0   0   0   0   0   0   0   0   0   0   0   0   0   0   0   0   0   0   0   0   0   0   0   0   0   0   0   0   0   0 
  0   0   0   0   0   0   0   0   0   0   0   0   0   0   0   0   0   0   0   0   0   0   0   0   0   0   0   0   0   0   0   0   0   0   0   0   0   4   5   0   3   0   0   0   0   0   0   0   0   0   0   0  10  11   0   0   0   0   0   0   0   0   0   0   0   0   0  10  11   0   0   0   0   0   0   0   0   0   0   0   0   0  10  11   0   0   0   0   0   0   0   0   0   0   0   0   0   9  11   0   0   0   0   0   0   0   0   0   0   0   0   0   9  10   0   0   0   0   0   0   0   0   0   0   0   1   0   7   8   0   1   0   0   0   0   0   0   0   0   0   0   0   9  10   0   0   0   0   0   0   0   0   0   0   0   0   0   8  10   0   0   0   0   0   0   0   0   0   0   0   0   0   8  10   0   0   0   0   0   0   0   0   0   0   0   0   0   8  10   0   0   0   0   0   0   0   0   0   0   0   0   0   8  10   0   0   0   0   0   0   0   0   0   0   2   4   0   4   4   0   0   0   0   0   0   0   0   0   0   0   0   0   0   0   0   0   0   0   0   0   0   0   0   0   0   0   0   0   0   0   0   0   0   0   0   0 
  0   0   0   0   0   0   0   0   0   0   0   0   0   0   0   0   0   0   0   0   0   0   0   0   0   0   0   0   0   0   0   0   0   0   0   0   0   3  11  10   2   0   0   0   0   0   0   0   0   0   0   0   0   0   0   0   0   0   0   0   0   0   0   0   0   0   0   0   0   0   0   0   0   0   0   0   0   0   0   0   0   0   0   0   0   0   0   0   0   0   0   0   0   0   0   0   0   0   0   0   0   0   0   0   0   0   0   0   0   0   0   0   0   0   0   0   0   0   0   0   0   0   0   0   0   0   0   0   0   0   0   0   0   0   0   0   0   0   0   0   0   0   0   0   0   0   0   0   0   0   0   0   0   0   0   0   0   0   0   0   0   0   0   0   0   0   0   0   0   0   0   0   0   0   0   0   0   0   0   0   0   0   0   0   0   0   0   0   0   0   0   0   0   0   0   0   0   0   0   0   0   0   0   0   0   0   0   0   0   0   0   0   0   0   0   4  10   9   4   0   0   0   0   0   0   0   0   0   0   0   0   0   0   0   0   0   0   0   0   0   0   0   0   0   0   0   0   0   0   0   0   0   0   0   0   0 
  0   0   0   0   0   0   0   0   0   0   0   0   0   0   0   0   0   0   0   0   0   0   0   0   0   0   0   0   0   0   0   0   0   0   1   5   8  79 112  24   2   0   1   0   0   0   0   1   2   0  11   2 163 176   4  12   0   3   1   0   1   0   1   2   0  11   1 163 177   5  12   0   3   1   0   1   0   1   2   0  10   1 160 177   5  12   0   3   1   0   1   0   1   2   0  10   1 156 177   6  12   0   3   1   0   1   0   1   2   0  10   1 154 175   7  13   0   2   1   1   0   3   5   0   0  20   0 115 139   1  24   0   0   4   4   0   0   2   2   1  10   0 146 177   7  12   0   3   1   0   1   0   1   1   0   9   0 144 176   8  12   0   3   1   0   1   0   1   1   0   8   0 141 176   8  12   0   3   1   0   1   0   1   1   0   8   0 138 176   9  12   0   3   1   1   1   0   1   1   1   8   0 136 171  10  12   0   2   0   0   0   0   0   1   0   1  18 100  78   8   5   1   0   0   0   0   0   0   0   0   0   0   0   0   0   0   0   0   0   0   0   0   0   0   0   0   0   0   0   0   0   0   0   0   0   0 
  0   0   0   0   0   0   0   0   0   0   0   0   0   0   0   0   0   0   0   0   0   0   0   0   0   0   0   0   0   0   0   0   0   1   0   4  25 149 103  10   5   0   1   0   0   1   0   1   2   0  13   2 210 214   5  14   0   3   1   1   1   1   1   3   0  13   2 203 220   6  15   0   3   1   1   1   1   1   3   0  13   1 202 223   6  15   0   3   1   1   1   1   1   3   0  13   1 201 226   7  15   0   3   1   1   1   1   1   2   1  13   1 201 227   9  17   0   3   1   1   0   4   6   0   0  28   0 152 182   1  32   1   0   6   5   0   0   2   2   1  13   0 196 236  10  16   0   4   1   1   1   1   1   2   1  12   0 196 239  11  16   0   4   1   1   1   1   1   2   1  12   0 193 242  11  16   0   4   1   1   1   0   1   2   1  12   0 193 243  13  17   0   4   1   1   1   1   1   2   1  12   0 186 255  13  17   0   3   1   1   1   1   0   2   0   4   9  92 146  38   4   1   1   0   0   0   0   0   0   0   0   0   0   0   0   0   0   0   0   0   0   0   0   0   0   0   0   0   0   0   0   0   0   0   0   0 
  0   0   0   0   0   0   0   0   0   0   0   0   0   0   0   0   0   0   0   0   0   0   0   0   0   0   0   0   0   0   0   0   0   0   0   2  12  29   7   0   0   0   0   0   0   0   0   0   0   0   0   0   9  10   0   0   0   0   0   0   0   0   0   0   0   0   0  10  11   0   0   0   0   0   0   0   0   0   0   0   0   0  10  11   0   0   0   0   0   0   0   0   0   0   0   0   0  11  12   0   0   0   0   0   0   0   0   0   0   0   0   0  11  13   0   0   0   0   0   0   0   0   0   0   0   1   0   8  10   0   2   0   0   0   0   0   0   0   0   0   0   0  12  14   0   1   0   0   0   0   0   0   0   0   0   0   0  12  15   0   1   0   0   0   0   0   0   0   0   0   0   0  13  16   0   1   0   0   0   0   0   0   0   0   0   0   0  13  17   0   1   0   0   0   0   0   0   0   0   0   0   0  14  17   0   0   0   0   0   0   0   0   0   0   0   0   0   5  33  15   1   0   0   0   0   0   0   0   0   0   0   0   0   0   0   0   0   0   0   0   0   0   0   0   0   0   0   0   0   0   0   0   0   0   0   0 
  0   0   0   0   0   0   0   0   0   0   0   0   0   0   0   0   0   0   0   0   0   0   0   0   0   0   0   0   0   0   0   0   0   0   1   4   1   6   7   0   0   0   0   0   0   0   0   0   0   0   0   0  13  15   0   0   0   0   0   0   0   0   0   0   0   0   0  14  15   0   1   0   0   0   0   0   0   0   0   0   0   0  14  15   0   1   0   0   0   0   0   0   0   0   0   0   0  13  15   0   1   0   0   0   0   0   0   0   0   0   0   0  13  15   0   1   0   0   0   0   0   0   0   0   0   1   0  10  12   0   2   0   0   0   0   0   0   0   0   0   0   0  13  16   0   1   0   0   0   0   0   0   0   0   0   0   0  13  16   0   1   0   0   0   0   0   0   0   0   0   0   0  13  16   0   1   0   0   0   0   0   0   0   0   0   0   0  13  17   0   1   0   0   0   0   0   0   0   0   0   0   0  12  17   0   0   0   0   0   0   0   0   0   0   0   0   0   5   8   0   4   0   0   0   0   0   0   0   0   0   0   0   0   0   0   0   0   0   0   0   0   0   0   0   0   0   0   0   0   0   0   0   0   0   0   0 
  0   0   0   0   0   0   0   0   0   0   0   0   0   0   0   0   0   0   0   0   0   0   0   0   0   0   0   0   0   0   0   0   0   0   1   0   0   0   1   0   0   0   0   0   0   0   0   0   0   0   0   0   0   0   0   0   0   0   0   0   0   0   0   0   0   0   0   0   0   0   0   0   0   0   0   0   0   0   0   0   0   0   0   0   0   0   0   0   0   0   0   0   0   0   0   0   0   0   0   0   0   0   0   0   0   0   0   0   0   0   0   0   0   0   0   0   0   0   0   0   0   0   0   0   0   0   0   0   0   0   0   0   0   0   0   0   0   0   0   0   0   0   0   0   0   0   0   0   0   0   0   0   0   0   0   0   0   0   0   0   0   0   0   0   0   0   0   0   0   0   0   0   0   0   0   0   0   0   0   0   0   0   0   0   0   0   0   0   0   0   0   0   0   0   0   0   0   0   0   0   0   0   0   0   0   0   0   0   0   0   0   0   0   0   0   0   0   0   1   0   0   0   0   0   0   0   0   0   0   0   0   0   0   0   0   0   0   0   0   0   0   0   0   0   0   0   0   0   0   0   0   0   0   0   0   0 
  0   0   0   0   0   0   0   0   0   0   0   0   0   0   0   0   0   0   0   0   0   0   0   0   0   0   0   0   0   0   0   0   0   0   0   0   0   1   1   0   0   0   0   0   0   0   0   0   0   0   0   0   3   3   0   0   0   0   0   0   0   0   0   0   0   0   0   3   4   0   0   0   0   0   0   0   0   0   0   0   0   0   3   4   0   0   0   0   0   0   0   0   0   0   0   0   0   3   4   0   0   0   0   0   0   0   0   0   0   0   0   0   3   4   0   0   0   0   0   0   0   0   0   0   0   0   0   2   3   0   0   0   0   0   0   0   0   0   0   0   0   0   3   4   0   0   0   0   0   0   0   0   0   0   0   0   0   3   4   0   0   0   0   0   0   0   0   0   0   0   0   0   3   4   0   0   0   0   0   0   0   0   0   0   0   0   0   3   4   0   0   0   0   0   0   0   0   0   0   0   0   0   3   4   0   0   0   0   0   0   0   0   0   0   0   0   0   1   1   0   0   0   0   0   0   0   0   0   0   0   0   0   0   0   0   0   0   0   0   0   0   0   0   0   0   0   0   0   0   0   0   0   0   0   0   0 
  0   0   0   0   0   0   0   0   0   0   0   0   0   0   0   0   0   0   0   0   0   0   0   0   0   0   0   0   0   0   0   0   0   0   0   0   0   0   0   0   0   0   0   0   0   0   0   0   0   0   0   0   0   1   0   0   0   0   0   0   0   0   0   0   0   0   0   1   1   0   0   0   0   0   0   0   0   0   0   0   0   0   1   1   0   0   0   0   0   0   0   0   0   0   0   0   0   1   1   0   0   0   0   0   0   0   0   0   0   0   0   0   1   1   0   0   0   0   0   0   0   0   0   0   0   0   0   0   0   0   0   0   0   0   0   0   0   0   0   0   0   0   1   1   0   0   0   0   0   0   0   0   0   0   0   0   0   0   1   0   0   0   0   0   0   0   0   0   0   0   0   0   0   1   0   0   0   0   0   0   0   0   0   0   0   0   0   0   1   0   0   0   0   0   0   0   0   0   0   0   0   0   0   0   0   0   0   0   0   0   0   0   0   0   0   0   0   0   0   0   0   0   0   0   0   0   0   0   0   0   0   0   0   0   0   0   0   0   0   0   0   0   0   0   0   0   0   0   0   0   0   0   0   0   0   0 
  0   0   0   0   0   0   0   0   0   0   0   0   0   0   0   0   0   0   0   0   0   0   0   0   0   0   0   0   0   0   0   0   0   0   0   0   0   0   0   0   0   0   0   0   0   0   0   0   0   0   0   0   1   1   0   0   0   0   0   0   0   0   0   0   0   0   0   1   1   0   0   0   0   0   0   0   0   0   0   0   0   0   1   1   0   0   0   0   0   0   0   0   0   0   0   0   0   1   1   0   0   0   0   0   0   0   0   0   0   0   0   0   1   1   0   0   0   0   0   0   0   0   0   0   0   0   0   0   0   0   0   0   0   0   0   0   0   0   0   0   0   0   1   1   0   0   0   0   0   0   0   0   0   0   0   0   0   1   1   0   0   0   0   0   0   0   0   0   0   0   0   0   1   1   0   0   0   0   0   0   0   0   0   0   0   0   0   1   1   0   0   0   0   0   0   0   0   0   0   0   0   0   1   1   0   0   0   0   0   0   0   0   0   0   0   0   0   0   0   0   0   0   0   0   0   0   0   0   0   0   0   0   0   0   0   0   0   0   0   0   0   0   0   0   0   0   0   0   0   0   0   0   0   0   0   0 
  0   0   0   0   0   0   0   0   0   0   0   0   0   0   0   0   0   0   0   0   0   0   0   0   0   0   0   0   0   0   0   0   0   0   0   0   0   0   0   0   0   0   0   0   0   0   0   0   0   0   0   0   0   0   0   0   0   0   0   0   0   0   0   0   0   0   0   1   1   0   0   0   0   0   0   0   0   0   0   0   0   0   1   1   0   0   0   0   0   0   0   0   0   0   0   0   0   1   1   0   0   0   0   0   0   0   0   0   0   0   0   0   1   1   0   0   0   0   0   0   0   0   0   0   0   0   0   0   1   0   0   0   0   0   0   0   0   0   0   0   0   0   1   1   0   0   0   0   0   0   0   0   0   0   0   0   0   1   1   0   0   0   0   0   0   0   0   0   0   0   0   0   1   1   0   0   0   0   0   0   0   0   0   0   0   0   0   1   1   0   0   0   0   0   0   0   0   0   0   0   0   0   0   0   0   0   0   0   0   0   0   0   0   0   0   0   0   0   0   0   0   0   0   0   0   0   0   0   0   0   0   0   0   0   0   0   0   0   0   0   0   0   0   0   0   0   0   0   0   0   0   0   0   0   0   0 
  0   0   0   0   0   0   0   0   0   0   0   0   0   0   0   0   0   0   0   0   0   0   0   0   0   0   0   0   0   0   0   0   0   0   0   0   0   0   0   0   0   0   0   0   0   0   0   0   0   0   0   0   0   1   0   0   0   0   0   0   0   0   0   0   0   0   0   0   0   0   0   0   0   0   0   0   0   0   0   0   0   0   0   0   0   0   0   0   0   0   0   0   0   0   0   0   0   0   0   0   0   0   0   0   0   0   0   0   0   0   0   0   0   0   0   0   0   0   0   0   0   0   0   0   0   0   0   0   0   0   0   0   0   0   0   0   0   0   0   0   0   0   0   0   0   0   0   0   0   0   0   0   0   0   0   0   0   0   0   0   0   0   0   0   0   0   0   0   0   0   0   0   0   0   0   0   0   0   0   0   0   0   0   0   0   0   0   0   0   0   0   0   0   0   0   0   0   0   0   0   0   0   1   1   0   0   0   0   0   0   0   0   0   0   0   0   0   0   0   0   0   0   0   0   0   0   0   0   0   0   0   0   0   0   0   0   0   0   0   0   0   0   0   0   0   0   0   0   0   0   0   0   0   0   0   0 
  0   0   0   0   0   0   0   0   0   0   0   0   0   0   0   0   0   0   0   0   0   0   0   0   0   0   0   0   0   0   0   0   0   0   0   0   0   0   0   0   0   0   0   0   0   0   0   0   0   0   0   0   0   0   0   0   0   0   0   0   0   0   0   0   0   0   0   1   1   0   0   0   0   0   0   0   0   0   0   0   0   0   1   1   0   0   0   0   0   0   0   0   0   0   0   0   0   1   1   0   0   0   0   0   0   0   0   0   0   0   0   0   1   1   0   0   0   0   0   0   0   0   0   0   0   0   0   1   1   0   0   0   0   0   0   0   0   0   0   0   0   0   1   1   0   0   0   0   0   0   0   0   0   0   0   0   0   1   1   0   0   0   0   0   0   0   0   0   0   0   0   0   1   1   0   0   0   0   0   0   0   0   0   0   0   0   0   1   1   0   0   0   0   0   0   0   0   0   1   0   0   0   0   0   0   0   0   0   0   0   0   0   0   0   0   0   0   0   0   0   0   0   0   0   0   0   0   0   0   0   0   0   0   0   0   0   0   0   0   0   0   0   0   0   0   0   0   0   0   0   0   0   0   0   0   0 
  0   0   0   0   0   0   0   0   0   0   0   0   0   0   0   0   0   0   0   0   0   0   0   0   0   0   0   0   0   0   0   0   0   0   0   0   0   0   0   0   0   0   0   0   0   0   0   0   0   0   0   0   1   1   0   0   0   0   0   0   0   0   0   0   0   0   0   2   2   0   0   0   0   0   0   0   0   0   0   0   0   0   1   2   0   0   0   0   0   0   0   0   0   0   0   0   0   1   2   0   0   0   0   0   0   0   0   0   0   0   0   0   1   2   0   0   0   0   0   0   0   0   0   0   0   0   0   1   1   0   0   0   0   0   0   0   0   0   0   0   0   0   1   1   0   0   0   0   0   0   0   0   0   0   0   0   0   1   1   0   0   0   0   0   0   0   0   0   0   0   0   0   1   1   0   0   0   0   0   0   0   0   0   0   0   0   0   1   1   0   0   0   0   0   0   0   0   0   0   1   0   0   1   2   0   0   0   0   0   0   0   0   0   0   0   0   0   0   0   0   0   0   0   0   0   0   0   0   0   0   0   0   0   0   0   0   0   0   0   0   0   0   0   0   0   0   0   0   0   0   0   0   0   0   0   0 
  0   0   0   0   0   0   0   0   0   0   0   0   0   0   0   0   0   0   0   0   0   0   0   0   0   0   0   0   0   0   0   0   0   0   0   0   0   0   0   0   0   0   0   0   0   0   0   0   0   0   0   0   0   0   0   1   0   0   0   0   0   0   0   0   0   0   0   1   1   0   0   0   0   0   0   0   0   0   0   0   0   0   1   1   0   0   0   0   0   0   0   0   0   0   0   0   0   1   1   0   0   0   0   0   0   0   0   0   0   0   0   0   1   1   0   0   0   0   0   0   0   0   0   0   0   0   0   0   1   0   0   0   0   0   0   0   0   0   0   0   0   0   1   1   0   0   0   0   0   0   0   0   0   0   0   0   0   1   1   0   0   0   0   0   0   0   0   0   0   0   0   0   1   1   0   0   0   0   0   0   0   0   0   0   0   0   0   1   1   0   0   0   0   0   0   0   0   0   0   1   1   0   0   0   0   0   0   0   0   0   0   0   0   0   0   0   0   0   0   0   0   0   0   0   0   0   0   0   0   0   0   0   0   0   0   0   0   0   0   0   0   0   0   0   0   0   0   0   0   0   0   0   0   0   0   0 
  0   0   0   0   0   0   0   0   0   0   0   0   0   0   0   0   0   0   0   0   0   0   0   0   0   0   0   0   0   0   0   0   0   0   0   0   0   0   0   0   0   0   0   0   0   0   0   0   0   0   0   0   3   3   1   3   0   0   0   0   0   0   0   0   0   0   0   9  11   0   0   0   0   0   0   0   0   0   0   0   0   0   9  10   0   0   0   0   0   0   0   0   0   0   0   0   0   9  10   0   0   0   0   0   0   0   0   0   0   0   0   0   9  10   0   0   0   0   0   0   0   0   0   0   0   1   0   6   8   0   1   0   0   0   0   0   0   0   0   0   0   0   8  10   0   0   0   0   0   0   0   0   0   0   0   0   0   8  10   0   0   0   0   0   0   0   0   0   0   0   0   0   8  10   0   0   0   0   0   0   0   0   0   0   0   0   0   7  10   0   0   0   0   0   0   0   0   0   0   0   4   3   2   4   0   0   0   0   0   0   0   0   0   0   0   0   0   0   0   0   0   0   0   0   0   0   0   0   0   0   0   0   0   0   0   0   0   0   0   0   0   0   0   0   0   0   0   0   0   0   0   0   0   0   0   0 
  0   0   0   0   0   0   0   0   0   0   0   0   0   0   0   0   0   0   0   0   0   0   0   0   0   0   0   0   0   0   0   0   0   0   0   0   0   0   0   0   0   0   0   0   0   0   0   0   0   0   0   0   6  15  11   1   0   0   0   0   0   0   0   0   0   0   0   0   0   0   0   0   0   0   0   0   0   0   0   0   0   0   0   0   0   0   0   0   0   0   0   0   0   0   0   0   0   0   0   0   0   0   0   0   0   0   0   0   0   0   0   0   0   0   0   0   0   0   0   0   0   0   0   0   0   0   0   0   0   0   0   0   0   0   0   0   0   0   0   0   0   0   0   0   0   0   0   0   0   0   0   0   0   0   0   0   0   0   0   0   0   0   0   0   0   0   0   0   0   0   0   0   0   0   0   0   0   0   0   0   0   0   0   0   0   0   0   0   0   0   0   0   0   0   0   0   0   0   0   0   1  10  15   8   0   0   0   0   0   0   0   0   0   0   0   0   0   0   0   0   0   0   0   0   0   0   0   0   0   0   0   0   0   0   0   0   0   0   0   0   0   0   0   0   0   0   0   0   0   0   0   0   0   0   0   0 
  0   0   0   0   0   0   0   0   0   0   0   0   0   0   0   0   0   0   0   0   0   0   0   0   0   0   0   0   0   0   0   0   0   0   0   0   0   0   0   0   0   0   0   0   0   0   0   0   0   1   4   4  73 115  20   4   0   2   0   0   0   0   1   1   0  10   1 156 170   5  12   0   3   1   1   1   0   1   2   0  10   1 153 172   5  12   0   3   1   0   1   0   1   2   0  10   1 151 173   6  12   0   3   1   0   1   0   1   2   0   9   0 149 171   7  13   0   2   1   1   0   3   5   0   0  21   0 109 134   1  25   1   0   5   4   0   0   1   2   1   9   0 141 173   7  12   0   3   1   0   1   0   1   1   0   8   0 139 172   8  12   0   3   0   0   1   0   1   1   0   8   0 134 170   8  11   0   2   0   1   1   0   1   1   1   8   0 130 173   8  11   0   2   0   0   0   0   0   1   0   4  11  99  81   3   4   0   1   1   0   0   0   0   0   0   0   0   0   0   0   0   0   0   0   0   0   0   0   0   0   0   0   0   0   0   0   0   0   0   0   0   0   0   0   0   0   0   0   0   0   0   0   0   0   0   0 
  0   0   0   0   0   0   0   0   0   0   0   0   0   0   0   0   0   0   0   0   0   0   0   0   0   0   0   0   0   0   0   0   0   0   0   0   0   0   0   0   0   0   0   0   0   0   0   0   1   0   8  16 146 109   6   6   0   2   1   0   1   1   1   2   1  14   2 209 226   6  15   0   3   1   1   1   1   1   3   0  13   1 205 230   7  15   0   3   1   1   1   1   1   2   1  13   1 202 231   8  16   0   4   1   1   1   1   1   2   1  13   1 202 232   9  17   0   3   1   1   1   5   7   0   0  29   0 149 182   1  34   1   0   7   6   0   0   2   2   1  13   0 197 241  11  16   0   4   1   1   1   1   1   2   1  12   0 196 243  11  16   0   4   1   1   1   1   1   2   1  11   0 197 247  13  17   0   4   1   1   1   0   1   2   1  12   0 196 250  14  16   0   4   0   1   1   1   1   1   1   5   5  87 146  28   9   1   2   0   0   0   0   0   0   0   0   0   0   0   0   0   0   0   0   0   0   0   0   0   0   0   0   0   0   0   0   0   0   0   0   0   0   0   0   0   0   0   0   0   0   0   0   0   0   0   0 
  0   0   0   0   0   0   0   0   0   0   0   0   0   0   0   0   0   0   0   0   0   0   0   0   0   0   0   0   0   0   0   0   0   0   0   0   1   0   0   0   0   0   0   0   0   0   0   0   0   0   0  11  36  14   0   0   0   0   0   0   0   0   0   0   0   0   0  11  12   0   0   0   0   0   0   0   0   0   0   0   0   0  12  13   0   1   0   0   0   0   0   0   0   0   0   0   0  12  14   0   1   0   0   0   0   0   0   0   0   0   0   0  13  15   0   1   0   0   0   0   0   0   0   0   0   2   0  10  12   0   2   0   0   0   0   0   0   0   0   0   0   0  14  17   0   1   0   0   0   0   0   0   0   0   0   0   0  14  18   0   1   0   0   0   0   0   0   0   0   0   1   0  14  18   0   1   0   0   0   0   0   0   0   0   0   0   0  14  19   0   1   0   0   0   0   0   0   0   0   0   0   0  11  43  15   0   0   0   0   0   0   0   0   0   0   0   0   0   0   0   0   0   0   0   0   0   0   0   0   0   0   0   0   0   0   0   0   0   0   0   0   0   0   0   0   0   0   0   0   0   0   0   0   0   0   0 
  0   0   0   0   0   0   0   0   0   0   0   0   0   0   0   0   0   0   0   0   0   0   0   0   0   0   0   0   0   0   0   0   0   0   0   0   0   0   0   0   0   0   0   0   0   0   0   0   0   0   3   2   2   7   0   0   0   0   0   0   0   0   0   0   0   0   0  13  15   0   1   0   0   0   0   0   0   0   0   0   0   0  13  15   0   1   0   0   0   0   0   0   0   0   0   0   0  14  16   0   1   0   0   0   0   0   0   0   0   0   0   0  14  16   0   1   0   0   0   0   0   0   0   0   0   2   0  10  12   0   2   0   0   0   0   0   0   0   0   0   0   0  13  16   0   1   0   0   0   0   0   0   0   0   0   0   0  13  16   0   1   0   0   0   0   0   0   0   0   0   1   0  12  16   0   1   0   0   0   0   0   0   0   0   0   0   0  12  15   0   1   0   0   0   0   0   0   0   0   0   0   0   6   3   1   3   0   0   0   0   0   0   0   0   0   0   0   0   0   0   0   0   0   0   0   0   0   0   0   0   0   0   0   0   0   0   0   0   0   0   0   0   0   0   0   0   0   0   0   0   0   0   0   0   0   0 
  0   0   0   0   0   0   0   0   0   0   0   0   0   0   0   0   0   0   0   0   0   0   0   0   0   0   0   0   0   0   0   0   0   0   0   0   0   0   0   0   0   0   0   0   0   0   0   0   0   0   0   0   1   1   0   0   0   0   0   0   0   0   0   0   0   0   0   0   0   0   0   0   0   0   0   0   0   0   0   0   0   0   0   0   0   0   0   0   0   0   0   0   0   0   0   0   0   0   0   0   0   0   0   0   0   0   0   0   0   0   0   0   0   0   0   0   0   0   0   0   0   0   0   0   0   0   0   0   0   0   0   0   0   0   0   0   0   0   0   0   0   0   0   0   0   0   0   0   0   0   0   0   0   0   0   0   0   0   0   0   0   0   0   0   0   0   0   0   0   0   0   0   0   0   0   0   0   0   0   0   0   0   0   0   0   0   0   0   0   0   0   0   0   0   0   0   0   0   0   0   0   0   1   1   0   0   0   0   0   0   0   0   0   0   0   0   0   0   0   0   0   0   0   0   0   0   0   0   0   0   0   0   0   0   0   0   0   0   0   0   0   0   0   0   0   0   0   0   0   0   0   0   0   0   0   0 
  0   0   0   0   0   0   0   0   0   0   0   0   0   0   0   0   0   0   0   0   0   0   0   0   0   0   0   0   0   0   0   0   0   0   0   0   0   0   0   0   0   0   0   0   0   0   0   0   0   0   0   0   1   0   0   0   0   0   0   0   0   0   0   0   0   0   0   3   3   0   0   0   0   0   0   0   0   0   0   0   0   0   3   4   0   0   0   0   0   0   0   0   0   0   0   0   0   3   4   0   0   0   0   0   0   0   0   0   0   0   0   0   3   4   0   0   0   0   0   0   0   0   0   0   0   0   0   2   3   0   0   0   0   0   0   0   0   0   0   0   0   0   3   4   0   0   0   0   0   0   0   0   0   0   0   0   0   3   4   0   0   0   0   0   0   0   0   0   0   0   0   0   3   4   0   0   0   0   0   0   0   0   0   0   0   0   0   3   4   0   0   0   0   0   0   0   0   0   0   0   0   0   0   1   0   0   0   0   0   0   0   0   0   0   0   0   0   0   0   0   0   0   0   0   0   0   0   0   0   0   0   0   0   0   0   0   0   0   0   0   0   0   0   0   0   0   0   0   0   0   0   0   0   0   0   0 
  0   0   0   0   0   0   0   0   0   0   0   0   0   0   0   0   0   0   0   0   0   0   0   0   0   0   0   0   0   0   0   0   0   0   0   0   0   0   0   0   0   0   0   0   0   0   0   0   0   0   0   0   0   0   0   0   0   0   0   0   0   0   0   0   0   0   0   0   0   0   0   0   0   0   0   0   0   0   0   0   0   0   0   0   0   0   0   0   0   0   0   0   0   0   0   0   0   1   1   0   0   0   0   0   0   0   0   0   0   0   0   0   1   1   0   0   0   0   0   0   0   0   0   0   0   0   0   0   0   0   0   0   0   0   0   0   0   0   0   0   0   0   0   1   0   0   0   0   0   0   0   0   0   0   0   0   0   0   1   0   0   0   0   0   0   0   0   0   0   0   0   0   0   0   0   0   0   0   0   0   0   0   0   0   0   0   0   0   0   0   0   0   0   0   0   0   0   0   0   0   0   0   0   0   0   0   0   0   0   0   0   0   0   0   0   0   0   0   0   0   0   0   0   0   0   0   0   0   0   0   0   0   0   0   0   0   0   0   0   0   0   0   0   0   0   0   0   0   0   0   0   0   0   0   0   0 
  0   0   0   0   0   0   0   0   0   0   0   0   0   0   0   0   0   0   0   0   0   0   0   0   0   0   0   0   0   0   0   0   0   0   0   0   0   0   0   0   0   0   0   0   0   0   0   0   0   0   0   0   0   0   0   0   0   0   0   0   0   0   0   0   0   0   0   1   1   0   0   0   0   0   0   0   0   0   0   0   0   0   1   1   0   0   0   0   0   0   0   0   0   0   0   0   0   1   1   0   0   0   0   0   0   0   0   0   0   0   0   0   1   1   0   0   0   0   0   0   0   0   0   0   0   0   0   0   1   0   0   0   0   0   0   0   0   0   0   0   0   0   1   1   0   0   0   0   0   0   0   0   0   0   0   0   0   1   1   0   0   0   0   0   0   0   0   0   0   0   0   0   1   1   0   0   0   0   0   0   0   0   0   0   0   0   0   1   1   0   0   0   0   0   0   0   0   0   0   0   0   0   0   0   0   0   0   0   0   0   0   0   0   0   0   0   0   0   0   0   0   0   0   0   0   0   0   0   0   0   0   0   0   0   0   0   0   0   0   0   0   0   0   0   0   0   0   0   0   0   0   0   0   0   0   0 
  0   0   0   0   0   0   0   0   0   0   0   0   0   0   0   0   0   0   0   0   0   0   0   0   0   0   0   0   0   0   0   0   0   0   0   0   0   0   0   0   0   0   0   0   0   0   0   0   0   0   0   0   0   0   0   0   0   0   0   0   0   0   0   0   0   0   0   0   0   0   0   0   0   0   0   0   0   0   0   0   0   0   0   0   0   0   0   0   0   0   0   0   0   0   0   0   0   1   1   0   0   0   0   0   0   0   0   0   0   0   0   0   1   1   0   0   0   0   0   0   0   0   0   0   0   0   0   0   1   0   0   0   0   0   0   0   0   0   0   0   0   0   1   1   0   0   0   0   0   0   0   0   0   0   0   0   0   1   1   0   0   0   0   0   0   0   0   0   0   0   0   0   0   0   0   0   0   0   0   0   0   0   0   0   0   0   0   0   0   0   0   0   0   0   0   0   0   0   0   0   0   0   0   0   0   0   0   0   0   0   0   0   0   0   0   0   0   0   0   0   0   0   0   0   0   0   0   0   0   0   0   0   0   0   0   0   0   0   0   0   0   0   0   0   0   0   0   0   0   0   0   0   0   0   0   0 
  0   0   0   0   0   0   0   0   0   0   0   0   0   0   0   0   0   0   0   0   0   0   0   0   0   0   0   0   0   0   0   0   0   0   0   0   0   0   0   0   0   0   0   0   0   0   0   0   0   0   0   0   0   0   0   0   0   0   0   0   0   0   0   0   0   0   0   1   1   0   0   0   0   0   0   0   0   0   0   0   0   0   0   1   0   0   0   0   0   0   0   0   0   0   0   0   0   0   0   0   0   0   0   0   0   0   0   0   0   0   0   0   0   0   0   0   0   0   0   0   0   0   0   0   0   0   0   0   0   0   0   0   0   0   0   0   0   0   0   0   0   0   0   0   0   0   0   0   0   0   0   0   0   0   0   0   0   0   0   0   0   0   0   0   0   0   0   0   0   0   0   0   0   1   0   0   0   0   0   0   0   0   0   0   1   0   0   0   1   0   0   0   0   0   0   0   0   0   0   0   0   0   0   0   0   0   0   0   0   0   0   0   0   0   0   0   0   0   0   0   0   0   0   0   0   0   0   0   0   0   0   0   0   0   0   0   0   0   0   0   0   0   0   0   0   0   0   0   0   0   0   0   0   0   0   0 
  0   0   0   0   0   0   0   0   0   0   0   0   0   0   0   0   0   0   0   0   0   0   0   0   0   0   0   0   0   0   0   0   0   0   0   0   0   0   0   0   0   0   0   0   0   0   0   0   0   0   0   0   0   0   0   0   0   0   0   0   0   0   0   0   0   0   0   0   0   0   0   0   0   0   0   0   0   0   0   0   0   0   0   0   0   0   0   0   0   0   0   0   0   0   0   0   0   1   1   0   0   0   0   0   0   0   0   0   0   0   0   0   1   1   0   0   0   0   0   0   0   0   0   0   0   0   0   1   1   0   0   0   0   0   0   0   0   0   0   0   0   0   1   1   0   0   0   0   0   0   0   0   0   0   0   0   0   1   1   0   0   0   0   0   0   0   0   0   0   0   0   0   0   1   0   0   0   0   0   0   0   0   0   0   1   0   0   0   0   0   0   0   0   0   0   0   0   0   0   0   0   0   0   0   0   0   0   0   0   0   0   0   0   0   0   0   0   0   0   0   0   0   0   0   0   0   0   0   0   0   0   0   0   0   0   0   0   0   0   0   0   0   0   0   0   0   0   0   0   0   0   0   0   0   0   0 
  0   0   0   0   0   0   0   0   0   0   0   0   0   0   0   0   0   0   0   0   0   0   0   0   0   0   0   0   0   0   0   0   0   0   0   0   0   0   0   0   0   0   0   0   0   0   0   0   0   0   0   0   0   0   0   0   0   0   0   0   0   0   0   0   0   0   0   1   2   0   2   0   0   0   0   0   0   0   0   0   0   0   1   2   1   0   0   0   0   0   0   0   0   0   0   0   0   1   1   0   0   0   0   0   0   0   0   0   0   0   0   0   1   1   0   0   0   0   0   0   0   0   0   0   0   0   0   1   1   0   0   0   0   0   0   0   0   0   0   0   0   0   1   1   0   0   0   0   0   0   0   0   0   0   0   0   0   1   1   0   0   0   0   0   0   0   0   0   0   0   0   1   2   1   0   0   0   0   0   0   0   0   0   0   0   2   0   1   2   0   0   0   0   0   0   0   0   0   0   0   0   0   0   0   0   0   0   0   0   0   0   0   0   0   0   0   0   0   0   0   0   0   0   0   0   0   0   0   0   0   0   0   0   0   0   0   0   0   0   0   0   0   0   0   0   0   0   0   0   0   0   0   0   0   0   0 
  0   0   0   0   0   0   0   0   0   0   0   0   0   0   0   0   0   0   0   0   0   0   0   0   0   0   0   0   0   0   0   0   0   0   0   0   0   0   0   0   0   0   0   0   0   0   0   0   0   0   0   0   0   0   0   0   0   0   0   0   0   0   0   0   0   0   0   1   0   1   2   0   0   0   0   0   0   0   0   0   0   0   0   0   1   1   0   0   0   0   0   0   0   0   0   0   0   1   1   0   0   0   0   0   0   0   0   0   0   0   0   0   1   1   0   0   0   0   0   0   0   0   0   0   0   0   0   0   1   0   0   0   0   0   0   0   0   0   0   0   0   0   1   1   0   0   0   0   0   0   0   0   0   0   0   0   0   1   1   0   0   0   0   0   0   0   0   0   0   0   1   1   0   1   0   0   0   0   0   0   0   0   0   0   0   2   1   0   1   0   0   0   0   0   0   0   0   0   0   0   0   0   0   0   0   0   0   0   0   0   0   0   0   0   0   0   0   0   0   0   0   0   0   0   0   0   0   0   0   0   0   0   0   0   0   0   0   0   0   0   0   0   0   0   0   0   0   0   0   0   0   0   0   0   0   0 
  0   0   0   0   0   0   0   0   0   0   0   0   0   0   0   0   0   0   0   0   0   0   0   0   0   0   0   0   0   0   0   0   0   0   0   0   0   0   0   0   0   0   0   0   0   0   0   0   0   0   0   0   0   0   0   0   0   0   0   0   0   0   0   0   0   0   0   1   4   4   1   0   0   0   0   0   0   0   0   0   0   0   3  10   4   0   0   0   0   0   0   0   0   0   0   0   0   8  10   0   0   0   0   0   0   0   0   0   0   0   0   0   8  10   0   0   0   0   0   0   0   0   0   0   0   1   0   6   7   0   1   0   0   0   0   0   0   0   0   0   0   0   8   9   0   0   0   0   0   0   0   0   0   0   0   0   0   8   9   0   1   0   0   0   0   0   0   0   0   0   0   3   9   4   0   0   0   0   0   0   0   0   0   0   0   0   4   5   2   0   0   0   0   0   0   0   0   0   0   0   0   0   0   0   0   0   0   0   0   0   0   0   0   0   0   0   0   0   0   0   0   0   0   0   0   0   0   0   0   0   0   0   0   0   0   0   0   0   0   0   0   0   0   0   0   0   0   0   0   0   0   0   0   0   0   0 
  0   0   0   0   0   0   0   0   0   0   0   0   0   0   0   0   0   0   0   0   0   0   0   0   0   0   0   0   0   0   0   0   0   0   0   0   0   0   0   0   0   0   0   0   0   0   0   0   0   0   0   0   0   0   0   0   0   0   0   0   0   0   0   0   0   0   0  11  28   9   0   0   0   0   0   0   0   0   0   0   0   1   2   5   3   0   0   0   0   0   0   0   0   0   0   0   0   0   0   0   0   0   0   0   0   0   0   0   0   0   0   0   0   0   0   0   0   0   0   0   0   0   0   0   0   0   0   0   0   0   0   0   0   0   0   0   0   0   0   0   0   0   0   0   0   0   0   0   0   0   0   0   0   0   0   0   0   0   0   0   0   0   0   0   0   0   0   0   0   0   0   3   4   3   1   0   0   0   0   0   0   0   0   0   0   0   7  24  14   0   0   0   0   0   0   0   0   0   0   0   0   0   0   0   0   0   0   0   0   0   0   0   0   0   0   0   0   0   0   0   0   0   0   0   0   0   0   0   0   0   0   0   0   0   0   0   0   0   0   0   0   0   0   0   0   0   0   0   0   0   0   0   0   0   0   0 
  0   0   0   0   0   0   0   0   0   0   0   0   0   0   0   0   0   0   0   0   0   0   0   0   0   0   0   0   0   0   0   0   0   0   0   0   0   0   0   0   0   0   0   0   0   0   0   0   0   0   0   0   0   0   0   0   0   0   0   0   0   0   0   0   0   1   2  31  41   9   2   0   1   0   0   0   0   0   0   1   7   1 108 152  13   8   0   2   0   0   1   0   1   2   0   9   0 144 168   6  11   0   3   1   1   1   0   1   1   0   8   0 143 165   7  12   0   2   1   1   1   3   5   0   0  21   1  99 124   0  26   1   0   5   4   0   0   1   2   1   9   0 134 168   8  11   0   2   0   1   1   0   1   2   1   8   0 133 167   8  12   0   3   1   0   0   0   0   1   0   7   4 123 125   2   9   0   1   0   0   0   0   0   1   0   2   6  34  33   3   1   0   0   0   0   0   0   0   0   0   0   0   0   0   0   0   0   0   0   0   0   0   0   0   0   0   0   0   0   0   0   0   0   0   0   0   0   0   0   0   0   0   0   0   0   0   0   0   0   0   0   0   0   0   0   0   0   0   0   0   0   0   0   0   0   0 
  0   0   0   0   0   0   0   0   0   0   0   0   0   0   0   0   0   0   0   0   0   0   0   0   0   0   0   0   0   0   0   0   0   0   0   0   0   0   0   0   0   0   0   0   0   0   0   0   0   0   0   0   0   0   0   0   0   0   0   0   0   0   0   0   0   3   6  49  43   4   2   0   1   0   0   0   0   0   2   0  11   5 189 185   5  12   0   3   1   1   1   0   1   2   1  12   1 205 236   9  16   0   4   1   1   1   1   1   2   1  13   0 204 238  10  19   0   3   1   1   1   5   8   0   1  32   1 148 184   1  38   2   0   8   7   0   1   3   2   1  14   0 199 246  11  18   0   4   1   1   1   0   1   2   1  13   0 198 248  13  15   0   4   1   0   1   1   1   2   1   8   1 148 222  17  11   0   3   0   0   0   0   0   1   0   1   2  33  50   9   3   0   0   0   0   0   0   0   0   0   0   0   0   0   0   0   0   0   0   0   0   0   0   0   0   0   0   0   0   0   0   0   0   0   0   0   0   0   0   0   0   0   0   0   0   0   0   0   0   0   0   0   0   0   0   0   0   0   0   0   0   0   0   0   0   0 
  0   0   0   0   0   0   0   0   0   0   0   0   0   0   0   0   0   0   0   0   0   0   0   0   0   0   0   0   0   0   0   0   0   0   0   0   0   0   0   0   0   0   0   0   0   0   0   0   0   0   0   0   0   0   0   0   0   0   0   0   0   0   0   0   0   1   7  37  19   0   0   0   0   0   0   0   0   0   0   0   1   2  27  18   0   1   0   0   0   0   0   0   0   0   0   1   0  14  16   0   1   0   0   0   0   0   0   0   0   0   0   0  15  17   0   1   0   0   0   0   0   0   0   0   0   2   0  10  13   0   2   0   0   0   0   0   0   0   0   0   0   0  15  19   1   1   0   0   0   0   0   0   0   0   0   0   0  15  20   0   2   0   0   0   0   0   0   0   0   0   0   0  15  37   5   1   0   1   0   0   0   0   0   0   0   0   0  13  38  12   1   0   0   0   0   0   0   0   0   0   0   0   0   0   0   0   0   0   0   0   0   0   0   0   0   0   0   0   0   0   0   0   0   0   0   0   0   0   0   0   0   0   0   0   0   0   0   0   0   0   0   0   0   0   0   0   0   0   0   0   0   0   0   0   0   0 
  0   0   0   0   0   0   0   0   0   0   0   0   0   0   0   0   0   0   0   0   0   0   0   0   0   0   0   0   0   0   0   0   0   0   0   0   0   0   0   0   0   0   0   0   0   0   0   0   0   0   0   0   0   0   0   0   0   0   0   0   0   0   0   0   0   0   4   9   4   0   0   0   0   0   0   0   0   0   0   0   0   2   9   5   0   0   0   0   0   0   0   0   0   0   0   1   0  13  15   0   1   0   0   0   0   0   0   0   0   0   0   0  14  15   0   1   0   0   0   0   0   0   0   0   0   2   0   9  11   0   2   0   0   0   0   0   0   0   0   0   0   0  12  17   1   0   0   0   0   0   0   0   0   0   0   1   0  12  17   0   1   0   0   0   0   0   0   0   0   0   0   0   3   8   3   0   0   0   0   0   0   0   0   0   0   0   0   3   9   6   0   0   0   0   0   0   0   0   0   0   0   0   0   0   0   0   0   0   0   0   0   0   0   0   0   0   0   0   0   0   0   0   0   0   0   0   0   0   0   0   0   0   0   0   0   0   0   0   0   0   0   0   0   0   0   0   0   0   0   0   0   0   0   0   0   0 
  0   0   0   0   0   0   0   0   0   0   0   0   0   0   0   0   0   0   0   0   0   0   0   0   0   0   0   0   0   0   0   0   0   0   0   0   0   0   0   0   0   0   0   0   0   0   0   0   0   0   0   0   0   0   0   0   0   0   0   0   0   0   0   0   0   1   1   1   2   0   0   0   0   0   0   0   0   0   0   0   0   1   1   1   0   0   0   0   0   0   0   0   0   0   0   0   0   0   0   0   0   0   0   0   0   0   0   0   0   0   0   0   0   0   0   0   0   0   0   0   0   0   0   0   0   0   0   0   0   0   0   0   0   0   0   0   0   0   0   0   0   0   0   0   0   0   0   0   0   0   0   0   0   0   0   0   0   0   0   0   0   0   0   0   0   0   0   0   0   0   0   0   1   1   1   0   0   0   0   0   0   0   0   0   0   0   0   1   2   0   2   0   0   0   0   0   0   0   0   0   0   0   0   0   0   0   0   0   0   0   0   0   0   0   0   0   0   0   0   0   0   0   0   0   0   0   0   0   0   0   0   0   0   0   0   0   0   0   0   0   0   0   0   0   0   0   0   0   0   0   0   0   0   0   0   0 
  0   0   0   0   0   0   0   0   0   0   0   0   0   0   0   0   0   0   0   0   0   0   0   0   0   0   0   0   0   0   0   0   0   0   0   0   0   0   0   0   0   0   0   0   0   0   0   0   0   0   0   0   0   0   0   0   0   0   0   0   0   0   0   0   0   1   0   0   0   0   0   0   0   0   0   0   0   0   0   0   0   1   1   0   0   0   0   0   0   0   0   0   0   0   0   0   0   3   3   0   0   0   0   0   0   0   0   0   0   0   0   0   2   5   1   0   0   0   0   0   0   0   0   0   0   0   0   1   2   0   0   0   0   0   0   0   0   0   0   0   0   0   5   3   0   0   0   0   0   0   0   0   0   0   0   0   0   3   3   0   0   0   0   0   0   0   0   0   0   0   0   0   0   1   1   0   0   0   0   0   0   0   0   0   0   0   0   0   0   0   1   0   0   0   0   0   0   0   0   0   0   0   0   0   0   0   0   0   0   0   0   0   0   0   0   0   0   0   0   0   0   0   0   0   0   0   0   0   0   0   0   0   0   0   0   0   0   0   0   0   0   0   0   0   0   0   0   0   0   0   0   0   0   0   0   0 
  0   0   0   0   0   0   0   0   0   0   0   0   0   0   0   0   0   0   0   0   0   0   0   0   0   0   0   0   0   0   0   0   0   0   0   0   0   0   0   0   0   0   0   0   0   0   0   0   0   0   0   0   0   0   0   0   0   0   0   0   0   0   0   0   0   0   0   0   0   0   0   0   0   0   0   0   0   0   0   0   0   0   0   0   0   0   0   0   0   0   0   0   0   0   0   0   0   0   0   0   0   0   0   0   0   0   0   0   0   0   0   0   0   1   1   0   0   0   0   0   0   0   0   0   0   0   0   0   0   0   0   0   0   0   0   0   0   0   0   0   0   1   2   0   0   0   0   0   0   0   0   0   0   0   0   0   0   0   0   0   0   0   0   0   0   0   0   0   0   0   0   0   0   0   0   0   0   0   0   0   0   0   0   0   0   0   0   0   0   0   0   0   0   0   0   0   0   0   0   0   0   0   0   0   0   0   0   0   0   0   0   0   0   0   0   0   0   0   0   0   0   0   0   0   0   0   0   0   0   0   0   0   0   0   0   0   0   0   0   0   0   0   0   0   0   0   0   0   0   0   0   0   0   0   0   0 
  0   0   0   0   0   0   0   0   0   0   0   0   0   0   0   0   0   0   0   0   0   0   0   0   0   0   0   0   0   0   0   0   0   0   0   0   0   0   0   0   0   0   0   0   0   0   0   0   0   0   0   0   0   0   0   0   0   0   0   0   0   0   0   0   0   0   0   0   0   0   0   0   0   0   0   0   0   0   0   0   0   0   0   0   0   0   0   0   0   0   0   0   0   0   0   0   0   1   1   0   0   0   0   0   0   0   0   0   0   0   0   0   1   0   0   0   0   0   0   0   0   0   0   0   0   0   0   2   2   0   0   0   0   0   0   0   0   0   0   0   0   0   0   1   0   0   0   0   0   0   0   0   0   0   0   1   0   1   1   0   0   0   0   0   0   0   0   0   0   0   0   0   0   0   0   0   0   0   0   0   0   0   0   0   0   0   0   0   0   0   0   0   0   0   0   0   0   0   0   0   0   0   0   0   0   0   0   0   0   0   0   0   0   0   0   0   0   0   0   0   0   0   0   0   0   0   0   0   0   0   0   0   0   0   0   0   0   0   0   0   0   0   0   0   0   0   0   0   0   0   0   0   0   0   0   0 
  0   0   0   0   0   0   0   0   0   0   0   0   0   0   0   0   0   0   0   0   0   0   0   0   0   0   0   0   0   0   0   0   0   0   0   0   0   0   0   0   0   0   0   0   0   0   0   0   0   0   0   0   0   0   0   0   0   0   0   0   0   0   0   0   0   0   0   0   0   0   0   0   0   0   0   0   0   0   0   0   0   0   0   0   0   0   0   0   0   0   0   0   0   0   0   0   0   0   1   0   0   0   0   0   0   0   0   0   0   0   0   0   0   0   0   0   0   0   0   0   0   0   0   0   0   0   0   1   1   0   0   0   0   0   0   0   0   0   0   0   0   0   0   0   0   0   0   0   0   0   0   0   0   0   0   0   0   0   1   0   0   0   0   0   0   0   0   0   0   0   0   0   0   0   0   0   0   0   0   0   0   0   0   0   0   0   0   0   0   0   0   0   0   0   0   0   0   0   0   0   0   0   0   0   0   0   0   0   0   0   0   0   0   0   0   0   0   0   0   0   0   0   0   0   0   0   0   0   0   0   0   0   0   0   0   0   0   0   0   0   0   0   0   0   0   0   0   0   0   0   0   0   0   0   0   0 
  0   0   0   0   0   0   0   0   0   0   0   0   0   0   0   0   0   0   0   0   0   0   0   0   0   0   0   0   0   0   0   0   0   0   0   0   0   0   0   0   0   0   0   0   0   0   0   0   0   0   0   0   0   0   0   0   0   0   0   0   0   0   0   0   0   0   0   0   0   0   0   0   0   0   0   0   0   0   0   0   0   0   0   0   0   0   0   0   0   0   0   0   0   0   0   0   0   1   0   0   0   0   0   0   0   0   0   0   0   0   0   0   1   3   1   0   0   0   0   0   0   0   0   0   0   0   0   0   0   0   0   0   0   0   0   0   0   0   0   0   0   0   3   1   0   0   0   0   0   0   0   0   0   0   0   0   1   0   1   0   0   0   0   0   0   0   0   0   0   0   0   0   0   0   0   0   0   0   0   0   0   0   0   0   0   0   0   0   0   0   0   0   0   0   0   0   0   0   0   0   0   0   0   0   0   0   0   0   0   0   0   0   0   0   0   0   0   0   0   0   0   0   0   0   0   0   0   0   0   0   0   0   0   0   0   0   0   0   0   0   0   0   0   0   0   0   0   0   0   0   0   0   0   0   0   0 
  0   0   0   0   0   0   0   0   0   0   0   0   0   0   0   0   0   0   0   0   0   0   0   0   0   0   0   0   0   0   0   0   0   0   0   0   0   0   0   0   0   0   0   0   0   0   0   0   0   0   0   0   0   0   0   0   0   0   0   0   0   0   0   0   0   0   0   0   0   0   0   0   0   0   0   0   0   0   0   0   0   0   0   0   0   0   0   0   0   0   0   0   0   0   0   0   0   0   0   1   0   0   0   0   0   0   0   0   0   0   0   0   1   3   1   0   0   0   0   0   0   0   0   0   0   0   0   0   1   0   0   0   0   0   0   0   0   0   0   0   0   0   3   1   0   0   0   0   0   0   0   0   0   0   0   0   1   0   0   0   0   0   0   0   0   0   0   0   0   0   0   0   0   0   0   0   0   0   0   0   0   0   0   0   0   0   0   0   0   0   0   0   0   0   0   0   0   0   0   0   0   0   0   0   0   0   0   0   0   0   0   0   0   0   0   0   0   0   0   0   0   0   0   0   0   0   0   0   0   0   0   0   0   0   0   0   0   0   0   0   0   0   0   0   0   0   0   0   0   0   0   0   0   0   0   0 
  0   0   0   0   0   0   0   0   0   0   0   0   0   0   0   0   0   0   0   0   0   0   0   0   0   0   0   0   0   0   0   0   0   0   0   0   0   0   0   0   0   0   0   0   0   0   0   0   0   0   0   0   0   0   0   0   0   0   0   0   0   0   0   0   0   0   0   0   0   0   0   0   0   0   0   0   0   0   0   0   0   0   0   0   0   0   0   0   0   0   0   0   0   0   0   0   0   1   4   2   0   0   0   0   0   0   0   0   0   0   0   0   1   1   0   0   0   0   0   0   0   0   0   0   0   0   0   2   3   0   0   0   0   0   0   0   0   0   0   0   0   0   1   1   0   0   0   0   0   0   0   0   0   0   0   0   1   4   1   0   0   0   0   0   0   0   0   0   0   0   0   0   0   0   0   0   0   0   0   0   0   0   0   0   0   0   0   0   0   0   0   0   0   0   0   0   0   0   0   0   0   0   0   0   0   0   0   0   0   0   0   0   0   0   0   0   0   0   0   0   0   0   0   0   0   0   0   0   0   0   0   0   0   0   0   0   0   0   0   0   0   0   0   0   0   0   0   0   0   0   0   0   0   0   0   0 
  0   0   0   0   0   0   0   0   0   0   0   0   0   0   0   0   0   0   0   0   0   0   0   0   0   0   0   0   0   0   0   0   0   0   0   0   0   0   0   0   0   0   0   0   0   0   0   0   0   0   0   0   0   0   0   0   0   0   0   0   0   0   0   0   0   0   0   0   0   0   0   0   0   0   0   0   0   0   0   0   0   0   0   0   0   0   0   0   0   0   0   0   0   0   0   0   0   1   5   2   0   0   0   0   0   0   0   0   0   0   0   0   0   1   0   0   0   0   0   0   0   0   0   0   0   0   0   0   0   0   0   0   0   0   0   0   0   0   0   0   0   0   1   0   0   0   0   0   0   0   0   0   0   0   0   0   1   5   2   0   0   0   0   0   0   0   0   0   0   0   0   0   0   0   0   0   0   0   0   0   0   0   0   0   0   0   0   0   0   0   0   0   0   0   0   0   0   0   0   0   0   0   0   0   0   0   0   0   0   0   0   0   0   0   0   0   0   0   0   0   0   0   0   0   0   0   0   0   0   0   0   0   0   0   0   0   0   0   0   0   0   0   0   0   0   0   0   0   0   0   0   0   0   0   0   0 
  0   0   0   0   0   0   0   0   0   0   0   0   0   0   0   0   0   0   0   0   0   0   0   0   0   0   0   0   0   0   0   0   0   0   0   0   0   0   0   0   0   0   0   0   0   0   0   0   0   0   0   0   0   0   0   0   0   0   0   0   0   0   0   0   0   0   0   0   0   0   0   0   0   0   0   0   0   0   0   0   0   0   0   0   0   0   0   0   0   0   0   0   0   0   0   0   0   4  12   3   0   0   0   0   0   0   0   0   0   0   0   0   5   9   1   0   0   0   0   0   0   0   0   0   0   0   0   1   2   0   0   0   0   0   0   0   0   0   0   0   0   0   9   6   0   0   0   0   0   0   0   0   0   0   0   0   1  11   6   0   0   0   0   0   0   0   0   0   0   0   0   0   0   0   0   0   0   0   0   0   0   0   0   0   0   0   0   0   0   0   0   0   0   0   0   0   0   0   0   0   0   0   0   0   0   0   0   0   0   0   0   0   0   0   0   0   0   0   0   0   0   0   0   0   0   0   0   0   0   0   0   0   0   0   0   0   0   0   0   0   0   0   0   0   0   0   0   0   0   0   0   0   0   0   0   0 
  0   0   0   0   0   0   0   0   0   0   0   0   0   0   0   0   0   0   0   0   0   0   0   0   0   0   0   0   0   0   0   0   0   0   0   0   0   0   0   0   0   0   0   0   0   0   0   0   0   0   0   0   0   0   0   0   0   0   0   0   0   0   0   0   0   0   0   0   0   0   0   0   0   0   0   0   0   0   0   0   0   0   0   0   0   0   0   0   0   0   0   0   0   0   0   0   0  10  15   2   0   0   0   0   0   0   0   0   0   0   1   0  22  33   2   2   0   0   0   0   0   0   1   0   0   4   0  18  23   0   5   0   0   1   1   0   0   0   0   0   2   0  28  27   0   1   0   0   0   0   0   0   0   0   0   0   1  12  11   0   0   0   0   0   0   0   0   0   0   0   0   0   0   0   0   0   0   0   0   0   0   0   0   0   0   0   0   0   0   0   0   0   0   0   0   0   0   0   0   0   0   0   0   0   0   0   0   0   0   0   0   0   0   0   0   0   0   0   0   0   0   0   0   0   0   0   0   0   0   0   0   0   0   0   0   0   0   0   0   0   0   0   0   0   0   0   0   0   0   0   0   0   0   0   0   0 
  0   0   0   0   0   0   0   0   0   0   0   0   0   0   0   0   0   0   0   0   0   0   0   0   0   0   0   0   0   0   0   0   0   0   0   0   0   0   0   0   0   0   0   0   0   0   0   0   0   0   0   0   0   0   0   0   0   0   0   0   0   0   0   0   0   0   0   0   0   0   0   0   0   0   0   0   0   0   0   0   0   0   0   0   0   0   0   0   0   0   0   0   0   0   0   0   0  10  12   2   0   0   0   0   0   0   0   0   0   0   1   0  34  42   2   3   0   0   0   0   0   1   2   0   0   7   0  31  40   0   9   0   0   2   1   0   0   0   0   0   2   0  33  40   2   2   0   0   0   0   0   0   0   0   0   0   1  10  11   1   0   0   0   0   0   0   0   0   0   0   0   0   0   0   0   0   0   0   0   0   0   0   0   0   0   0   0   0   0   0   0   0   0   0   0   0   0   0   0   0   0   0   0   0   0   0   0   0   0   0   0   0   0   0   0   0   0   0   0   0   0   0   0   0   0   0   0   0   0   0   0   0   0   0   0   0   0   0   0   0   0   0   0   0   0   0   0   0   0   0   0   0   0   0   0   0 
  0   0   0   0   0   0   0   0   0   0   0   0   0   0   0   0   0   0   0   0   0   0   0   0   0   0   0   0   0   0   0   0   0   0   0   0   0   0   0   0   0   0   0   0   0   0   0   0   0   0   0   0   0   0   0   0   0   0   0   0   0   0   0   0   0   0   0   0   0   0   0   0   0   0   0   0   0   0   0   0   0   0   0   0   0   0   0   0   0   0   0   0   0   0   0   0   1  14  14   1   0   0   0   0   0   0   0   0   0   0   2   0  41  46   2   2   0   0   0   0   0   1   2   0   0   9   0  39  49   0  10   1   0   2   1   0   0   1   0   0   1   0  36  48   3   3   0   0   0   0   0   0   0   0   0   0   0  11  15   1   0   0   0   0   0   0   0   0   0   0   0   0   0   0   0   0   0   0   0   0   0   0   0   0   0   0   0   0   0   0   0   0   0   0   0   0   0   0   0   0   0   0   0   0   0   0   0   0   0   0   0   0   0   0   0   0   0   0   0   0   0   0   0   0   0   0   0   0   0   0   0   0   0   0   0   0   0   0   0   0   0   0   0   0   0   0   0   0   0   0   0   0   0   0   0   0 
  0   0   0   0   0   0   0   0   0   0   0   0   0   0   0   0   0   0   0   0   0   0   0   0   0   0   0   0   0   0   0   0   0   0   0   0   0   0   0   0   0   0   0   0   0   0   0   0   0   0   0   0   0   0   0   0   0   0   0   0   0   0   0   0   0   0   0   0   0   0   0   0   0   0   0   0   0   0   0   0   0   0   0   0   0   0   0   0   0   0   0   0   0   0   0   0   1  16  13   0   0   0   0   0   0   0   0   0   0   0   2   0  33  33   0   2   0   0   0   0   0   1   1   0   0   6   0  27  34   0   7   0   0   1   1   0   0   0   0   0   1   0  25  39   3   2   0   0   0   0   0   0   0   0   0   0   0   9  16   2   0   0   0   0   0   0   0   0   0   0   0   0   0   0   0   0   0   0   0   0   0   0   0   0   0   0   0   0   0   0   0   0   0   0   0   0   0   0   0   0   0   0   0   0   0   0   0   0   0   0   0   0   0   0   0   0   0   0   0   0   0   0   0   0   0   0   0   0   0   0   0   0   0   0   0   0   0   0   0   0   0   0   0   0   0   0   0   0   0   0   0   0   0   0   0   0 
  0   0   0   0   0   0   0   0   0   0   0   0   0   0   0   0   0   0   0   0   0   0   0   0   0   0   0   0   0   0   0   0   0   0   0   0   0   0   0   0   0   0   0   0   0   0   0   0   0   0   0   0   0   0   0   0   0   0   0   0   0   0   0   0   0   0   0   0   0   0   0   0   0   0   0   0   0   0   0   0   0   0   0   0   0   0   0   0   0   0   0   0   0   0   0   0   1  11   7   0   0   0   0   0   0   0   0   0   0   0   0   0  12  11   0   0   0   0   0   0   0   0   0   0   0   1   0   5   7   0   1   0   0   0   0   0   0   0   0   0   0   0   8  15   1   0   0   0   0   0   0   0   0   0   0   0   0   5  11   2   0   0   0   0   0   0   0   0   0   0   0   0   0   0   0   0   0   0   0   0   0   0   0   0   0   0   0   0   0   0   0   0   0   0   0   0   0   0   0   0   0   0   0   0   0   0   0   0   0   0   0   0   0   0   0   0   0   0   0   0   0   0   0   0   0   0   0   0   0   0   0   0   0   0   0   0   0   0   0   0   0   0   0   0   0   0   0   0   0   0   0   0   0   0   0   0 
  0   0   0   0   0   0   0   0   0   0   0   0   0   0   0   0   0   0   0   0   0   0   0   0   0   0   0   0   0   0   0   0   0   0   0   0   0   0   0   0   0   0   0   0   0   0   0   0   0   0   0   0   0   0   0   0   0   0   0   0   0   0   0   0   0   0   0   0   0   0   0   0   0   0   0   0   0   0   0   0   0   0   0   0   0   0   0   0   0   0   0   0   0   0   0   0   1   5   2   0   0   0   0   0   0   0   0   0   0   0   0   0   1   1   0   0   0   0   0   0   0   0   0   0   0   0   0   0   0   0   0   0   0   0   0   0   0   0   0   0   0   0   1   1   0   0   0   0   0   0   0   0   0   0   0   0   0   2   5   2   0   0   0   0   0   0   0   0   0   0   0   0   0   0   0   0   0   0   0   0   0   0   0   0   0   0   0   0   0   0   0   0   0   0   0   0   0   0   0   0   0   0   0   0   0   0   0   0   0   0   0   0   0   0   0   0   0   0   0   0   0   0   0   0   0   0   0   0   0   0   0   0   0   0   0   0   0   0   0   0   0   0   0   0   0   0   0   0   0   0   0   0   0   0   0   0 
  0   0   0   0   0   0   0   0   0   0   0   0   0   0   0   0   0   0   0   0   0   0   0   0   0   0   0   0   0   0   0   0   0   0   0   0   0   0   0   0   0   0   0   0   0   0   0   0   0   0   0   0   0   0   0   0   0   0   0   0   0   0   0   0   0   0   0   0   0   0   0   0   0   0   0   0   0   0   0   0   0   0   0   0   0   0   0   0   0   0   0   0   0   0   0   0   0   2   0   0   0   0   0   0   0   0   0   0   0   0   0   0   0   0   0   0   0   0   0   0   0   0   0   0   0   0   0   1   1   0   0   0   0   0   0   0   0   0   0   0   0   0   0   0   0   0   0   0   0   0   0   0   0   0   0   0   0   0   2   1   0   0   0   0   0   0   0   0   0   0   0   0   0   0   0   0   0   0   0   0   0   0   0   0   0   0   0   0   0   0   0   0   0   0   0   0   0   0   0   0   0   0   0   0   0   0   0   0   0   0   0   0   0   0   0   0   0   0   0   0   0   0   0   0   0   0   0   0   0   0   0   0   0   0   0   0   0   0   0   0   0   0   0   0   0   0   0   0   0   0   0   0   0   0   0   0 
  0   0   0   0   0   0   0   0   0   0   0   0   0   0   0   0   0   0   0   0   0   0   0   0   0   0   0   0   0   0   0   0   0   0   0   0   0   0   0   0   0   0   0   0   0   0   0   0   0   0   0   0   0   0   0   0   0   0   0   0   0   0   0   0   0   0   0   0   0   0   0   0   0   0   0   0   0   0   0   0   0   0   0   0   0   0   0   0   0   0   0   0   0   0   0   0   0   0   0   0   0   0   0   0   0   0   0   0   0   0   0   0   0   0   0   0   0   0   0   0   0   0   0   0   0   0   0   0   1   0   0   0   0   0   0   0   0   0   0   0   0   0   0   0   0   0   0   0   0   0   0   0   0   0   0   0   0   0   0   0   0   0   0   0   0   0   0   0   0   0   0   0   0   0   0   0   0   0   0   0   0   0   0   0   0   0   0   0   0   0   0   0   0   0   0   0   0   0   0   0   0   0   0   0   0   0   0   0   0   0   0   0   0   0   0   0   0   0   0   0   0   0   0   0   0   0   0   0   0   0   0   0   0   0   0   0   0   0   0   0   0   0   0   0   0   0   0   0   0   0   0   0   0   0   0   0 
  0   0   0   0   0   0   0   0   0   0   0   0   0   0   0   0   0   0   0   0   0   0   0   0   0   0   0   0   0   0   0   0   0   0   0   0   0   0   0   0   0   0   0   0   0   0   0   0   0   0   0   0   0   0   0   0   0   0   0   0   0   0   0   0   0   0   0   0   0   0   0   0   0   0   0   0   0   0   0   0   0   0   0   0   0   0   0   0   0   0   0   0   0   0   0   0   0   0   0   0   0   0   0   0   0   0   0   0   0   0   0   0   0   0   0   0   0   0   0   0   0   0   0   0   0   0   0   0   0   0   0   0   0   0   0   0   0   0   0   0   0   0   0   0   0   0   0   0   0   0   0   0   0   0   0   0   0   0   0   0   0   0   0   0   0   0   0   0   0   0   0   0   0   0   0   0   0   0   0   0   0   0   0   0   0   0   0   0   0   0   0   0   0   0   0   0   0   0   0   0   0   0   0   0   0   0   0   0   0   0   0   0   0   0   0   0   0   0   0   0   0   0   0   0   0   0   0   0   0   0   0   0   0   0   0   0   0   0   0   0   0   0   0   0   0   0   0   0   0   0   0   0   0   0   0   0 
  0   0   0   0   0   0   0   0   0   0   0   0   0   0   0   0   0   0   0   0   0   0   0   0   0   0   0   0   0   0   0   0   0   0   0   0   0   0   0   0   0   0   0   0   0   0   0   0   0   0   0   0   0   0   0   0   0   0   0   0   0   0   0   0   0   0   0   0   0   0   0   0   0   0   0   0   0   0   0   0   0   0   0   0   0   0   0   0   0   0   0   0   0   0   0   0   0   0   0   0   0   0   0   0   0   0   0   0   0   0   0   0   0   0   0   0   0   0   0   0   0   0   0   0   0   0   0   0   0   0   0   0   0   0   0   0   0   0   0   0   0   0   0   0   0   0   0   0   0   0   0   0   0   0   0   0   0   0   0   0   0   0   0   0   0   0   0   0   0   0   0   0   0   0   0   0   0   0   0   0   0   0   0   0   0   0   0   0   0   0   0   0   0   0   0   0   0   0   0   0   0   0   0   0   0   0   0   0   0   0   0   0   0   0   0   0   0   0   0   0   0   0   0   0   0   0   0   0   0   0   0   0   0   0   0   0   0   0   0   0   0   0   0   0   0   0   0   0   0   0   0   0   0   0   0   0 
