3994095376
3821013762
3821013505
3993046800
4118802511
4118802543
3852406836
3852410932
3766554626
3851485184
3852415020
3783262211
3850436608
4118802511
4118802543
3994111760
3817097986
3817097729
3993063184
3818913792
3785420814
4290904064
20572
8
38312
4294950484
195936478
4294950496
3942645825
3775856640
3821010975
3816816851
3777622016
3994095376
3821013506
3993046800
3852402856
3993767696
3942645768
3942645781
3942647189
3993440021
3993440154
3993440149
3852402824
3993767696
3778019102
3778019102
3818913792
3993505559
3993440021
3993440213
3993440154
3993440149
3994095376
3821013506
3821010951
3816816642
3816819458
3816819201
3993046800
3785420814
3925868568
3810586624
3844067492
3796750408
3901562879
3800911932
3913637888
3850756096
3780075520
3850723332
3850698760
3785359373
4194304570
3906830335
3785359360
3852329020
3800944712
3797872644
4294901760
3810586624
3810586624
3810586624
3810586624
3810586624
3810586624
3810586624
3852455948
3821916167
3912060928
4194304077
3904737280
4294966912
18288
3800059956
3852419352
3851767808
3850653696
3852407056
3795910784
3818921984
3780116481
897589248
847249412
989855739
3778019102
3912060912
3813802016
167772160
2583691267
3903852528
3900772336
3797032992
3942645752
3813801988
167772160
2583691267
3903848464
3900768272
3797032964
3942645752
3813801984
167772161
3851431936
3850448896
3904737264
3852402828
3818917892
3818922009
3766497281
3851632640
3783544834
3850588160
4118802511
4118802543
3818917972
3818921987
3766497281
3850575872
3818917976
3818921987
3766497281
3850575872
3818918032
3818921985
3766497281
3850575872
3818918036
3818921985
3766497281
3850575872
3852402732
3852406828
3818921984
3850444800
3818917892
3766493185
3818926081
3785371779
3850514432
4118802511
4118802543
3942645756
4291837952
4291842048
4291854560
160
4294936416
4294966912
1259451656
119171099
1242551554
1611735305
3573679835
571558668
4026556442
3104372909
4171165696
4172869632
4238405637
4237488133
1241991174
3523429008
437395712
4251250693
570510084
3171442714
4291854660
4294940072
4294950496
4294900736
4031728389
1612329727
1754947674
33812546
1620713472
3204466544
4291821568
329839174
1903883343
1129886992
3919114246
1750813448
671107335
1749736715
3540140691
1141906112
4056080387
1143145473
1175667736
3172001777
4291821568
1259189512
4064700504
4026929576
1178855806
1115843354
1796827674
1141560066
3758430738
841479426
840364546
441598978
1178821146
1779983128
3204496648
4291821568
1174713616
4292802559
3171949312
3037743878
1750615620
296284742
3914919942
1178804736
1645896480
3204496656
4291821568
1750747913
1796818499
1780040337
3540151064
445203457
1142022146
436812033
1178821145
1779983130
3204466544
4291821568
1174713616
4293326847
3171949312
1178814979
1662675026
570443331
1198547482
4291821568
1767525124
37810242
1767530842
37810210
1198547290
4291842048
1767394050
276886464
3204466544
4291842048
1767525122
1921053730
1198547290
4291842048
1767525122
37810210
1198547290
4291842048
4031728386
1641689855
3204466544
4291842048
4033825538
1633288768
3204466544
4291842048
1258899976
587161946
1750753690
847311938
1750753370
310441026
1750753370
34664514
1198547034
28753941
4291842048
1258796296
1612325381
1616519697
4197511168
1258598696
1641685509
571558659
3171442714
4291854464
4291842048
4286578688
3037743880
4026755099
4095943679
4098048783
4030931752
1241711426
1746034707
3489874586
3171950593
4290924544
1746619301
1252346788
1746559002
1117408163
1269027314
1269000218
1113649154
1252016915
1746034707
3521594010
1746553759
1268714962
1125320146
1611877020
1117415442
1268568540
219899931
4098032923
4030948172
1251476232
1746034707
3520021146
1746619286
68881435
1611877012
1117415442
1267978694
203122715
4098032667
4030944055
1250886442
1746034707
3518579354
1746619277
67104803
52490307
1611877002
1117415442
1267323310
4028852251
4030923535
1250296584
1746034707
3517137562
1746619268
50458659
1611876994
1117415442
1266799002
4028852251
4030923527
1249772290
1746034707
3515826842
1746619260
50589731
50524227
1611876985
1117415442
1266209156
4095961115
4095943551
1249207104
1746034707
4101980826
1265872761
4095961115
4028851199
1248854791
1746034707
4101980826
1265545069
1265526810
1111552002
1248543507
1746034707
4101980826
1265282913
1265199131
1612335721
1265133594
4101980826
1265086295
1265002523
1612335718
1264936986
4101980826
1264889677
1264805915
1612325376
721446939
2940531839
1746619232
77270171
1132000323
1611876957
1117415442
2939745407
1746619227
1247497050
1746559002
1117408089
2939090047
1746619224
1247300439
1746559002
1117408086
2938434687
1746619221
1247103828
1746559002
1117408083
2937779327
1746619218
1132457987
58913859
1669526595
1611876942
1117415442
2936861823
1746619212
4031728459
1612329473
4055066651
4101979905
1263054593
1262970907
1746624538
1057092019
2935551103
1746619204
68881435
1937830979
50458691
1611876928
1117415442
2934633599
4098837310
1612345856
4122175515
4101996288
1262202593
219310106
85084986
1245201171
1746100243
1746553656
1111552002
1378938946
847836226
1746624538
1746553652
1111552002
36762690
42528834
1746624538
1746553648
1115680770
49083458
1912927298
1746624538
1746553644
4026682156
1125335679
1611876905
3204505684
4290924548
2018037254
4290924552
147639344
4290924556
2238707
4290924560
4290924564
4290924588
4290924592
4290924596
4290924604
4290924636
4290924640
4290924668
4290924680
4290924716
1073549448
4290924720
554189328
4290924724
2155999108
4290924728
4290924732
4290924736
545392672
4290924740
136348168
4290924744
1090785345
4290924748
4290924752
4290924756
4290924760
4290924880
4290924644
279893
4290924648
4290924652
4290924656
4290924660
9962819
1259759635
219310106
85084949
1242776339
1746100243
1746619155
67104803
50458691
1012987970
1746025056
4101980826
1259253317
352318016
4026556444
2973300817
1612466955
4064307226
1117393919
2922837119
1746553608
34140226
1746624538
3171950592
4290924664
370026
4290924568
4291854476
4290924672
4290924636
3132551171
3037743886
4026755099
4089643039
4089648196
4089651842
1258959170
724068379
723046403
588300040
589357056
148587554
536953858
4060281344
4026727169
3171959640
4290924588
4290924592
1746422530
8451008
3204466544
4285556816
1746422530
520192
3204466544
4285554688
4160730376
3104374765
3171426304
4293457919
3505989632
4293720063
1113071363
3171434840
4031728392
1612329727
1612329732
1612329732
1612329732
1612329732
1612329732
1612329732
1198547034
4294889856
4031728392
1612329727
1612329732
1612329732
1612329732
1612329732
1612329732
1612329732
1198547034
4294890112
553716035
2093056
4194369691
4121161728
4121113495
1746563968
1612202768
673138544
3641816336
66908160
258048
865400227
12591871
1082288156
4026595841
33745444
1746559002
1612202768
151239952
1044480
687940099
58976847
4254287
865269155
4060150274
1746711824
33745444
3506790426
1746542850
4026595841
1612202768
155434256
4026540289
10158111
4026595841
865531299
1942025635
1125148698
1198546968
3037743880
752052636
1258805259
46459651
808777811
1201170512
4160729824
1258422242
3171967260
4294885632
4294936424
1259123976
4028786714
1612317185
4285331455
4286511103
570968840
4110639194
1746559856
33681474
4121124890
570516336
1612324864
3204496648
4294889472
4294885632
1174713656
4165291272
3942977584
1176044992
4160708714
1176567704
4160692481
1176567678
4285331455
3174572032
4294936424
1174713656
1746553752
1652618274
994074650
1916662863
863526938
1612325376
1612331832
4165149195
1251028124
131688467
1251005692
1267736581
4026884122
1835268531
1124134979
537348748
4026884115
1835268523
50524227
1611877000
1267223174
859856922
859856922
991191066
1612325397
996942336
1746625306
1746619266
1746619263
4030949411
1249788672
1793286163
1124134979
1611870784
4030950755
1678983936
4230805503
4160692224
1751317539
1266107909
1755471898
1612329732
570504084
1759666202
1612331920
570635156
1772249114
1612331912
858549026
1801609242
1612329732
993552674
1805803546
1612329788
993552738
1809997850
1612329788
855927842
1818386458
1177051226
4227266559
3657050118
4030949411
1247609602
1793286163
50524227
1611870784
4030950755
1678967554
1264216546
1780637722
1612329732
855927394
1822580762
1612329784
1616538850
1247027968
4093732881
4122046944
3489759200
3891733248
722023169
1839454708
50918339
1611876941
4089671139
839123720
1847812115
50918339
1611870724
4089671267
1616053000
1746553664
1904275522
859856921
4030949403
1228763264
1835098120
1904275521
16969793
4028778551
1610707584
4028844342
1611297664
1611876917
4030950755
1678967554
1839280712
1261856784
721436675
1611780602
1745504562
1075006258
3522833152
1211198945
1261398018
1244610579
3522767616
1745969169
1074481963
3522833152
1210805793
1260939266
1244217363
3522767616
1745969169
1074481956
3522833152
1210412641
1260480514
1243824147
3522767616
1745969169
1074481949
3522833152
570444575
1612335377
4027803659
1242500865
1260179962
4030818329
1612251393
131819539
1830999292
1612335896
993815202
990928922
855633999
859856922
859332634
574119962
4165148672
3174575312
4291838112
4291837972
2147549197
4291838144
4291838016
4291838080
4291838024
4291838052
4291837960
4291838152
2096640
4291838156
4291838160
4291838164
4291837956
4291837952
4291838124
3037743883
4089735196
1208631557
4089721089
4026860748
1258876024
1746482177
822166368
3966824453
1746488069
4026872065
3172002924
4291838016
25000000
4291838176
4291838024
3037743886
1259235352
1350693824
3214157825
536888856
1746684681
1090909124
80540612
872493313
3964596229
1746488070
4089529184
822149384
3964071941
3204496656
4291838144
25000000
4291838152
3037743899
127428635
1260049426
4089735196
1209614597
4089721089
4026860748
1259858992
1746482177
822166368
3962105861
3759426324
1746422548
4089465616
671174785
1176027028
1259347968
4089735196
4089725189
822150348
4026872833
1259138068
1746486112
4026872065
1259006990
4089669659
1087902658
3204496656
4291838064
4291838016
25000000
4291838180
4291838028
4291838080
4291838104
4291838052
3037743898
4027607064
3492544515
3507300353
1282209875
1090909124
822167573
80540612
3957649413
1259549697
3759555424
3508086786
1746422545
4089465614
671174785
1176027028
1259151360
4089735196
4089725189
822150348
4026872833
1258941388
1746486112
4026872065
3758156742
142614528
3204496656
4291838124
25000000
4291838040
4291838080
4291838100
3037743898
4089473048
3009941505
3507365889
1282209875
1090909124
822167573
3953586181
1746488084
80540612
1130378241
671277079
1259458841
1259235352
1350693824
3214157825
536888856
1746684684
1090909124
80540612
872493313
3951751173
1746488072
822166368
3951357957
536919312
3204496656
4291838124
25000000
4291838036
4291838080
4291838096
4064720144
1176573096
4026681376
1176633247
4026681375
553713563
4026681374
553713559
4026681373
4160749459
1226637023
3948867589
1209746945
4287295490
4277598207
4026878231
1174530902
4026681367
4160749441
4098883345
4026888570
1174530892
4026681363
4160749431
4098883407
4026888570
1174530882
4026681359
4160749421
4098883461
4026888570
3904760632
1174487056
4026681354
3204497249
4294933300
4294933327
4294933354
4294933387
1000000
4294933420
4294933446
4294933472
4294933499
4294933525
4160730376
1258684123
4160708632
1258618655
4160708632
1258553179
3171442712
4294940080
4294940076
4294940072
1258599688
536888989
2148333791
4026746369
3204512523
4294949464
4294936288
1198530563
1198530563
2962928912
1231299176
4026812008
4026859194
536935869
4026549761
553711841
4026540033
553711837
4026540034
553711833
4026540035
4026857685
4160748971
4160747995
4160747985
4160747967
4026857765
4026596769
1181285113
4243912703
4289656831
4254658564
1746619215
251850771
3489942605
1746619213
1333261331
1747177759
1900016719
536889930
50524227
4026556451
4064344513
1246192055
4026540033
4064344507
1246048699
4026540034
537131445
293532228
4026550850
1747188143
50524195
4026818595
1262091627
4027803675
1278676737
1261948932
4094912539
3507048311
4030949411
1612907265
4198297600
4028852259
1612907265
4204457984
4250071044
4186634239
4187944959
4249677828
1174478848
4173787136
536944896
4173524992
537010432
4173262848
537075968
4173000704
4248498180
4204064771
4208914432
4277073919
4026681379
4026859131
1210252591
4269207554
4187027455
2970109444
4193841155
4247056388
4026681373
4160749163
671153011
4160737524
218233713
4026681369
4026859127
4026596629
1243085121
1679443523
4204720128
4205637632
1226065443
1242833106
4232640511
1225999907
1242767571
4232247295
4244566020
1612466961
3171987482
4294928300
4291854528
4294936416
4294930128
4294930224
4294930440
4294930560
4294933552
4294933577
4294933612
4294933636
4294950488
4294906893
4294940100
4294906929
4294940104
4294940232
3509463296
671238949
33615951
3642122266
3510642691
1746553634
35450914
1746559002
33812514
46198850
1746559002
1922102306
35713090
536895514
1624787738
8603504
322827683
1400894883
4028721177
1612251420
4028721177
1612251395
4165159698
1175461920
687949680
1259196695
1612325377
1746094606
50458691
4064305171
1745957865
21099457
3489802498
3522706177
1241964549
4165083904
1175990304
536954736
3204466544
4291854420
4291854416
4294940084
4291854424
1174582640
3512150272
671238969
83947599
3641925661
3513264131
1747143734
52490275
1747148835
1937830979
4160708643
1177090151
4166973439
904393280
3759490566
4121100419
4121105213
1746490239
17035329
1746493465
17625153
1746493465
17887297
1260806169
4165148929
3762163744
4160702000
1118369857
1747114490
38006818
33812546
1612335901
4164745215
4160692224
1174730803
4160701984
673249327
1259854330
4030883866
1612317196
4028786714
1612317312
4030883866
1612317200
570510097
3759562970
3507890433
553732876
1225678873
4028852235
1611334401
870969920
4089473032
671154241
989974530
3758412280
4165159685
536870946
536984944
3204496752
4291854420
4291854416
4294940084
4291854424
4166208259
4056940576
3208118273
1198530560
4294940084
1208333576
4248760322
1746553604
1612329473
571034371
3171442714
4294933652
4294940100
4291854660
1258730760
1746552838
1612329473
4247318530
571558660
4026753050
3204511915
4294940104
4294933688
4291854660
570510086
863002650
855924762
855924762
855924762
1616535578
3204466544
4286578720
1324411181
1175209478
4160701973
671154105
2156589056
3506712067
1746553669
35713058
1262772250
560228378
3657640448
3497736449
3891882010
1912796098
3522636288
536955710
2700933343
433384015
4175380656
1746518248
1275065423
1612268289
1177241912
3491317066
2952853706
1611556894
1611556958
1611557022
1611557086
1610676444
771762020
1057085956
4175220813
3891814400
1340141590
838980087
3890426640
58716180
1260900615
3928123418
1612185600
3904708608
156864240
9583361
4030923291
2996503424
1327517217
3942998067
587204226
3490005643
3223582806
3221289159
3891737345
69201924
739787795
3943028740
553649027
3758377495
539228245
1612335891
1117904903
1746850309
3002482894
822632470
1259137015
1225484315
721429092
973199875
1745604613
4027836409
3522711520
1258743741
3928123418
1612185600
3904708609
3204484848
4291854416
4293926912
4293926916
4293926940
4293926932
4293926928
1210600231
3037743656
4110489625
4110487869
1745441136
453310531
3522511507
570444579
4110639130
1746625485
1260399361
1746587907
34664514
1260281882
721512475
1260114180
4030883866
1612317192
1746619162
3506711297
1746553622
35713090
1259823130
721512475
1259524356
4030883866
1612317188
1746619155
3506711297
1746553613
33747010
1259364378
721512475
3506653961
4030883866
1612317185
4160710684
2970155355
1612466954
3204496656
4291855360
4294938120
4291856188
4291854472
4291856120
4291856136
4291856148
4291856176
4291856184
4291854376
1746619139
3506580227
570641154
1198546970
4291855444
4291854528
553928706
4026802688
3204495737
4285546496
3037743883
4027803675
3507490584
1275742985
1117538570
1176289080
1176521481
1746580132
4220514308
1612466951
4165159431
3171953676
4291854356
4294963200
4294950496
4294902268
4294902428
4291854572
2929655484
3852455956
3821916167
3796750464
3821916167
3785392141
3818913792
4211080780
4294966912
1813661251
973359876
1178820634
1258515482
1612329480
3112761343
4294901860
4294901868
2197877743
58781731
2164323203
18288
1276818744
1209748762
4221366274
4026680864
1177090969
4220973058
4026681367
1209531283
4220579842
4026681366
1209465741
4220186626
4026681365
1209400199
4219793410
4026681364
1209334657
4219400194
4026681363
1209269115
4219006978
4026680872
1176566645
4218613762
4026681359
536935279
3204496696
4294934212
4294934294
4294934181
4294934376
4294934458
4294934540
4294934622
4294934704
4294934786
4294934868
4294934950
4294935032
4294935114
4294935196
3037743876
1763469339
1624946964
1633181977
3204496656
4294940120
3039821952
805570692
1118570629
10539583
598799616
1671492867
578352131
789116338
4026585352
169541695
1350628416
54587395
3760472835
789640626
4089696516
4098032396
3759952640
790164914
4089696516
1259340298
3759751955
800126386
4089696514
3759014667
803272114
4089696516
4098032394
3758506896
792786354
4089696518
4098032395
4121117600
3758166904
326693999
872505369
3174098877
4290920448
570641163
990142490
1612325376
1612329736
1258840154
4026763291
737674232
1258737671
1746608895
1629118618
1624924250
1198546970
4290908232
4294940116
4294940112
508175105
4194517585
1095888896
3000714179
1124198979
1611876865
3204466544
4290917376
1176052480
855703706
582087938
4110560016
4089606720
4121035275
1611731576
1198576114
8697104
598799620
1929442563
578352131
789116338
4026847496
169542719
1417737284
54587395
3760472867
789640626
4089696516
4098032396
3759952640
790164914
4089696516
1259405834
3759751955
800126386
4089696514
3759014667
803272114
4089696516
4098032394
3758506896
792786354
4089696518
4098032395
4121117600
3758166904
326693999
1258512409
570449944
3171967514
4290920448
4290907648
8697104
598799620
1669395715
578352131
789116338
4026847496
169542719
1417737284
54587395
3760472867
789640626
4089696516
4098032396
3759952640
790164914
4089696516
1259405834
3759751955
800126386
4089696514
3759014667
803272114
4089696516
4098032394
3758506896
792786354
4089696518
4098032395
4121117600
3758166904
326693999
1258512409
570449944
3171967514
4290920448
4290907648
8697104
598799620
1933636867
578352131
789116338
4026847496
169542719
1417737284
54587395
3760472867
789640626
4089696516
4098032396
3759952640
790164914
4089696516
1259405834
3759751955
800126386
4089696514
3759014667
803272114
4089696516
4098032394
3758506896
792786354
4089696518
4098032395
4121117600
3758166904
326693999
1258512409
570449944
3171967514
4290920448
4290907648
587248952
1176052740
4110549146
4110426288
4089475200
4120903691
1610879096
548467970
1879110912
783296
276362656
4110573569
855712432
1916859650
4089588484
4121035275
1611731576
604033504
10700325
4110632480
553919408
1669395715
4089656321
4121101067
1612518264
4268554239
3522046980
587156226
570449946
3174588954
4290907648
1258797328
1612325415
587156230
855924762
990404634
1612325376
1612200708
1198547482
4290906624
4290907656
1241841792
805570691
1115883648
1611911682
3891933953
3204466544
4290907648
587248952
1176061444
4110418072
4110755248
4089800160
4121232651
1613305208
4110465346
4110426289
4089475200
4120903691
1610682488
721957633
1259327976
1612259839
1259256082
1612259584
553667341
570384409
384366787
1259059466
1259036698
1176510724
4160708633
1176567311
4290705407
570444551
1641701402
3204496696
4290907656
4290906404
4290905892
4290906400
4290905888
4290907652
4043421040
1310852360
4110680204
4110623665
4093866880
4121960568
3506974472
71299076
4098099739
4026750080
1126368064
4122009636
3506712336
51180483
1392571459
4122009628
3506712344
717763
1124289298
4122009625
3506581424
51114947
4122009614
3506712544
51049411
1133573187
4122009606
3506843456
51114947
1134621763
326694307
4100972545
1612321656
822173745
3518841513
3204496752
4290907656
4290920448
587221256
4110418072
4110426288
4089471200
4120903691
1610748024
855728139
3522243336
3204466544
4290907656
1612270338
4173537792
1198532328
4290905892
1174713616
1612270341
570444549
4160708634
1176567177
1074849981
3208050687
4290905888
4290907652
587221261
1174713616
855728139
3522898696
553667338
2970247193
1612335881
553667337
2971295769
1175537184
4251645951
3904718368
4160700432
3204497175
4290907656
4290907660
4290905888
4290907652
4160730376
1258487769
1612325376
3204496648
4290907680
587156227
570515482
604043459
3204466544
4290914304
1263121680
1612325376
2283424584
40103938
1612335943
2283424581
35713026
1262858898
1262641178
4026697754
2995913248
1612335938
1937700099
1612325487
1612329732
1262444634
1262444570
1612325377
2283424568
40103938
1612335927
2283424565
40103938
1612335925
2283424562
34271234
1612335923
1937700099
1612325492
1612329732
1261461594
1261133850
4026697754
1261110009
578510874
604043459
1176259370
1244356634
1766877202
3510708224
4160701953
4160748893
587530145
1260347427
4026697754
1260323331
578510874
604043459
1612335902
4287821823
570772252
1259823130
4026697754
1259799043
578510874
604043459
1612335894
4286773247
570641172
4160708634
1259536253
1612325378
4286117887
570837775
1258971162
1258977306
1258840090
4026697754
1258816001
4110639130
578450303
1616535578
1612335878
3204496656
4290917376
4294940108
4290914304
4290914308
4290914312
4290912256
4290908228
4294940112
1260434696
1767401499
3510249472
4160701953
1260256515
1612325394
4282710015
570706714
1260019738
4026697754
1259930115
578510874
604043459
1612335892
4281661439
570772242
1259495450
4026697754
1259405827
578510874
604043459
1612335884
4280612863
570641162
1258971162
4026697754
1258881539
578510874
604043459
1612335876
4279564287
570903298
3171442714
4294940112
4290912256
4294940108
4290914308
1325394221
2584495621
3104458270
3758103618
1213473281
4110614667
4026736912
4089645887
4089646090
1745095180
51114947
1535177803
1510011978
427357603
1134621763
4121585767
4121107064
1614222200
1330079908
4093744131
168371320
117959244
21032961
1284568140
184674891
477689260
460912043
3528278677
1744914492
25553665
687892809
1177080132
2449613057
269019277
4236048383
555763767
1228365825
1611145292
1904211361
1611145248
4173406292
1228080128
1611145216
1611155762
789116340
3902642690
3490844680
789640628
4122267665
3490721560
800126388
4122267663
3490590688
792786356
1176092428
293139567
1180295176
1179770886
1178198020
1179246594
1180819456
1611145292
1745373472
3928070403
1748041728
1613840385
3887019265
789116340
4122267666
3490787088
790164916
4122267667
3490525104
803272116
4122267660
3205246784
4100933151
3758495608
3758376543
3758245463
3758114383
592004711
1259167803
1747985150
1258577946
1750820891
1112021697
2953068872
2398152893
4294940112
4290920448
4290914304
4290915328
4290908168
4290916352
4290912256
4290917376
1123281197
1175340549
4031727127
536873217
2415982797
1177699881
4160702011
2970156847
3759218689
1177044484
4160701985
4174248969
536907776
1177699881
4160702011
671153951
872534510
3522046984
3904745474
33520
1174713848
474331401
620879872
1310281496
3525919404
3942869051
1767572356
1176550163
4160692481
589364165
1259561011
1612325403
1937765795
1612325408
1669395715
1612325407
1937765795
1612325380
1669395715
1612325401
1937765795
1612325380
4173537821
1258759168
1612325400
3889378305
587090693
3187171354
4294940112
4290914304
4290915328
4290912256
4290917376
1324411181
1174777992
2601685767
3105070864
167899392
4031766529
1215891969
4175364236
1745064452
1614440538
1249274011
2601620228
3204983552
571536463
4026680354
4093772095
169027192
1367405633
54587395
4121117451
4089584504
4098032396
4121121536
2466583416
51049410
34337730
293139874
151644739
1117844546
1133573187
477689251
309917090
2433107459
3529983317
3942737945
1766392197
3512674560
553731624
2466353666
3222075597
4215601151
554715224
1230528513
1611145313
1904211361
1611145232
4173406315
2551251968
1635841281
1635906977
2600573442
3222075613
537309448
540205056
1229807624
4120977497
4173427069
2551251956
537112840
536928256
1229479944
1611145305
536889671
1229414408
4122370056
3490852616
789640630
4122398737
3490721560
800126390
4122398735
3490590688
792786358
1175568140
293139567
1180295176
2567299078
1179246596
2567364610
1180819456
1611145305
1745373494
3928070404
1748566016
1614364673
3885315329
554759428
578352129
789116338
4026847496
168362815
1400960067
21032961
3760603915
789640626
4089762052
4098032396
3760083712
790164914
1260769540
67826628
3759883043
800126386
4089762052
4121166859
3759346552
803272114
4089762052
4098032394
3758506896
792786354
4089762054
4098032395
4121117600
3758166904
326693999
575248391
587096090
2973780755
1258840090
1746626616
449079387
1096827488
1748557828
805330970
536985368
3904745480
3204484848
4294940112
590848
4290914308
4290915332
4290915328
4290915340
4290908168
4290916352
4290912256
4290920448
4290917376
588231952
1745505284
1612724993
33681666
3522715658
3204496656
4290908164
3912059818
1174687472
1746579592
1115681826
1916859458
2459498719
1612325120
4160728839
1176566545
637542656
4202493951
2600900102
3624610575
620830720
1176606464
1177194497
1174639874
4273534975
2971580712
722443014
3761690887
2600879662
1073805513
2466657025
637593573
1176547079
4160702001
622459627
151056463
4031726453
1188694784
1180255776
4199610367
570499072
75557005
1176605186
4160701955
3115384465
184676619
1973220613
252244411
1266864618
151122185
252768697
2600886300
50458883
3520893702
772617729
536924625
2500190508
4030737920
4055597189
3506835200
2835760672
4286904319
185069647
4044087297
1176517631
4160702041
4121295387
637565596
3524674986
1177634336
4204984319
536879872
587305729
2466420480
1176585754
4160701955
3106471505
4043978241
773851673
3758150120
4044047957
772277761
1264636165
1612457472
855743238
4043739910
1176504833
4160692480
2600860287
252244410
1989997827
1264046342
167833679
2600886300
2466657025
184610895
1179731488
4192008191
536879873
1176146690
142665869
1174619681
4263311359
4044009888
4110813697
4055529116
3521711880
4043918151
4055435521
1612451601
4043545350
2466644737
4031762573
3889891840
251720122
1176555782
4160727302
4031774485
3758164743
1006629130
1989997990
1180255776
4160702121
1177942441
3758106112
4031727273
1176504832
4160702001
587332143
2466390016
3901572634
1176568960
4160701955
2972253663
890844673
3656134175
3758177561
3522899456
4110370125
4055609176
3506769664
1176545542
4276287487
3758170375
838856971
1186088480
4185585663
184676431
253751738
1179768873
4160701984
587266561
1176016640
1176605441
2953377997
4160692737
4044029361
1189219329
3504941056
184610895
1176559632
4160702033
587332075
2466390016
3901572634
1176569984
4160701955
2972777883
167899402
253817274
638374379
3955679233
1145898506
141380358
4122304542
3641274140
1696396709
3204507641
4290922504
4290908164
4290922524
1176052480
3523494571
4110627073
688419740
4121154040
637563804
3523429035
857290241
3522768416
956384800
4179687423
1176520241
2419914975
4188731391
4031718928
620825088
3901562880
1176568960
1177195778
4160701955
3108044119
1040292614
1073805513
50458883
3521942278
1177085649
3904745480
3204484848
4290908164
3052423969
1746645127
68881435
50589763
1611876893
4095895570
4097983103
1260024448
553721856
1327123993
1612326144
4243388415
1750820915
536880129
1174495291
2483137285
570921728
1176736770
4246796287
1748152624
1750287909
1616067329
3521719040
570444557
2974113818
1746553609
855795795
1242062931
1611866113
553639941
570499331
4163434495
2953266728
3204496880
4290922504
4294940120
4290908224
4290908168
3039841088
1279289371
475359770
3507440959
1245651967
2972278827
1612915513
1611866935
3760005685
1612915493
1611866915
3759612449
603961658
1613449780
590917897
589619210
587259916
1612931115
1261582849
1244684314
590852377
573988883
589553666
572678163
603999021
4121124892
608199424
4110639132
1612342144
1937765795
1612457008
2970176551
3758105414
1612915506
4110614659
4093648912
4122026360
3506974472
54521859
4098034176
4026553216
1124270144
4122075172
3506712336
51180483
1392571459
4122075164
3506712344
17494979
1124813590
4122075161
3506581424
51114947
4122075150
3506712544
51049411
1133573187
4122075142
3506843456
51114947
1134621763
326694307
4100972545
1612321656
3204496688
4294940120
4290915336
4290914312
4290915340
4290914316
4290916352
4290915332
4290920448
1324607789
2601207451
1175406084
2634696337
4043356435
3758164481
167899215
1748127260
1613457619
1243310355
3525002580
3942737969
1766392196
1176549793
3901563137
4160618508
1209401309
1610686720
1179207224
4282841087
1745918464
1747557121
59939
1613316097
3890295809
587090701
251720123
1612369927
1747478579
449210587
1097876080
1747509252
805330970
536985368
3904745474
3204484848
4294940112
4290912256
4290908168
4290917376
1324411181
176351823
632354058
4110790818
4093998464
2416518264
789116340
2450034951
2653590283
4027240712
170590783
1384182850
54587395
3760472851
789640628
4089827588
4098032396
3759952640
790164916
1269420292
34272197
3759751955
800126388
4089827586
3759014667
803272116
4089827588
4098032394
3758506896
792786356
4089827590
4098032395
4121117600
3758166904
326693999
2466670619
572531456
1348118802
1348118810
723530500
2550714872
151056463
1187748103
440643345
2466906331
1180342279
4160723211
1250883821
1611866880
2973669120
570921729
2550764290
4160723208
3758816173
2516665907
1177720841
4160723207
2551316285
1087937290
4056977425
2584805377
536919864
151185993
587249944
780911
1266540565
1750820891
3522577817
570464263
4160723211
587266239
3759556249
689985737
2837102340
855920728
723519570
4027764742
2836532993
4165062898
3891572739
184676619
4055601681
3518172960
2853365728
1775387674
3506776608
1142532378
673212872
1640677144
3931056672
3490056521
1142598170
706767314
4031364888
990120193
253817107
4027240933
170592831
54587395
1518400586
168028746
17494981
4121569024
4097907320
4174201744
4089815092
4121102859
4098495352
2433499296
2467270670
4055930886
1117717279
2584139865
4122231866
3491901192
789640628
4089827590
4098032396
4121121536
3759936376
790164916
1262735619
1124309004
4122271765
3506581424
326694314
4122271759
3506515936
3758791439
792786356
2567885061
326694305
2601377795
4100972545
1612321656
2584234808
1245011994
1611866880
2449517073
2466361662
2466390535
2567477257
4210751487
1177804810
2550765057
2567390770
4270520319
2601162769
2417049816
127440
3208157457
3930660864
3105360129
3933152000
3758492679
1746619171
1167681627
570479094
4027703332
2853834497
1356320769
2973229079
706762962
2853359891
3221420099
1490083855
3507234848
189329677
784467
3205834784
822079567
855633999
4165161168
855908363
723519561
2433864157
3883480833
4166232850
723529762
4122267907
3506843400
2870665272
807598163
3511495456
4122273781
3507302160
51180485
1392571459
3204505639
4290920448
4290907680
4294940112
4290907648
790164916
1270927620
84603845
3760014123
800126388
4089827588
4121232651
3759477624
803272116
4089827588
4098032394
3758506896
792786356
4089827592
4098032395
4121117600
3758297976
3758201613
326693999
1612290310
2550680494
2567462936
1646011392
1141899464
553759022
4160627203
1176567171
554295794
4160627203
3790404989
705180161
2602226080
2551325184
448798977
4166232850
2870632481
807532627
1115888371
1175109560
16904449
1174650792
3489736968
3891086872
2550541056
855752648
654351883
1943268099
448860251
17167233
440504585
2837614855
3942719520
2584150402
446402566
2467074314
3931085322
2601191814
740358226
168225731
1492757266
2449845018
1492883978
4166130377
2584034368
1141578451
3942881548
3942740947
4111010915
4110623665
4093866880
4122092152
3507040008
188739593
4098558489
4026620800
3930784064
3760521473
789640626
4089696516
4097900812
3760017664
790164914
1232064773
185267139
16902731
4122140697
3506581424
17560515
4122140686
3506712544
17494979
1100018753
4122140678
3506843456
17560515
1101067329
293139873
4100972545
1745424760
689914977
3931102477
4110483850
4110492081
4089540992
4120969483
1745424760
203420097
4122140790
3507040008
171962377
4098492953
4026620544
3930718528
3760521473
789640626
4089696516
4097900812
3760017664
790164914
1229639941
168489923
16902730
4122140697
3506581424
17560515
4122140686
3506712544
17494979
1100018753
4122140678
3506843456
17560515
1101067329
293139873
4100972545
1745424760
251783964
4122137914
3507040008
205516809
4098624025
4026621056
3930849600
3760521473
789640626
4089696516
4097900812
3760017664
790164914
1227673861
202044355
16902732
4122140697
3506581424
17560515
4122140686
3506712544
17494979
1100018753
4122140678
3506843456
17560515
1101067329
293139873
4100972545
1745424760
201388481
789116338
4027175177
169413183
1518400586
21032961
16902730
4122140709
3506712336
17626051
1359017025
4122140701
3506777880
4089661710
3930720778
3759997185
800126386
4089696514
3759014155
803272114
4089696516
4097900810
3758506384
792786354
4089696522
4097900811
4120986016
3758428536
4290920448
4290907648
293139567
1147234313
789116338
4027175177
169543999
1501623369
54587395
50588233
4122140692
3506712336
34403267
1375794242
4122140702
3506712344
4089662020
1125778186
4122140699
3506712496
51114947
309917091
4122140691
3506712544
34272195
1116795970
4122140678
3506843456
34337731
1117844546
309917090
4100972545
1611731576
1244965650
1492883719
906059798
3956054534
442172163
3215475354
2870625818
1492881926
1147352836
1117275147
1176027048
4101975840
4122259087
3492359944
789640628
4089827588
4098032396
3760083712
790164916
1260441860
84603845
3760014123
800126388
4089827588
4121232651
3759477624
803272116
4089827588
4098032394
3758506896
792786356
4089827592
4098032395
4121117600
3758297976
3758201613
326693999
1612290313
2584234767
2603311130
1259254067
1746639110
1771717633
1637499914
637553419
2600886302
3674489523
3216261808
536944640
1177608192
3904745506
3204484848
4290920448
4290907656
4290907648
4294940120
4290907680
3912059825
1174753008
1183494284
203122715
4030923803
1252786945
1746034707
3930239634
1269383680
1746559002
1115681826
1921053762
8544282
598799618
37744642
1937831171
1384182850
2995845343
169420288
611906563
21032961
1124746929
309917090
4089680388
4097966604
4121055744
2449805944
34272195
51114947
293139875
185330242
1134621763
1116795970
309917090
326694307
570528263
2466812166
771789314
4055486793
3489926912
1179731496
4160636490
1177091547
4160626944
536935427
4160626945
1267007423
1746626587
3573745375
789116340
3759853832
553731624
4160662027
671154057
3760378356
789640628
4122267665
3490721560
800126388
4122267663
3490590688
4122254088
3206033216
326693999
2600787976
2600853510
1180426244
2600919042
2600984576
2466867227
2567148291
3623889183
4043944390
4055435522
3518238478
4055490569
3640921858
1179731496
4160627201
537001133
771809566
1177080310
2583830785
4208523262
3776267824
1746619230
3139660251
789116340
4122267666
3490787088
790164916
4122267664
3490656176
803272116
2601046030
792786356
4100964120
3758625656
3758529284
3758398213
3758245467
3758136070
2567150343
1263362073
570449949
553673242
243395151
715521
4110876807
4110623665
4093866880
4122092152
3506974472
121630727
1384182855
4026993183
1125582656
4122140710
3506712336
118289347
1459680327
4122140702
3506712344
4089663290
1126105866
4122140699
3506712496
51114947
393803171
4122140691
3506712544
118158275
1200682055
4122140678
3506843456
118223811
1201730631
393803175
4100972545
4173797240
1244323840
688402689
3518324752
654330664
1612662312
4166973439
201912586
9520722
665974017
2004940039
595129351
789116339
4026650888
171901247
1367405633
121696263
3760603961
789640627
4089958660
4097900812
3760083200
790164915
1226035460
118158279
3760800569
800126387
4089958660
4121364235
3760263544
803272115
4089958660
4097900810
3758506384
792786355
4089958676
4097900811
4120986016
3759083896
4290922504
4294940120
4294940112
4290907648
4290920448
4290907656
4290907680
293139567
1611342592
1611286822
1164063233
1260769707
1612325376
570603784
1260642350
1775986715
3510053632
789116340
4122267690
3492359952
790164916
4122267688
3492229040
803272116
2601046054
792786356
4100964120
2567508856
1259757593
536895517
1645757994
587286057
2466287617
4160702035
2583886493
3205244928
637609472
570670856
2600702466
3872862977
3890518788
3890387717
3890234971
3890125574
3889994503
3891275265
3904745484
3204484848
4290907656
4290907680
4294940112
4290907648
1175144982
1174713715
202532882
4030858258
1209139721
1744920578
1098904609
1900082241
1611745806
2995349521
1090841153
620847121
1746029067
3111152080
2222221
1176651297
4200134655
3106948614
554255904
4160627203
1177614731
1177083904
3178278914
4290922504
4294940112
3912059815
2962902768
1175283739
1183944710
587240197
572567050
1369091090
855920922
3522833184
167833679
186970381
1177044567
1178224201
4223989758
570443930
1177110035
2449563650
2952853709
4160722950
2584345041
167963210
587247888
3759424504
1746619282
1167747291
1177080311
570443337
4222154750
1184506624
1492246544
3204983072
855920864
723519570
131190787
1358419445
922871799
790663689
3890663883
1775376626
3506711072
1774721249
3206031392
706765258
172681807
50655651
4031430424
4044556801
3521842976
4044171008
2567244580
18870721
1116705031
2567298085
1144604200
4220450814
570444145
2550547987
1177116682
4174221825
4160729088
2584344959
167963210
1265351064
1759209499
3507373466
4031756639
1508061951
3506645792
723540467
1373814552
790640388
536924661
587259933
838856783
235399791
3573614544
3758969063
2972145888
3507038240
3758356550
673243142
1492177156
3205769248
1357992161
139604740
3521719072
922849801
4166444979
723529760
1145622790
570499332
4174051326
3775012864
807467092
3505662752
671625217
2601701869
2668241408
587275007
2357334
270792788
201386945
3216524732
4043523610
3215459073
721962684
1181208577
4055689198
4031713024
3217556224
201453836
2820286240
3773364447
2094852876
1176061627
109243136
208464463
4166429194
1486375968
1486531090
4166392450
438307904
8930306
548467968
1625355520
1926425346
783296
276362656
40037132
1142188036
3707972639
4056049666
3758359071
1122134020
1745016065
1745109586
1610892308
4174293002
822153216
444618776
3215476099
2819769987
855922712
1117209602
1175961512
3519359240
2567259688
4208261118
153153615
1179405075
169865295
1612588544
2417031373
1179731496
4206819326
587221261
2550573577
1177116683
845965
1175659009
4172740607
4056592800
740295424
1176289032
1118968602
475454222
2483308185
3204505610
4290905888
4290907680
4294940112
4290907656
1176708128
989851930
1177080532
2466455808
4203935742
4031748867
721422848
606125848
1167235591
2567298082
1146177064
4203542526
570509351
2835948288
3901579267
1177092106
1175689222
4168939519
740340048
1179959048
51047364
3675996851
1188109406
3759641604
510826503
50392010
3708830362
1177065732
2567258700
151317449
4201052158
2044324617
23718479
1910630945
442806574
606134277
167899402
4031768516
1177040127
4199348222
570444555
17296139
1258971162
1775921179
1641694218
1258692608
1612203395
1116199685
1116003075
536919988
2954502145
2398152893
4290907680
4294940120
1175237944
1746619152
68881435
50655299
1611352333
4095830025
4097917311
1258975616
1746493465
3930174089
1612267780
4160701985
1174797859
1176549680
570499332
4288608253
3174581800
3174572033
4290922504
1259255048
1767401499
1174518200
4161075198
571624203
4110639130
571433728
4110639130
571368320
4121124890
571437951
571498522
604043459
571296514
3171442714
4294940112
4290912256
3037743886
1242458139
1142581266
1746488077
823150605
4043450655
3213374719
1745035551
479486492
1750687833
1612270344
1620862979
3904719623
1612333072
3217094655
4290920452
4290920456
4290920460
4294940120
4290908224
4290908248
554181376
1176286480
4110549146
4110426288
4089475072
4120903691
1610879096
582022402
4110562049
721707648
34337730
309917090
3521732625
587156250
1276796954
1226524698
587227226
1610768419
1611281153
3522767620
587221527
975183882
10052115
565245185
1904276737
17560513
293139873
1611882504
721695489
1259262449
1612325376
1945302275
1612325631
1612341274
1612341274
570449946
1258840154
1746608648
1258774618
3171967002
4290907648
4290904064
4290907656
4290907660
4290907680
4294940120
4290908224
1325394221
1330586624
1297031935
1625057339
1633313052
1641832860
4285200383
1613504769
872498720
4169463806
3522636804
2283490119
66646019
3506580472
4286904319
4160675915
1262745657
1177298176
1746552473
1140222358
2466382051
50458630
721422454
1262145587
1176510976
4033845506
1612467040
4169332734
3931046050
839125650
4211800843
2449541266
4174202450
4031754252
2567113472
1142004481
3931062938
3542286785
251720123
4175024439
1775378432
1180219690
2583840289
4275632127
2567156552
1146198785
3931063706
3542942145
251720123
872534307
3519097860
4175018413
1771778048
1260368363
536945152
3761070106
251720123
1175507219
4160721408
2583755511
1748613432
117991433
536925185
4031766558
838929153
1748756417
119105563
889312757
4160677849
671153659
3891188189
251720123
1179701749
4238800895
1748678952
118646802
4031763939
4043967233
3887729153
3904745476
3204484848
4294940120
4290904064
4294940116
4294940112
4290907680
1261417840
1612325376
1746815790
42005542
4160577562
4160683661
4160747769
1174732613
4271437823
570444584
1612336424
1746626603
3557033947
4186896382
570575653
1260478490
2984534046
4026550307
1747712387
1775921561
1637419081
704579666
570408836
721379737
3213124058
1641685759
1771792858
587393603
1611876889
1611876889
1259414017
1209589789
4184272896
1767467051
1763207386
3930129417
3930202626
1242759936
4121059347
1611879007
570575623
1258905626
1767467035
1763403994
3930129417
1125786114
1612335882
3178251808
4290908236
4290924544
4290908168
4294940120
4290908232
4294935324
4290922508
4290908240
4294935351
4290922512
553667400
1746711920
1117867335
4166373953
9134113
538047747
1610675456
578352128
789116338
4026781960
167772991
1400960067
4255744
3760472835
789640626
4089499908
4098032396
3759952640
790164914
4089696516
1261830666
3759751955
800126386
4089499906
3759014667
803272114
4089696516
4098032394
3758506896
792786354
4089499910
4098032395
4121117600
3758166904
326693999
822173726
1260906427
1294409984
1117874204
4166373953
8937505
588379392
1665201411
578352131
789116338
4026585352
169541695
1350628416
54587395
3760472835
789640626
4089696516
4098032396
3759952640
790164914
4089696516
1259471370
3759751955
800126386
4089696514
3759014667
803272114
4089696516
4098032394
3758506896
792786354
4089696518
4098032395
4121117600
3758166904
326693999
822173726
3178293179
4294930124
4294929616
4290920448
4294928548
4294928404
1258834439
855924762
1612325376
1612329732
1612329732
1612329732
1612329732
1198547034
1431635085
4290922496
1258637828
1241866266
1612329732
1616519680
3204466544
30720598
4290924880
2684764160
571230986
855924762
1391129858
1242062874
1612329732
855919111
1241997338
1612329732
1142104580
1241866266
1198547034
4290922524
655460
4077783556
1015058
335545320
3036694552
2869014675
1259823107
1612360201
2466849538
4289787903
4290967551
4251121661
4291753983
1745035776
1633306640
1637507546
4164612096
4278515711
1746619149
68881435
1611876875
2995939346
1612335881
1258889856
587169818
2149206792
4269733887
4166889491
3204512516
4294940112
4294940120
4294935378
4290922504
4294940116
4294940108
1178842376
2976540890
127035482
1258738948
1784375387
3171436440
2971363547
1074325693
3188518913
3204496648
4294940188
1178842127
2966074640
2974574812
2818681421
2449512780
4222939138
2818655748
4292540415
2957657632
1074849981
1198567428
671107853
1174582640
1176397853
67496704
1176558084
1112678656
4283887617
1746619143
3540402844
1746619142
3624026780
1177051188
4031757680
3178246399
4294940128
4294940184
4294940176
1225147914
411350288
1225089032
1225089036
1074849981
553672712
3207917569
4294940184
4294940176
4294940128
1276949872
1751017635
100921382
4127201840
4096095727
4028982655
4121232655
4122301824
3675938688
4160692224
1755578293
1117275187
1114165523
4289656831
3507499009
4160692224
1755578281
705632962
1225514247
33681474
1745444954
1225333312
536895496
1755561328
4031126390
536937985
1258578014
458582042
3178258461
4294938948
4294939980
4294940136
671135216
2158030848
1812265040
50917792
4029041742
4026925569
412681729
1749903527
4028973753
3507946755
3107865642
470349904
1141512795
1759078552
1619550401
16904258
1621319769
1746619202
3548201626
3904719681
1746419952
3214211071
3109969997
201914448
118026500
1140988443
1119381656
1759498244
1622696135
3758104576
424550401
133589110
1143657488
3109054605
4043722288
1119684360
1634980101
1630740481
1620926685
1758060546
1619878121
16904258
1352294489
3511363584
2130769330
148034062
277946369
1751203976
1616986881
79883012
1625057442
1621319834
3186647251
688130641
160552962
3759485240
3623954708
3759223131
3624020308
829295377
4122075148
3624042410
829885393
4064337926
1115770964
210878358
830218622
79817476
1755335950
3489743520
3758835201
277422593
4043438594
1124755562
1617577473
1753866248
3489940129
4028655688
1115815939
1757991927
1620664536
1623941251
3204496880
4294938948
4294939984
4294940180
3912059817
1746620147
1269348643
3104532507
3789365248
3690670080
67891456
739659172
4028947717
4122215431
3524689916
605085696
3942975714
1758987202
3506848408
50917632
1117284672
839040776
1757597763
1749248129
4028850378
1620116227
174252125
704958490
161667074
3759682104
3623954964
3759419995
3624020564
846072610
4122140687
3624042410
846662626
4064337929
1117410132
211998724
3758240380
3758105151
3942982270
1758987202
3491054232
4028721217
453902595
3707842063
3758963201
3674811904
1753376963
1620730067
1750734915
33681474
3783286874
3890702528
1232548353
4043401512
1118832136
3496822327
4028852291
3955491587
4055632899
3708620559
4031518979
4030988801
1615070209
1628135755
1620992222
4165165146
3781214220
251720124
1628332366
1141103361
4122208211
3524361984
4031711451
278793217
4228315660
3930482766
1615726092
29616897
1623287947
1619550339
3761987800
772016734
161404930
3759486520
3623955988
3759224411
3624021588
913181470
4122402828
3624042410
913771486
4064337926
1116623188
211730326
914105982
214362885
2435643615
269023452
3507307873
280371969
4127652355
805632217
4173939507
1175138308
1753866248
3489940833
4029048910
1119028739
1758188535
1619091651
1623744664
278077697
4077124097
1116432489
1108072535
4028813573
5964291
1108029956
3943026939
1184104898
4174988937
1162346508
1749471272
168030246
101379012
3708890639
419653826
67235908
4166017092
1623858952
4031144081
1634402817
1625252139
1616535711
3772338590
3674942976
101378816
4030949491
1618150145
4166019267
1624452872
3771424922
3889457344
201453836
151580937
251916316
126931403
1751830788
33810978
3758448746
586145
973170697
3505537665
5990505
3624288907
1180873003
3518120459
5976580
1756358650
4028852347
3955493379
722404106
2157507328
3943123465
1225327370
3942934546
1745488130
3507302913
152105225
3204505618
4294940184
4294940176
4294938948
4294940180
4294939980
1501623561
152039689
1769993257
152039465
3901572680
4160684042
3902668147
474087434
3496297990
3523297944
3512812207
1117669435
1744979587
1610761290
1756090629
4031333585
1616511489
1745477704
3506581761
1612598068
452190210
1610761242
50851862
4056137500
418775816
3955836081
4127785731
4096358911
4029245823
1150880015
4160702024
474217793
4175155254
461385728
1145586351
1622033483
127040
805370059
3491586160
252703162
1260443652
1754997249
3760283738
4054476923
4029286924
570755591
50458627
252703162
50588234
3943129211
1616511754
3640877210
585991
4253743103
4175120915
1745956864
3213378187
1242652691
1116432401
1611906952
1750821035
50589731
722410267
2922051455
4031015080
4030923265
1141113601
1621909570
805855331
3904745474
3204484848
4294940136
4294939980
4294938948
4294940132
4294940124
1174844920
1128811295
1752131741
4261607423
1174679040
671144754
4053848114
4165993224
1117596676
33812514
4029141252
1119487747
1178255144
707017220
705943579
706468115
16838735
1616994337
4043626498
3758818056
1621174820
3205587169
51441924
4043596065
1633747736
1176756224
1612325376
1620729946
1176559622
4026605824
3758226447
3187154944
3187164704
4294938948
1208136968
4235524095
3204507646
4294935424
1243047939
1116977691
3508292374
1761700186
251785234
3121178818
1620692997
3121178945
3121701081
1624891396
1620654400
826325521
3121766681
1897496321
18936064
1770086425
1637464585
4098875402
1629106760
1624918534
571564186
1241870618
570449946
1198547418
654645590
4294940200
16777280
4294935466
1757758980
4026643720
1776483049
4098863482
536896384
4026624225
1772354379
3490071192
4160702471
1208482853
4230150143
1258743806
1612335622
4208128001
1746422533
3204466600
4294935473
4294935424
4291854536
1230198614
4294940232
1225541643
436843784
4233558015
4265539579
4243912700
4243519484
671234051
4026587140
1208350757
4290967551
4160702468
3892247543
4294940248
4294945368
4294940200
4294935424
3037219336
1612334659
853668943
4026622106
570554877
1178814468
3904725210
4160700424
3204496349
4294939988
4294935504
3044230723
4026558488
536936293
4181389312
3104327172
3766175809
4263571456
2972206597
1177110591
4225431551
4283103231
4239325180
1174546433
4174696737
1177051392
1895887951
1937829967
2980595632
4031729206
4160712832
4174708543
1764757640
939607048
4019122177
1090582740
4098844851
1174565120
1201686056
3511691264
553666604
671344596
4174696775
1177051392
570508841
1937829967
671106992
570609904
192781
4026616100
4173200186
4132052994
1117397845
1210175489
1226956848
2030717726
3506776738
822650881
4026606084
3758291752
1117335824
2567033331
4174651392
570511616
1895888129
1937829967
671106984
1292947656
1887498319
4277336063
277412052
1764268801
1979774211
939607048
4013879297
1090582740
1756055089
536888834
1208674223
4216256511
2952980360
3204496752
4294935553
4294935582
4294940200
4294935614
16777726
4294935642
16777662
4294935674
4174427400
1201156372
3045047560
1175340548
1181238805
571482368
4206686209
823195860
1177634336
1201161770
3178278916
2962076928
1912665167
2432770824
2449778949
4172130817
588591124
587240198
587305735
2466419459
4292605951
4166889485
3037788932
2961720836
1887106127
4209307649
1176510976
4172130561
2449678340
4160721410
1174732744
4098865432
4026622202
1176566485
3171987464
2961749360
1174807309
805632173
2466390805
89812227
4172338179
68890752
621122307
1954214991
2835433008
4160692736
3112239016
97229060
4093760772
4122170352
3507973984
1074481933
1208856891
4209309695
1175663
1023533072
4098872334
4026626170
4044683939
3537843455
4160702470
4033870549
3758161938
3505859584
3178278920
4260970624
4294935700
4294935722
34780432
4030902408
3930223168
570441985
2835452163
1174676230
805632173
2466390813
4285265919
1176549648
4289263615
3171987464
822079567
18288
1174489609
1746121992
3490005651
10811603
3490071176
3891750939
4160702468
536935069
1176026376
3204496648
4294940236
4294935750
1324411181
1183428746
4160701975
1174732769
3496749056
1351678160
1177110088
4006539265
1178122529
4026615337
2974936778
1114249595
1211253835
1177108499
33745417
4160699137
637598323
3528803006
814807252
168291270
3943066657
1167720969
1184546600
2970164819
3758376019
277674196
1128940627
1797342027
2449819168
4093714965
2449748224
4031719680
3205235200
555753763
269285549
2466359555
4031758092
4031712036
4160686881
2600599290
3116385797
1176520234
4172130563
2466623500
4277139455
3111142917
1176520234
589736195
806156461
1124134991
589140741
4160721668
1174798048
1208660248
4195416063
1176549717
4160701526
671153943
536924332
4031766531
3758108927
2953463344
2398152893
4294935775
4294935868
1324411181
1183559820
1184450194
4284413951
3104327172
3765051392
814545104
2835685904
538245293
622141952
2500236039
4272945151
3522111488
4174661206
4174663968
1118707888
1177927480
118221573
3640935063
1210664505
4192794623
755097634
588889996
4172096280
1814245396
4174229779
3758403612
814545108
4077648643
588616455
4174680838
1176514700
2852235525
2416244941
587371268
2466419971
4269668351
1209577760
4190435327
3759874048
4094913827
3507514240
3641584897
1176510988
538245293
572369157
1180340742
2954688717
4268095487
1208856840
1176561638
4271962111
3205244928
536888872
3516613288
814545108
4211284534
3489765632
3886302907
2953594448
2398152893
4294935886
4294935930
4294935948
1324411181
2961982991
1175864986
3496356352
4275894271
2973255173
548468944
1116805617
1211226372
4185847807
3763937280
814282960
2835685904
538245293
2449875477
2466718208
4263901183
3522111488
4174726833
1167667488
1187757876
4055582363
3213102849
4172096018
1814700052
588365724
806680749
2533863690
4174766083
1132077192
571838983
4174746118
1177034888
4174227717
4174225412
2449780748
2449613313
4160727553
1174732282
4055611808
3641642753
2416386572
538245293
572343848
2449910021
4160701986
2971205098
4160702475
3758291249
3758114396
1163666432
4174762412
3954782344
1143408900
2852453123
1177604533
3904745484
3204484848
4294935886
4294935948
1174713616
4268161023
3657705472
823982292
1176547595
3171960728
1803859216
1116826562
1175568168
3207348897
1686398081
1074849981
3182491647
570453251
1324411181
1840379309
1870722067
3205277965
587866882
4172105220
587673652
2467205647
4255250431
4030736384
571507422
7401732
4026640656
1831008382
1652618258
587452694
808777901
813758644
2836219424
2467234843
2467177237
4253546495
4030736384
1797489348
3208905627
809695421
813758628
4172096265
587673652
4172583694
1176514688
570468621
2467234843
4251973631
1176520197
4255971327
4030737664
1797620391
2551290640
1065416117
2568198674
1717593635
1726047906
4089696530
755262851
3906983948
51113989
591621
3758509491
3758378419
3758247347
3758116275
1663389107
4089662899
4026730179
4166320903
1320243238
807663702
1131113254
4089447351
3210233091
1367602113
814020804
50458703
4110809603
1082900316
814545092
4173622307
3209187464
1351416004
4026577211
202506303
3930202368
570966016
4089503751
261292041
4089585920
3930272450
805372032
33747202
16838977
4026603503
4122340548
4211113728
4211471111
4221579521
1141580549
589752772
4098867076
4173624064
4174655624
1830957196
2130769331
4098867076
4173624064
4094832780
3490538112
4173603585
603926672
813889668
4060965667
4028962119
60687679
3763983632
4172096263
588591156
4172583694
1176514688
68921613
4160721679
671153366
3792883938
1116949114
1176557894
4160701993
3140025565
817952917
3642829569
282523797
1610675279
819329173
3930129417
4170522883
1125724372
819460245
1627646529
38737867
221905502
1456597574
3930202368
221458950
3204989593
3208397456
1889073348
1620900036
816838805
4170559771
81473760
1856233479
579138499
323285955
855716353
4173611859
4170526864
131608736
4170568706
2971349218
817100949
813889668
1830972195
822146067
2159210496
1652618258
50393167
4030751971
590840026
810612909
813758644
2836678176
2534745877
2467693595
4235196415
4030736384
4044194220
2534737607
104853542
4031719172
590547208
4172124182
1176514640
2852497684
2516919041
2418079949
2466681607
4233492479
1057075472
3784364529
3121768498
4089603490
1752391939
3122342145
1261856227
3540439044
3506710786
3758115124
1663125812
1663295488
3573744465
4097993954
1692562048
1117416226
2157047808
914878989
4029032197
1057031743
587649048
812447917
2468094741
1176521512
2852759835
2468189705
2467046208
2466980609
4160721674
671153178
2170024000
3122358771
3571712922
3122358515
3580625819
4026756387
722535185
587649383
812447917
2468094741
1176521496
2852759835
2468189705
2467046208
2466980609
4160721674
671153144
2167795776
3122358579
1668345859
2139156915
1826869579
3204505670
65556
65570
65584
65600
65554
4294932656
4294929600
65599
131088
131104
131098
16777201
2164260849
1692468567
1250546731
3643294355
914878989
4029040160
1177617983
4225038335
4030736384
1176535296
570499513
1891956886
4231854079
4030736384
1176535286
4160702001
671153091
2163208256
817494166
4028084555
1826819842
4030976002
3758162705
50458691
1797743843
1830972643
922809367
50588162
3506988259
914878989
2715351263
104853542
2983524575
98492468
590861603
808777901
813758644
1176510976
622176525
68916494
4160721679
1174600576
4030736384
1176535228
587639053
4172125454
587345972
4160721679
671153010
2159013952
1176511236
4160709731
1826880357
3209431005
1264012118
1264050255
539621459
1109028131
923062535
3493801740
2416638039
251720121
1176556017
4200538551
4160746121
671153107
4166504943
1176514571
4160709731
1176566595
4160702001
671152981
4170568163
4170588320
1117401248
4170568157
4170588335
1117401263
4170568151
4170588352
1117401280
4170568145
4170588384
1117401312
4043690443
4043702484
570687956
4264095744
3519162368
1826834997
539621458
1692615443
131624163
114939141
1261551436
4173613873
1176514692
277149908
4249548799
1620900052
4174652672
4174647432
1177682072
4169418283
4169420970
3931263147
4173595907
2418151604
3506804259
3927109633
3922534656
3758227746
4026574882
2602761566
12120324
276756660
544471188
816904388
4172583168
1226453112
4193185793
4170477411
4043579504
4089643233
2432712967
554169283
3000602881
4170486018
236654715
1225888003
4191875073
4043599779
1225720054
1375990723
1124332483
4191219713
3758104576
4111287848
3904728497
3204484848
65599
50000000
25000000
4294929588
52000000
26000000
4294935975
4294935997
4294936010
4294929576
4294932744
587614738
815855808
475621395
4173357073
587280548
816642176
4173351693
1259155712
822409408
4173351692
4174393608
3105567008
1937830991
824244416
1614826248
1616406618
1614962691
536895504
3204466544
4294940020
4294921113
4294920857
4294920597
4294940236
2961815024
4160701956
3106995361
1216373600
4256626686
1044591
1801707767
4030737152
4174676211
1176514840
671106968
2163077184
1176511745
4160709733
1176566355
4160701993
1176566929
4202297343
671106562
2162028608
1793139464
805632173
4169419630
1176502403
2835431435
3205245696
4098827178
2466477013
2466390805
4198103039
4171086120
732573712
1264959236
1331979043
1970992207
570435127
2835432992
4172096277
2466406404
4160721411
671152676
589943106
805632173
2466390785
89877795
1793315842
1075333206
2835442467
570462211
3204727483
1082191936
1176539139
4195088383
4098866000
4026560634
2600795417
3674417920
905965845
3766801105
4026543360
1797488770
1116949064
1263058716
1831035683
3557164381
1701026564
1937830851
587228195
570482777
2835432992
2449679162
805632173
2466390785
4192335871
3505072128
3512872979
654394912
4194433023
1176510976
4172130561
2533519364
4160721411
671152592
4098871627
4064440442
4026561808
1830943963
1879373997
2533492040
2600784905
3926092514
1244397570
1136717827
1125335042
587259904
1176503561
4031752449
3209167360
1132523587
4160721667
1174862252
4098865984
4026560634
2600795321
3674417920
905965845
3760116439
1831055853
3557492058
864089167
2600756003
4089668963
1680044928
4171506433
3759419520
2835432992
591021618
4172125699
587280388
4160721666
671152516
1174851814
1208922414
4241029118
1110127
1176559625
4223858687
587247880
587325440
3758121827
2953388032
3204496880
4294936016
16744448
131104
131088
8388480
4294936038
822079567
18288
1174844920
1177505036
1118595116
1208733711
17363204
547682516
4238014462
1119578147
1208471555
4160636465
1747254419
1208346605
1090054333
3163355134
4294940236
4294936079
4294936086
4294935866
570444553
1174713616
1616601115
1612335879
4291753983
3657574400
4160505376
539818087
4291491839
3171950592
4294940236
4294940020
1174779248
1820748420
1117677923
1797509175
1776333075
3758311320
3104336288
3759753246
508231793
4026614808
1751377960
1629102592
1624926307
1620600931
1751337496
1793286874
1176547595
4064429976
1751282450
989948626
1209258243
4232116222
704700433
1751374837
302116943
1242390810
1658480739
1930621506
1792174178
3505142529
3690539520
1818976614
3489999620
3205245704
864089167
3758105344
1751261953
3178258835
4294936090
2149588992
4294936123
1324411181
1787053582
1265872640
1751270933
93482130
989975813
1215353337
4228577278
1751376040
855633999
755000410
4174762086
1189732360
319744591
4028838719
859833151
218360749
4190477
4190240
570583139
4064305178
973157097
1751371779
123430939
1751372281
553666162
8976579
51441920
2952853717
3222075605
3205245184
168357967
167833679
4031392264
3214232064
169144394
168882250
4228053772
214755919
4165151239
4165184528
4043521028
4165141264
3943418908
4165155841
3640839192
822163976
3931105242
3942649566
826282254
4245878778
1746561123
1912664130
35713090
1612343395
545323219
42135618
4173555811
1760174208
1641703523
1760192683
1751335770
1187865114
1751345330
2974114458
4027803755
3205762818
1673589839
1929442383
1177280512
4026689650
705298954
4031762690
3763613951
1752336433
3205245196
1132524611
1392571459
3573876688
3209955216
54587459
62976067
4030793552
3209183520
1937830979
1751270155
4064436947
973173265
1751371784
123300955
3104691705
1683187810
3573679578
1241199
127655979
1752421585
3574663128
251850771
3490408547
1626565595
1805346915
1751343411
1634954075
1796958307
3758186931
1626565403
1751363965
4132138075
1075470976
3518245376
3589670681
1683187810
4028786706
1751319072
543449114
4210749440
1186799616
2398152893
100001
4294936140
1750755971
1615929601
554133594
4064305169
973157097
1750716420
122251273
3891843075
822079567
1750746992
838856783
1750754385
1649484032
4031735898
1632711167
553674842
277936322
553740378
276887746
1784310993
4089559362
822165769
508168265
1342238785
1107487296
1690986585
553674842
1750819089
1624776704
18288
1174779384
4098835982
553742484
4160636439
1174732307
3492554752
1747608197
805855912
4026550551
1259863709
1176529450
4173620135
705179920
1676036884
823457988
4173613843
1259548952
1760256739
3205195043
1937830947
1929442339
1929442371
1937830979
1831036195
1661072451
50458691
3904726307
4160700664
1208532165
4206032894
822079567
3204496888
4294936180
4294923913
4294923749
4294924393
3145856
4294936162
1746553606
1921053730
1258643482
1612325379
1746553602
1921053762
1198546970
4291838112
4291854600
1174779248
540296716
1175855361
4256626686
1208727840
4203018238
3178242049
1644448265
3900727750
1242038308
1242063554
1242064913
1648517505
4160702983
536936325
3204496752
4294936183
4294936208
4294924665
4294940076
570360320
400000
3000728835
3589998171
1896030976
1929585539
1879253760
587428099
1946383107
1912808199
1929585539
1879290571
554169281
587428097
1198551811
3000729091
2114173187
1896030976
1929585539
1879253760
587428099
1946383107
1912808199
1929585536
1879290571
554169281
587428097
1198551811
3000728835
3589998234
1879124234
4026585345
1198569671
1174713616
3000728867
3556902873
4173262848
2015422456
3171988160
2998959360
126976
18288
1178842376
131819611
4026586119
3108042893
4160636932
4160682483
1258552697
671115288
3171471603
4294936221
4294940244
4160730376
1761869799
3171436440
1174713616
4292933631
1176529539
3171960728
1178842376
1754884248
17386243
3942869019
4026532032
3171478966
4294940080
4160730376
1174536175
4160702466
536936311
3204496648
4290781184
3044026378
1292387844
922743041
4166373636
554500134
4288346111
2553941
3904718369
4160700528
3204497299
4294932720
4160692481
3040395239
507790861
251787284
1177137432
4292802559
3174623224
4160692481
49138
939635976
4166208258
4160684064
3171483521
4294932720
4160692225
49139
939608834
2160723
3212900351
4294932720
4160692225
49141
1174713616
4288739327
1006717700
4166206977
3904700452
4160700432
3204497213
4294932720
4160692225
49133
1198540800
4294940024
329839174
4031726424
1174549503
855748882
3891988562
1107435074
855752472
722418448
3928211412
588215267
319023683
536889857
1198546963
4291829764
1746619139
3573680091
578177794
1198546970
4291829760
4291829772
4160730376
4098883569
4160708858
1258553297
1612325377
1074325693
3219585023
4291829760
126727664
2976567310
4161882912
973163265
67431040
4166234852
3934535716
3489734672
3522299788
4026682649
520816131
603981970
3931062932
3491235716
1881471057
1081619457
4166365895
3934744615
2999394320
1881667669
537979527
4166365895
3934744615
2999394320
1881667669
537979527
1144776674
1225240934
2031764510
1119040257
33614466
4166103762
3934396450
3522437136
3204496880
4294928552
1136702728
4290050047
3171435456
1123084589
1175209478
412042905
3524084412
1176574781
3207087437
1177568845
1143752234
4293457919
4160701958
3891265409
3904718384
3912073968
1182879475
1157687760
654329358
3540992653
2432779816
3969970176
3221551325
1183982080
4211145484
3954460163
3949265930
3758163211
587211264
167899215
184610895
4051119617
3674931456
3204989615
3523691174
3947305398
3944351495
3947563530
3891202827
3204989629
3540402868
3949271972
3943826695
3947037194
142541579
104262223
190573151
171633231
17558106
1176556010
587262409
3904745474
1174638320
3037742081
1176126091
437309697
2014625040
738210561
3891843574
4027626864
3507749891
2999788293
3489807105
604301893
1174661114
452270214
3640798467
1258616899
4028819449
4026663683
1141047811
1174659072
1116947482
4160999426
3891927809
1115798896
3491411248
50457152
50589715
450154765
3640863747
1355045068
3891802884
50589730
33812482
1142495428
1174724608
1116939008
1556992003
855725285
3174098937
587249008
1116947974
1559613445
855727308
3505920808
536928256
48496
1174713712
1119112710
1176878900
4160702005
1177091791
4200396794
3522435940
3204496752
10000000
1174648304
386134977
537129921
406653706
68153345
554058773
4211156685
621428997
4093770502
4211411684
825233684
554266649
1996684033
4211155205
420245760
475582721
4211523056
181006596
1142029061
4254481
70316292
3506597980
479770890
554548720
1128342538
4211345865
3943759889
4043309698
1889009712
483971329
567131632
180962129
571603716
1893347888
488159497
825277936
1897471320
48624
1291315501
2936161798
587393383
2868963805
1244930816
3204990299
3540403538
1179731504
4288870399
3904745475
1180470512
3931383040
3507225349
1227638352
3959877632
1183532624
4026550569
553708424
16837069
1181278212
4160702757
1183055570
537129931
436466635
823913039
33614602
4027270154
4031709967
4211804934
583875330
4211221258
3931110923
4211289822
4044077854
4169534256
4031754240
4211804937
4031752705
4211804933
1156753920
4262132482
786360911
4254478
2854157059
235794511
4261477134
170979594
2684483718
517925455
25291534
2030339
808469322
181563568
286456579
1899115056
1894854960
3885188190
99999
100000
1174713712
1175801364
3206031616
1176061454
4160702000
2600795846
1174537947
555799559
476790017
3657581210
453113860
587261944
3657646739
1424055537
3891868417
3215731200
471865504
1141186848
1117395499
4160805378
3891862273
3204496752
4294936242
1324411181
1174712470
2669583649
155250709
3489963551
151712183
4031758104
115869953
18935813
4029005640
4027909377
2999519746
3491205378
4050856448
3657826560
3949150802
1040253763
170782799
124379148
1040307459
170651727
4027965446
3206285832
922743046
169930831
251720121
789630985
1040306177
3931299845
4054188291
3489859074
3931299850
3506766083
4031718192
4169992961
3761516564
3492491018
1023406343
184610895
3205246736
235204687
235139151
3758946509
4175409872
3925926160
4044029964
2835680001
4162733145
4175233024
3931037704
4160815104
1175456769
2583905817
3221551309
3945066496
3221551325
1175143938
17033810
3758543328
185921805
4160702040
3956014817
2602568448
3215476123
4027926107
3955429137
3507226118
1176585778
973152288
4160869378
3891923713
1927735846
1142177281
4055505590
3489795840
2684418180
4055446529
3490451200
4031721232
1881276976
872534017
2567102469
4030804994
4161012312
116009985
4027962384
1177685761
539016972
1176576048
3556915713
184678401
3928418298
1040282342
448152596
989930032
3691136411
721549316
1176692729
989939291
2835731460
4161035353
3891796737
251720123
3942825900
470810635
1174554163
989929760
4160934914
3891927809
3215470080
2954238336
2398152893
4294933012
1324411181
2962638351
2416395780
721451067
2181033984
3506514725
3758564608
3785781283
690870537
4031107342
1176438032
477853817
3522505003
690020363
690212876
4031107341
3891397952
3506972976
84013125
4031113197
3890873604
84471877
4053919719
2998927408
3624871945
637552153
202043471
4161881611
4053797633
3003057968
3625070345
101120780
3891478064
3506972970
482043926
771759377
1115085318
84996165
4031766530
3758110463
2014922250
3508742446
475625560
120648096
789164799
1175443475
4031718144
2016938250
922830393
204534176
4237097567
252309948
4211726339
993002243
1175513073
673898502
479842571
487614483
3674548992
3758441986
4031727129
3758175231
587220482
677935112
4026585095
793511903
794480643
678744065
678220043
117567745
4170305802
4055678977
3506769772
541858959
1175445506
822079567
695105593
2165567488
694409232
3624325152
4026542373
693666067
2166681600
694477078
2165436416
4026542441
3775889678
3492096371
695195653
2164649984
3492292976
695591174
2165239808
4030736760
4031086849
3775464736
3557164781
1040261920
3707907584
989984772
487843833
872507410
738326532
1040261664
4081069568
4161044705
3891800833
151318786
1176540416
1177708561
4262655999
487645477
2952853714
2416474234
3490327117
709482498
3769159727
3492424297
4030737005
4031086756
4175365440
2852971072
4031717376
4026861882
2433286464
3221288987
3931085065
4027324956
4162718735
4162756618
4169318412
4169310208
4043489281
3106475010
3206293509
2416113794
201584898
671494145
1180880956
4031113186
2025456960
3510184502
3790141663
2852931160
4026867968
4031711552
4170189370
3931095040
4027325212
4162718735
4162760715
4169318412
4169314304
4170235905
3931095041
4027325212
4162718735
4162760715
4169318412
4169314306
4043489283
4055436292
3506769664
3206293767
2684680322
201715970
805449985
3489736968
3889317474
4169933312
3761446912
3206031924
88141861
4044214583
4031711536
4044163584
4162522156
1180700682
4174222086
4160733204
4175297733
1179238420
3956054790
1174536192
855634194
4161983236
4160872460
3891784449
251916730
3490006145
36630607
151122185
738326537
167899402
251982266
570479065
536934537
88141861
2499823136
1177725196
4250859519
477159441
34664527
4031102738
4031055136
638059809
3901592322
1176502340
1180341507
4160692992
1174732153
1211398267
123296963
922865665
2584274936
487841879
2550622226
1611733537
3763357210
872509473
554229837
4031111183
3758687490
1881350949
2970843195
872575075
872538177
3762175745
3758104842
676077840
839373063
34074658
151580930
2868963794
678223910
151318786
1746063620
128599698
3758543900
237039648
4055787538
3506638682
4031727250
3759344384
3506514036
3758966418
4026869864
3506831362
4196382992
3891329666
4202887695
1184030722
3505006592
2078992975
1176539906
4384909
2500019794
4160702043
1174732057
922830410
2567431676
442527779
3904745494
3204484848
4294932756
4294933028
3186292735
3036918798
4166167043
2449545988
4259510271
4166889474
2953046788
18288
3796967425
19922718
973078582
3780116481
2583691298
3775987714
167772195
3809542670
27267457
60829704
329265153
3813736961
827392000
832573953
832582147
989855738
3813736706
827392000
832573569
832581763
989855738
3818921984
3780116481
541065217
562176003
3780116641
541065377
562176163
3780116769
541065505
562176291
3780116897
541065633
562176419
3813670912
296759843
295703073
452984815
3785359362
3778019102
60817409
329252864
3778019102
3813738497
564140065
597696528
866131968
3813739521
564139041
578953224
3813736464
564138529
578953220
3813736452
2189565955
2424447137
3785359920
3778019102
3813670912
333447168
3925868551
3813736448
184549370
3912056835
3959422910
3904716806
3758293138
3762360323
3778019102
3778019102
3797037088
3798122528
1101005360
1369441073
1098910737
3785364017
3778019102
3797037088
3798122528
1101009425
1369445136
1098980400
3785359888
3778019102
504
0
0
0
3
511
15
149
4
0
3
312
511
3
511
4
4
511
2304
6249
26
248
1
0
2049
5
544210944
544735232
268960817
268961072
269025348
269090824
269156352
272106496
268960841
268960968
269090852
269025296
269156352
813170688
947388416
813170688
275251200
275447808
271057920
273154048
479723520
479920128
479723528
479920136
955777024
1022885888
947388416
404226048
412614656
324534272
324730880
324534280
324730888
863502336
274202632
276299776
36
0
1996959894
3993919788
2567524794
124634137
1886057615
3915621685
2657392035
249268274
2044508324
3772115230
2547177864
162941995
2125561021
3887607047
2428444049
498536548
1789927666
4089016648
2227061214
450548861
1843258603
4107580753
2211677639
325883990
1684777152
4251122042
2321926636
335633487
1661365465
4195302755
2366115317
997073096
1281953886
3579855332
2724688242
1006888145
1258607687
3524101629
2768942443
901097722
1119000684
3686517206
2898065728
853044451
1172266101
3705015759
2882616665
651767980
1373503546
3369554304
3218104598
565507253
1454621731
3485111705
3099436303
671266974
1594198024
3322730930
2970347812
795835527
1483230225
3244367275
3060149565
1994146192
31158534
2563907772
4023717930
1907459465
112637215
2680153253
3904427059
2013776290
251722036
2517215374
3775830040
2137656763
141376813
2439277719
3865271297
1802195444
476864866
2238001368
4066508878
1812370925
453092731
2181625025
4111451223
1706088902
314042704
2344532202
4240017532
1658658271
366619977
2362670323
4224994405
1303535960
984961486
2747007092
3569037538
1256170817
1037604311
2765210733
3554079995
1131014506
879679996
2909243462
3663771856
1141124467
855842277
2852801631
3708648649
1342533948
654459306
3188396048
3373015174
1466479909
544179635
3110523913
3462522015
1591671054
702138776
2966460450
3352799412
1504918807
783551873
3082640443
3233442989
3988292384
2596254646
62317068
1957810842
3939845945
2647816111
81470997
1943803523
3814918930
2489596804
225274430
2053790376
3826175755
2466906013
167816743
2097651377
4027552580
2265490386
503444072
1762050814
4150417245
2154129355
426522225
1852507879
4275313526
2312317920
282753626
1742555852
4189708143
2394877945
397917763
1622183637
3604390888
2714866558
953729732
1340076626
3518719985
2797360999
1068828381
1219638859
3624741850
2936675148
906185462
1090812512
3747672003
2825379669
829329135
1181335161
3412177804
3160834842
628085408
1382605366
3423369109
3138078467
570562233
1426400815
3317316542
2998733608
733239954
1555261956
3268935591
3050360625
752459403
1541320221
2607071920
3965973030
1969922972
40735498
2617837225
3943577151
1913087877
83908371
2512341634
3803740692
2075208622
213261112
2463272603
3855990285
2094854071
198958881
2262029012
4057260610
1759359992
534414190
2176718541
4139329115
1873836001
414664567
2282248934
4279200368
1711684554
285281116
2405801727
4167216745
1634467795
376229701
2685067896
3608007406
1308918612
956543938
2808555105
3495958263
1231636301
1047427035
2932959818
3654703836
1088359270
936918000
2847714899
3736837829
1202900863
817233897
3183342108
3401237130
1404277552
615818150
3134207493
3453421203
1423857449
601450431
3009837614
3294710456
1567103746
711928724
3020668471
3272380065
1510334235
755167117
2
1
0
0
256
512
10000
100000
1000000
10000000
524288
525952
33152
33280
33408
33536
33664
33024
33920
34048
34176
34304
33792
2048
34432
2176
42624
525952
2304
525952
2432
42624
34432
525952
2920
52456
2792
36072
2952
60552
2568
44168
525952
52736
52608
59136
3072
134368
134368
134368
134368
3328
1664
1664
1664
1664
396928
397440
397440
397440
42624
34432
525952
52736
52608
59136
3072
199904
199904
199904
199904
3328
1664
1664
1664
1664
462464
462976
462976
462976
42624
34432
525952
4440
1752
525952
4456
2024
2024
34792
266216
266472
266472
266472
4456
2024
2024
42984
525952
265864
266376
266376
266376
266088
266472
266472
266472
42624
266216
266472
266472
266472
266248
266376
266376
266376
4352
50816
34432
59008
525952
0
32768
40960
49152
524288
128
32896
41088
49280
524416
37248
34432
42624
525952
265992
525952
127
0
0
267386880
3221225472
63
32768
393600
403046400
402653184
98400
0
16384
196800
201523200
201326592
48
49200
8192
131072
100761600
100663296
24
24600
4096
1048576
806092800
805306560
192
196800
32768
393600
536870912
0
128
131072
16384
196800
268435456
201326592
48
49200
8192
100761696
100761600
33423360
4160749568
7
4096
49200
50380800
50331648
12300
12300
2048
0
0
25165824
6
8192
1024
0
12595200
3
0
0
512
6297606
0
2153775104
2147485185
1537
256
3148803
3224374272
3224371200
3221226240
787200
128
806093568
0
267386880
0
196800
32768
524288
403046400
402653184
98400
131072
16384
537067712
268435456
0
64
65536
8192
268533856
100761600
100663296
65560
24600
4096
49200
0
50331648
32780
12595212
2048
205655424
136315135
176177153
126877696
134348800
1048576
176160768
126877696
134348800
1048576
3363831808
12289
12584738
0
33
2181038084
88080384
63438848
67174400
524288
88080384
63438848
88080384
63438848
3829399552
6144
6292369
2148418560
1
1073741826
44040192
31719424
44040192
31719424
44040192
31719424
44040192
31719424
1914699776
2147486720
3146184
3221692928
478674944
536871680
262144
1348927488
16
609812480
4096
2684354612
218103809
2154300432
2248360033
204478977
2151743696
872814598
27277536
269287424
1635805188
59638592
3489660954
109068544
268697600
2097152
268697600
2097152
352321536
253755392
352321536
253755392
33423360
0
25169476
3739648
8355846
0
176160769
126877696
176160768
126877696
176160768
126877696
134348800
1048576
3363831808
12289
12584738
4080
1914699776
2147486720
88080384
38273024
67108864
524288
88080384
63438848
88080384
63438848
1780219904
6144
6292369
2148418560
445054977
1073743360
44040256
31719424
44040192
31719424
44040192
31719424
44040192
31719424
1914699776
2147486720
3146184
3221692928
478674944
536871680
262144
1348927488
16
609812480
4096
2684354612
218103809
2154301472
2382577761
477108739
2151743696
872481798
27262976
806158336
1635805196
59638592
3491524634
109101824
268697600
2097152
268697600
2097152
352321536
253755392
352321536
253755392
33423360
0
25169476
3739648
8355846
0
2570059777
875836416
2852995072
29599744
2852995072
29599744
2852995072
29599744
262400
2048
0
4616
4726784
16777216
0
4260994
434176
111616
131072
1024
172032
123904
1426497536
14799872
0
3363834124
12289
2420113408
0
539017795
713248768
7399936
713248768
7399936
713248768
7399936
65600
512
0
1154
1181696
8192
2147483648
1065248
512
2886557568
4294967295
351496461
436474900
13631488
411451392
1227127302
3822003162
4153825566
54846344
2182742016
53248
102237824
3530671226
518246179
2297927257
214243
524800
4096
524800
4096
688128
479232
1411022848
59199489
268435456
0
8437760
1090519040
16322
8519680
2852995072
29599744
2852995072
29599744
2852995072
29599744
262400
2048
0
4616
4726784
32768
0
4260994
434176
111616
131072
1024
131200
1024
1426497536
14799872
0
2316
16
2420113408
0
539017795
713248768
7399936
713248768
7399936
713248768
7399936
86016
61952
0
1154
1181696
6292369
2147483648
1065248
512
2886557568
4294967295
351496461
436474900
13631488
411451392
1227127302
2748261338
4153825566
54846344
2182742146
53248
1664
3530671226
513985315
2297928297
214243
524800
4096
524800
4096
688128
479232
1411022848
59199489
268435456
0
8437760
1090519040
67108866
8519680
2852995072
29599744
2852995072
29599744
2852995072
29599744
262400
2048
0
4616
4726784
32768
0
4260994
434176
111616
131072
1024
172032
123904
1426497536
14799872
0
3363834124
12289
2420113408
0
539017795
713248768
7399936
713248768
7399936
713248768
7399936
65600
512
0
1154
1181696
8192
2147483648
1065248
512
2886557568
4294967295
351496461
436474900
13631488
75907072
1772386817
2452136918
4099299614
55874120
2182742016
53248
1664
3597247610
518246179
1223972441
218258
524800
4096
524800
4096
688128
479232
1411022848
59199489
268435456
0
8437760
1090519040
67108866
8519680
2852995072
29599744
2852995072
29599744
2852995072
29599744
262400
2048
0
4616
4726784
32768
0
4260994
434176
111616
131072
1024
131200
1024
1426497536
14799872
0
2316
16
2420113408
0
539017795
713248768
7399936
713248768
7399936
713248768
7399936
65600
512
0
1154
1181696
4194304
2147483648
1065248
512
2886557568
4294967295
351365389
436474900
13631488
143015936
1908701698
2731221970
4153825566
54829704
2182742016
53248
1664
3662226554
518246179
2297927257
214243
524800
4096
524800
4096
688128
479232
1411022848
59199489
268435456
0
8437760
1090519040
67108866
8519680
4757504
2149194266
512
2147483652
512
2147483652
512
2147483652
512
4
262144
268435456
0
64
65536
1073750016
256
1073741826
256
1073741826
256
1073741826
256
2
131072
134217728
0
32
32768
536875008
128
536870913
128
536870913
128
536870913
128
1
65536
67108864
16711680
0
16384
2048
3221225473
267289
1073741824
67110934
851968
26624
832
3489660954
109051904
3407872
106496
3328
1073741928
436207619
13631488
425984
13312
416
1025
8
1025
8
1025
8
1025
2147483656
127
536870912
0
3758096512
31
16384
0
10
12
13
15
20
25
30
35
40
45
50
55
60
70
80
4290781184
0
0
0
0
0
8
4
1
134744072
134744072
673720328
134752296
134744072
134744072
134744072
134744072
269488288
269488144
269488144
269488144
67372036
67372036
269485060
269488144
1094795536
21053761
16843009
16843009
16843009
16843009
268501249
269488144
1111638544
37896770
33686018
33686018
33686018
33686018
268567042
135270416
0
0
0
0
0
0
0
0
269488288
269488144
269488144
269488144
269488144
269488144
269488144
269488144
16843009
16843009
16843009
16843009
16843009
268501249
16843009
33620225
33686018
33686018
33686018
33686018
33686018
268567042
33686018
33686018
858927408
926299444
1111570744
1178944579
858927408
926299444
1650538808
1717920867
1718503680
1394621039
1296126532
1128482080
1161974560
807419936
942679416
1157630584
1919906418
1146298426
541933906
541279045
541409860
1969447791
1684370034
1651703818
1970234213
1025537134
1970021664
1919221770
1684300146
540876914
2016948261
1919156234
1868787823
544501365
807739453
686136
1886351972
1919181921
622869792
175650864
1702119680
1769234802
622882415
742024240
1886938400
544498533
807761968
1713403960
544042866
1919181921
544437093
807761968
539785272
1684104562
628633632
544749616
1953721961
6578533
1095910483
1377843789
1768844917
1159751534
541477197
1734437188
1953722222
1411408745
544502629
3026478
1936941392
681061
1818845510
681061
1129270339
1159739979
826495823
1869374240
622881635
1212883044
1124076154
1262702412
1329930298
540164947
1668246627
1680154731
2051558176
1279459338
978010959
1395803680
1380209503
1178948191
1869374240
622881635
1212883044
1124076154
1262702412
843456570
1162895187
1163026258
1818435654
543908719
1260413989
686664
1129270339
1293957707
1663063376
1801678700
1684808992
2051558688
1279459338
978010959
1380205600
1869374240
622881635
1293968492
686664
1129270339
1428175435
542396993
1668246627
1814372459
1212883044
1124076154
1262702412
1296900154
1818435651
543908719
543452197
175786059
1330397952
540691267
1230000977
1869374240
622881635
1260414060
686664
1330007625
1461729824
1751348321
543649636
1650552421
174351724
1380209408
540691777
1953066569
1768710505
1735289210
1380797728
1734701600
1702130537
684914
1095910483
1126185549
1651076193
1769234802
1344300910
678216
1095910483
622869069
1293968492
672361
542200393
1734963828
1701995879
1126185572
1701999215
1684370531
1380142880
1159744833
672579
542200393
1734963828
1701995879
1428175460
1868770670
1667592818
543450484
1095910223
1128603725
1124076099
538989904
1092631072
1919251564
1330847841
1196443203
1817190465
1868985441
683378
1634168934
1718906473
628633600
7878704
1634168934
1718906473
1851877471
1717989220
1735419392
1685271137
7168370
1634168934
1919185714
1751084385
1868852833
1711302246
845244272
1634886771
1885429613
7957616
1651079265
1734633842
2019623013
1769103977
1600481124
1684955496
6710895
1701983084
7364973
1701983084
1601200493
1684955496
6710895
1684632162
1700750695
1818386798
1634230117
1718576238
2003632230
1885742112
1852399975
606103156
1735419515
1953392993
1634230118
1718576238
540769638
606105447
1634168934
1919185714
1633643873
2037149808
2003640379
1885742112
1932681575
1835102820
1719346208
845244272
1634886771
1634230125
1718576238
540769638
606107501
1651079265
1734633842
2065965157
1651079265
1734633842
1634230117
1718576238
540769638
606107501
1701983084
544235885
862747428
1634559346
1634230128
1718576238
2129254
1684632162
1683973479
1650553705
1828742508
1713643639
1767991152
543585390
1830828848
1713643639
845244272
1634886771
993009773
544171808
1735419428
1685271137
1601003890
1819308129
1830828921
1629757559
1919052152
1701274729
540749856
606107501
1701983084
544235885
540112944
1095713280
975193170
1919243296
1667855201
826623008
1131369311
1634681376
681074
589505315
589505315
589505315
589505315
589505315
589505315
589505315
589505315
589505315
589505315
589505315
589505315
589505315
589505315
589505315
589505315
589505315
589505315
589505315
589505315
589496330
589505315
589505315
589505315
589505315
589505315
589505315
589505315
589505315
538976317
538976288
538976288
538976288
538976288
538976288
538976288
538976288
538976288
538976288
538976288
664381
589505315
589505315
591211837
589505315
589505315
589505315
589505315
589505315
540877603
538976288
538976288
538976288
538976288
538976288
538976288
538976288
538976288
538976288
538979629
591208480
589496330
589505315
538976301
589505341
589505315
589505315
589505315
589505315
589505315
538976317
538976288
538976288
538976288
538976288
538976288
589505312
538979619
591208480
589505315
538976291
664381
589505315
539829027
589504544
589505315
589505315
589505315
757083427
1025712957
540877603
538976288
538976288
538976288
538976288
538976288
589307936
757277475
589307936
589505315
539173667
591208480
589496330
540877603
538976288
591208480
538979619
757080096
539173667
538976288
589504544
538976317
589505325
589505315
538976288
589505315
538977059
589505312
538979619
589505315
538979619
538976301
664381
589505315
538976288
538976288
538977059
589505312
589307936
538976291
757080096
540877603
1026367520
591211821
540877603
589505312
591215907
589307936
757277475
589504544
538977059
538976288
591208480
589496330
589505315
538976301
757277475
589504544
757080109
539173667
1025515552
589505315
538976317
1027423549
589505341
589307965
757277475
538976288
589505312
538976291
589505315
538976288
538976288
664381
589505315
539829027
589504544
538976291
1025515552
589505315
538976291
589505312
540877603
589505312
591211811
540877603
757080096
589505341
589307949
757277475
589504544
539173667
538976288
591208480
589496330
589505315
538976301
1025715488
538976288
538979616
539173693
589307936
589505315
589307965
539173667
589505325
589307965
591211837
539173667
589505312
538979619
589505312
589505315
538979619
664355
589505315
539173667
1025515552
540877603
538976288
589307936
538976291
589505312
540877603
589507872
589505315
540877603
589505312
589505315
589307936
757277475
538976288
589505341
539173667
591208480
589496330
589505315
1025712931
589505341
1025712931
591215933
1025712931
589505341
589505315
538976317
539828256
538976288
538976288
539831597
538976288
539831584
538976288
538976288
757935392
538976301
664381
1380011842
540680260
1634886996
543385971
826623008
1131369311
1634681376
681074
1885956947
543450480
1634235493
544367716
1769173857
1701670503
1679848558
1948280181
1852383343
1768710518
1296375908
1629504321
1701995620
1763734387
1162158190
1297044048
1952776202
1684300136
1702035570
1986946420
1752458591
1919181921
1885693279
7171954
777078099
1126185539
1112099905
1230258514
1344294479
1163088705
1392511556
1127108933
1094918202
1380075852
1330205761
1095114830
1145392201
1163067402
977481297
1701990432
1769103728
1948280686
1953701999
544502369
1869440365
1663072626
1651076193
1769234802
683631
539173667
1330795077
589504594
1817190435
1702060389
1397051936
1948275781
1646290280
1685217647
589505312
760545290
1953460034
1684095488
1634560288
1998611815
543716457
1836280173
1751348321
1126196325
672594
1110267146
544501615
541872211
858861618
774975534
673198384
544104778
840972338
540356912
875634733
976761402
170472496
1819308800
1835868218
1701060707
1701013878
1953459744
1970234912
555836526
1886584842
1830828652
1763730285
544500078
1818845542
540697701
544371301
1680154669
1886584842
1830828652
1646289773
1914727276
543449445
544371301
1680154669
1886584842
1310734956
1112350831
1769152594
1952542311
543519349
1713402729
1684960623
1886584842
1998600812
1735290738
1129139488
1869570592
1869422708
681316
1952543827
1159754613
1919906418
2016419898
1480077349
1767112714
1970234733
1635197044
1852404841
1633886311
1914725490
2036621669
1296891914
1698963523
1701013878
543434016
544501614
1853189990
167774820
1969308426
1852795252
1868111905
1679848053
1667855973
1159754597
1702060402
1869768480
1763733621
2016419955
1409972261
1696621928
1702060402
1851879968
1998611815
1684829551
543515168
1851877475
1948280167
2016419951
2121821221
1814394928
658040
543386989
1935766117
1634082917
1684368489
1296891914
1646279235
1801678700
1836412448
544367970
1814394928
2019893368
1684366691
1634541683
2016422008
695757861
1835859978
1920409699
543519849
1818845542
681061
543386989
1818845542
544175136
1684956531
1869902624
1835212912
1291848292
622882401
544749104
544370259
2016686117
2016686117
627254528
627254627
627254627
1680146531
6563118
977489229
544173600
1685217635
1701998624
1953391987
1631780874
1679844466
1847616617
1914729583
1869640549
1948279918
1870012527
1734440044
1702043749
1952671084
620759585
622869107
1663369316
1766064160
1948741220
1952802592
1970238240
543515506
1668246627
1635131499
778401132
1409288750
1329941833
1696617557
1919906418
663841
1701669204
544503151
1679847023
543257697
2037609826
1835859978
1633886307
1668246636
1767990816
663916
1677751077
1768123767
1936681055
1633886324
1668246636
1767990816
663916
1163152449
1142964562
1129139543
1851867904
544501614
1684957542
1852793632
1701605235
1312555018
1045187669
980624640
540701989
540701477
1702064961
1869182066
627056750
1713383283
1701603681
4278201956
4294967295
4294939988
0
115200
1
0
0
0
0
59
0
0
0
4294782657
0
0
0
4294950488
0
0
0
0
0
0
0
0
0
0
0
0
0
0
0
0
0
4294967295
0
0
0
0
0
0
0
0
0
0
0
0
0
0
0
0
0
0
0
0
0
0
0
0
0
0
0
0
0
0
0
0
0
0
0
0
0
0
0
0
0
0
0
0
0
0
0
0
0
0
0
0
0
0
0
0
0
0
0
0
0
0
0
0
0
0
0
0
0
0
0
0
0
0
0
0
0
0
0
0
0
0
0
0
0
0
0
0
0
0
0
0
0
0
0
0
0
0
0
0
0
0
0
0
0
0
0
0
0
0
0
0
0
0
0
0
0
0
0
0
0
0
0
0
0
0
0
0
0
0
0
0
0
0
0
0
0
0
0
0
0
0
0
0
0
0
0
0
0
0
0
0
0
0
0
0
0
0
0
0
0
0
0
0
0
0
0
0
0
0
0
0
0
0
0
0
0
0
0
0
0
0
0
0
0
0
0
0
0
0
0
0
0
0
0
0
0
0
0
0
0
0
0
0
0
0
0
0
0
0
0
0
0
0
0
0
0
0
0
0
0
0
0
0
0
0
0
0
0
0
0
0
0
0
0
0
0
0
0
0
0
0
0
0
0
0
0
0
0
0
0
0
0
0
0
0
0
0
0
0
0
0
0
0
0
0
0
0
0
0
0
0
0
0
0
0
0
0
0
0
0
0
0
0
0
0
0
0
0
0
0
0
0
0
0
0
0
0
0
0
0
0
0
0
0
0
0
0
0
0
0
0
0
0
0
0
0
0
0
0
0
0
0
0
0
0
0
0
0
0
0
0
0
0
0
0
0
0
0
0
0
0
0
0
0
0
0
0
0
0
0
0
0
0
0
0
0
0
0
0
0
0
0
0
0
0
0
0
0
0
0
0
0
0
0
0
0
0
0
0
0
0
0
0
0
0
0
0
0
0
0
0
0
0
0
0
0
0
0
0
0
0
0
0
0
0
0
0
0
0
0
0
0
0
0
0
0
0
0
4294906893
4294940100
4294906929
4294940104
0
2
2
2
2
2
2
2
2
0
2
2
2
2
0
0
0
0
0
0
3
0
3
3
0
0
0
0
0
3
3
3
0
1
1
1
1
0
0
1
1
0
0
0
0
0
0
1
1
1
1
0
0
0
0
0
0
0
0
0
0
0
0
0
2
2
2
2
2
2
2
2
2
2
2
2
2
2
0
3
3
3
3
3
3
0
0
0
0
0
0
0
0
0
0
0
0
0
0
0
0
0
0
0
0
0
0
0
0
0
0
0
0
0
0
0
0
1
1
1
1
1
1
1
1
1
1
1
1
1
1
1
1
1
1
1
1
1
1
1
1
1
1
1
1
1
1
1
1
1
1
1
1
1
1
1
1
1
1
1
1
1
1
1
1
1
1
1
1
1
1
1
1
1
1
1
1
1
1
1
1
1
1
1
1
1
1
1
0
0
0
0
0
0
0
0
0
0
0
0
0
0
0
0
0
0
0
0
0
4294940608
4294938948
4294938956
4294938956
4294938964
4294938964
4294938972
4294938972
4294938980
4294938980
4294938988
4294938988
4294938996
4294938996
4294939004
4294939004
4294939012
4294939012
4294939020
4294939020
4294939028
4294939028
4294939036
4294939036
4294939044
4294939044
4294939052
4294939052
4294939060
4294939060
4294939068
4294939068
4294939076
4294939076
4294939084
4294939084
4294939092
4294939092
4294939100
4294939100
4294939108
4294939108
4294939116
4294939116
4294939124
4294939124
4294939132
4294939132
4294939140
4294939140
4294939148
4294939148
4294939156
4294939156
4294939164
4294939164
4294939172
4294939172
4294939180
4294939180
4294939188
4294939188
4294939196
4294939196
4294939204
4294939204
4294939212
4294939212
4294939220
4294939220
4294939228
4294939228
4294939236
4294939236
4294939244
4294939244
4294939252
4294939252
4294939260
4294939260
4294939268
4294939268
4294939276
4294939276
4294939284
4294939284
4294939292
4294939292
4294939300
4294939300
4294939308
4294939308
4294939316
4294939316
4294939324
4294939324
4294939332
4294939332
4294939340
4294939340
4294939348
4294939348
4294939356
4294939356
4294939364
4294939364
4294939372
4294939372
4294939380
4294939380
4294939388
4294939388
4294939396
4294939396
4294939404
4294939404
4294939412
4294939412
4294939420
4294939420
4294939428
4294939428
4294939436
4294939436
4294939444
4294939444
4294939452
4294939452
4294939460
4294939460
4294939468
4294939468
4294939476
4294939476
4294939484
4294939484
4294939492
4294939492
4294939500
4294939500
4294939508
4294939508
4294939516
4294939516
4294939524
4294939524
4294939532
4294939532
4294939540
4294939540
4294939548
4294939548
4294939556
4294939556
4294939564
4294939564
4294939572
4294939572
4294939580
4294939580
4294939588
4294939588
4294939596
4294939596
4294939604
4294939604
4294939612
4294939612
4294939620
4294939620
4294939628
4294939628
4294939636
4294939636
4294939644
4294939644
4294939652
4294939652
4294939660
4294939660
4294939668
4294939668
4294939676
4294939676
4294939684
4294939684
4294939692
4294939692
4294939700
4294939700
4294939708
4294939708
4294939716
4294939716
4294939724
4294939724
4294939732
4294939732
4294939740
4294939740
4294939748
4294939748
4294939756
4294939756
4294939764
4294939764
4294939772
4294939772
4294939780
4294939780
4294939788
4294939788
4294939796
4294939796
4294939804
4294939804
4294939812
4294939812
4294939820
4294939820
4294939828
4294939828
4294939836
4294939836
4294939844
4294939844
4294939852
4294939852
4294939860
4294939860
4294939868
4294939868
4294939876
4294939876
4294939884
4294939884
4294939892
4294939892
4294939900
4294939900
4294939908
4294939908
4294939916
4294939916
4294939924
4294939924
4294939932
4294939932
4294939940
4294939940
4294939948
4294939948
4294939956
4294939956
4294939964
4294939964
4294940248
131072
0
0
0
0
0
0
0
0
1
1919251301
812409193
0
0
4294925049
0
4294925237
4294925173
4294925197
4294925117
4294925145
0
400000000
50000000
100000000
1
1
1
1
0
0
255
4294949268
128
4294949300
2472
4294942720
2472
2472
0
0
0
0
0
0
0
0
0
4294945368
0
4294940248
0
0
0
16777248
17
16777216
16777280
223668
0
1470743534
223604
0
4294940312
4294940312
0
0
57
4294936208
4285546496
0
0
0
50000000
50000000
0
4
570360320
4294940312
4294924665
0
305
4294940236
4294940236
1163152449
1142964562
1129139543
0
0
0
0
0
4294940256
3145856
131104
1
400000
50000000
1
4
50000000
257
2321
3237969920
37061699
0
1074659378
1532559360
3989340032
171983043
55788627
1160983111
2153453109
1677825973
16755370
50000000
512
512
1
0
1850212352
7
6
0
0
1
62333952
512
544104781
808464432
1394619184
824210030
909456182
3223604
0
0
0
0
860181248
8406834
0
0
0
775225344
12593
0
4294921113
4294920857
4294920597
0
4294923913
4294923749
4294924393
0
256
0
0
2113
0
0
0
0
0
0
0
0
0
0
0
0
0
0
0
0
0
0
0
0
0
0
0
0
0
0
0
0
0
0
0
0
0
0
0
0
0
0
0
0
0
0
0
0
0
0
0
0
0
0
0
0
0
0
0
0
0
0
0
0
0
0
0
0
0
0
0
0
0
0
0
0
0
0
0
0
0
0
0
0
0
0
0
0
0
0
0
0
0
0
0
0
0
0
0
0
0
0
0
0
0
0
0
0
0
0
0
0
0
0
0
0
0
0
0
0
0
0
0
0
0
0
0
0
0
0
0
0
0
0
0
0
0
0
0
0
0
0
0
0
0
0
0
0
0
0
0
0
0
0
0
0
0
0
0
0
0
0
0
0
0
0
0
0
0
0
0
0
0
0
0
0
0
0
0
0
0
0
0
0
0
0
0
0
0
0
0
0
0
0
0
0
0
0
0
0
0
0
0
0
0
0
0
0
0
0
0
0
0
0
0
0
0
0
0
0
0
0
0
0
0
0
0
0
0
0
0
0
0
0
0
0
0
0
0
0
0
0
0
0
0
0
0
0
0
0
0
0
0
0
0
0
0
0
0
0
0
0
0
0
0
0
0
0
0
0
0
0
0
0
0
0
0
0
0
0
0
0
0
0
0
0
0
0
0
0
0
0
0
0
0
0
0
0
0
0
0
0
0
0
0
0
0
0
0
0
0
0
0
0
0
0
0
0
0
0
0
0
0
0
0
0
0
0
0
0
0
0
0
0
0
0
0
0
0
0
0
0
0
0
0
0
0
0
0
0
0
0
0
0
0
0
0
0
0
0
0
0
0
0
0
0
0
0
0
0
0
0
0
0
0
0
0
0
0
0
0
0
0
0
0
0
0
0
0
0
0
0
0
0
0
0
0
0
0
0
0
0
0
0
0
0
0
0
0
0
0
0
0
0
0
0
0
0
0
0
0
0
0
0
0
0
0
0
0
0
0
0
0
0
0
0
0
0
0
0
0
0
0
0
0
0
0
0
0
0
0
0
0
0
0
0
0
0
0
0
0
0
0
0
0
0
0
0
0
0
0
0
0
0
0
0
0
0
0
0
0
0
0
0
0
0
0
0
0
0
0
0
0
0
0
0
0
0
0
0
0
0
0
0
0
0
0
0
0
0
0
0
0
0
0
0
0
0
0
0
0
0
0
0
0
0
0
0
0
0
0
0
0
0
0
0
0
0
0
0
0
0
0
0
0
0
0
0
0
0
0
0
0
0
0
0
0
0
0
0
0
0
0
0
0
0
0
0
0
0
0
0
0
0
0
0
0
0
0
0
0
0
0
0
0
0
0
0
0
0
0
0
0
0
0
0
0
0
0
0
0
0
0
0
0
0
0
0
0
0
0
0
0
0
0
0
0
0
0
0
0
0
0
0
0
0
0
0
0
0
0
0
0
0
0
0
0
0
0
0
0
0
0
0
0
0
0
0
0
0
0
0
0
0
0
0
0
0
0
0
0
0
0
0
0
0
0
0
0
0
0
0
0
0
0
0
0
0
0
0
0
0
0
0
0
0
0
0
0
0
0
0
0
0
0
0
0
0
0
0
0
0
0
0
0
0
0
0
0
0
0
0
0
0
0
0
0
0
0
0
0
0
0
0
0
0
0
0
0
0
0
0
0
0
0
0
0
0
0
0
0
0
0
0
0
0
0
0
0
0
0
0
0
0
0
0
0
0
0
0
0
0
0
0
0
0
0
0
0
0
0
0
0
0
0
0
0
0
0
0
0
0
0
0
0
0
0
0
0
0
0
0
0
0
0
0
0
0
0
0
0
0
0
0
0
0
0
0
0
0
0
0
0
0
0
0
0
0
0
0
0
0
0
0
0
0
0
0
0
0
0
0
0
0
0
0
0
0
0
0
0
0
0
0
0
0
0
0
0
0
0
0
0
0
0
0
0
0
0
0
0
0
0
0
0
0
0
0
0
0
0
0
0
0
0
0
0
0
0
0
0
0
0
0
0
0
0
0
0
0
0
0
0
0
0
0
0
0
0
0
0
0
0
0
0
0
0
0
0
0
0
0
0
0
0
0
0
0
0
0
0
0
0
0
0
0
0
0
0
0
0
0
0
0
0
0
0
0
0
0
0
0
0
0
0
0
0
0
0
0
0
0
0
0
0
0
0
0
0
0
0
0
0
0
0
0
0
0
0
0
0
0
0
0
0
0
0
0
0
0
0
0
0
0
0
0
0
0
0
0
0
0
0
0
0
0
0
0
0
0
0
0
0
0
0
0
0
0
0
0
0
0
0
0
0
0
0
0
0
0
0
0
0
0
0
0
0
0
0
0
0
0
0
0
0
0
0
0
0
0
0
0
0
0
0
0
0
0
0
0
0
0
0
0
0
0
0
0
0
0
0
0
0
0
0
0
0
0
0
0
0
0
0
0
0
0
0
0
0
0
0
0
0
0
0
0
0
0
0
0
0
0
0
0
0
0
0
0
0
0
0
0
0
0
0
0
0
0
0
0
0
0
0
0
0
0
0
0
0
0
0
0
0
0
0
0
0
0
0
0
0
0
0
0
0
0
0
0
24
4096
16777216
4294945168
16
4096
16781312
4294945184
16
4096
16785408
4294945200
16
4096
16789504
4294945216
16
4096
16793600
4294945232
16
4096
16797696
4294945248
16
4096
16801792
4294945264
16
4096
16805888
4294945280
16
4096
16809984
4294945296
16
4096
16814080
4294945312
16
4096
16818176
4294945328
16
4096
16822272
4294945344
16
4096
16826368
4294945360
16
4096
16830464
4294945376
16
4096
16834560
4294945392
16
4096
16838656
4294945408
16
4096
16842752
4294945424
16
4096
16846848
4294945440
16
4096
16850944
4294945456
16
4096
16855040
4294945472
16
4096
16859136
4294945488
16
4096
16863232
4294945504
16
4096
16867328
4294945520
16
4096
16871424
4294945536
16
4096
16875520
4294945552
16
4096
16879616
4294945568
16
4096
16883712
4294945584
16
4096
16887808
4294945600
16
4096
16891904
4294945616
16
4096
16896000
4294945632
16
4096
16900096
4294945648
20
4096
16904192
4294945664
2147483668
0
16908288
4294945680
0
0
0
0
0
0
0
0
0
0
0
0
0
0
0
0
0
0
0
0
0
0
0
0
0
0
0
0
0
0
0
0
0
0
0
0
0
0
0
0
0
0
0
0
0
0
0
0
0
0
0
0
0
0
0
0
0
0
0
0
0
0
0
0
0
0
0
0
0
0
0
0
0
0
0
0
0
0
0
0
0
0
0
0
0
0
0
0
0
0
0
0
0
0
0
0
0
0
0
0
0
0
0
0
0
0
0
0
0
0
0
0
0
0
0
0
0
0
0
0
0
0
0
0
0
0
0
0
0
0
0
0
0
0
0
0
0
0
0
0
0
0
0
0
0
0
0
0
0
0
0
0
0
0
0
0
24
4096
16908288
4294946320
16
4096
16912384
4294946336
16
4096
16916480
4294946352
16
4096
16920576
4294946368
16
4096
16924672
4294946384
16
4096
16928768
4294946400
16
4096
16932864
4294946416
16
4096
16936960
4294946432
16
4096
16941056
4294946448
16
4096
16945152
4294946464
16
4096
16949248
4294946480
16
4096
16953344
4294946496
16
4096
16957440
4294946512
16
4096
16961536
4294946528
16
4096
16965632
4294946544
16
4096
16969728
4294946560
16
4096
16973824
4294946576
16
4096
16977920
4294946592
16
4096
16982016
4294946608
16
4096
16986112
4294946624
16
4096
16990208
4294946640
16
4096
16994304
4294946656
20
2560
16998400
4294946672
0
0
0
0
0
0
0
0
0
0
0
0
0
0
0
0
0
0
0
0
0
0
0
0
0
0
0
0
0
0
0
0
0
0
0
0
0
0
0
0
0
0
0
0
0
0
0
0
0
0
0
0
0
0
0
0
0
0
0
0
0
0
0
0
0
0
0
0
0
0
0
0
0
0
0
0
0
0
0
0
0
0
0
0
0
0
0
0
0
0
0
0
0
0
0
0
0
0
0
0
0
0
0
0
0
0
0
0
0
0
0
0
0
0
0
0
0
0
0
0
0
0
0
0
0
0
0
0
0
0
0
0
0
0
0
0
0
0
0
0
0
0
0
0
0
0
0
0
0
0
0
0
0
0
0
0
0
0
0
0
0
0
0
0
0
0
0
0
0
0
0
0
0
0
0
0
0
0
0
0
0
0
0
0
0
0
0
0
0
0
0
0
0
0
0
0
0
0
0
0
0
0
0
0
0
0
0
0
0
0
0
0
0
0
0
0
0
0
0
0
0
0
0
0
0
0
0
0
0
0
0
0
0
4294940560
2
4294947684
4294947624
4294926125
11
0
11
4294940560
2
4294967295
10
0
4294947684
4294926663
0
15
0
4
0
909390129
0
0
0
0
0
0
0
0
0
0
0
0
0
0
0
0
4294940560
2
4294967295
4294936014
4294947928
11
0
4294927903
10
4294967295
4294967295
2
4294940256
0
4294947884
4294940558
4294940312
0
4294947884
131104
0
0
100
4294925925
4294940256
0
4294947980
4294924377
4294940312
0
4294940312
7
7
131072
8
0
0
4294927953
4294940558
4294947920
4294922913
4294936010
5
11
51
50
71
128
0
4294948096
1
1
8
4294948800
1
1
64
6
21
2
2336
1532559360
3989340032
171983043
51
21
0
2336
0
0
0
6
21
2164260849
2304
0
0
0
62333952
0
0
0
0
0
0
0
1132737794
0
0
0
0
0
0
0
0
0
0
0
0
0
0
0
0
0
0
0
0
0
0
0
0
0
0
0
0
0
0
0
0
0
0
0
0
0
0
0
0
0
0
0
0
0
0
0
0
0
0
0
0
0
0
0
0
0
0
0
0
0
0
0
0
0
0
0
0
0
0
0
0
0
0
0
0
0
0
0
0
0
0
0
0
0
0
0
0
0
0
0
0
0
0
0
0
0
0
0
0
0
0
0
0
0
0
0
0
0
0
0
0
0
0
0
0
0
0
0
0
0
0
0
0
0
0
0
0
0
0
0
0
0
0
0
0
0
0
0
0
0
0
0
0
0
0
0
0
0
0
0
0
0
0
4294949037
2
4294949035
2
4294948804
4294948744
4294926125
1024
0
1024
4294949035
2
4294967295
10
0
4294948804
4294926663
0
0
0
808464432
25217024
25166208
29360512
896
1
0
0
0
0
0
0
0
0
0
0
0
4294949037
2
4294949035
2
4294967295
4294933645
4294949336
1024
0
4294927903
10
4294967295
4294967295
2
26
4294917853
4294949098
2
4294967295
4294936084
4294949396
0
0
4294927903
10
4294967295
4294967295
2
360448
360716
4294949043
4294949084
4291854544
4294925141
4294925145
4294949028
0
4294949108
16
4294917853
4294949332
1095910483
824195661
540291632
4294949098
1
44
4294925141
4294925145
4294949084
4294949108
1
4291854544
4294925141
4294925145
4294949108
0
4294925019
1
4294917853
4294949412
4290904074
4290905088
1
1
1
4294940120
4290908224
4294940112
4
0
4294911853
4294949172
1
1
3
0
0
0
4
28
512
16777216
4294949200
3
4
24
1610612733
4294940320
4294926347
4294940320
0
4294967295
4294927313
0
4290924544
100
4294925925
4294940256
0
100
4294925925
4294940256
0
4294949372
4294924377
4294940312
0
4294949372
2816
181
16908288
181
4294920261
0
0
0
0
0
4294940312
437
4294921299
55
16908288
1
181
512
4294901772
29
0
2816
1076887552
3237969920
17000884
372
2969191472
17000884
4294925517
4291829772
4294925557
4294940200
16777280
4291854544
258
0
4294919739
512
4294919837
4294949464
4294905951
0
0
0
0
0
0
0
0
0
0
0
0
0
0
0
0
0
0
0
0
0
0
0
0
0
0
0
0
0
0
0
0
0
0
0
0
0
0
0
0
0
0
0
0
0
0
0
0
0
0
0
0
0
0
0
0
0
0
0
0
0
0
0
0
0
0
0
0
0
0
0
0
0
0
0
0
0
0
0
0
0
0
0
0
0
0
0
0
0
0
0
0
0
0
0
0
0
0
0
0
0
0
0
0
0
0
0
0
0
0
0
0
0
0
0
0
0
0
0
0
0
0
0
0
0
0
0
0
0
0
0
0
0
0
0
0
0
0
0
0
0
0
0
0
0
0
0
0
0
0
0
0
0
0
0
0
0
0
0
0
0
0
0
0
0
0
0
0
0
0
0
0
0
0
0
0
0
0
0
0
0
0
0
0
0
0
0
0
0
0
0
0
0
0
0
0
0
0
0
0
0
0
0
0
0
0
0
0
0
0
0
0
0
0
0
0
0
0
0
0
0
0
0
0
0
0
0
0
0
0
0
0
0
0
0
0
0
0
0
0
0
0
0
0
0
0
0
0
0
0
0
0
0
0
0
0
0
0
3425225084
2177827225
2837655752
2911702268
2942738498
2008135321
2155003348
1899357905
2899148792
2353810307
1314003045
1872288518
1156652736
1356525672
3472711336
1442463967
249008428
650306386
355721223
486408336
3670433404
1638310536
3834916232
3015537885
2465025810
560746077
2489254117
771665197
4253314109
3889884467
1270848093
3534419841
1450953867
1464649896
2315285709
1043534984
304941980
3240299344
699046383
3587056698
2399172610
1748369078
1851444309
384988331
3812180209
2049735436
3078959896
976551501
1041299626
2182388144
728197435
677813474
4174639891
96105290
1018805541
2512158404
3450069414
2745043758
2842055866
3218198510
4293728293
3778248032
2075237055
2557573687
4226560181
3724662718
3075285346
4290754214
2117303211
1554761007
2431747507
581236281
281679115
3615935103
2014815684
1576013564
3189951672
3968530932
4118977462
3480106390
3758648649
2236224797
1342519873
1470518429
1465308128
728584320
2690184951
4112793795
3434780549
1327903371
3791223977
854835819
1297199264
931284938
2413948758
1711992531
3769930737
1774413180
3019706983
254987269
226521105
1617235027
1770606551
1025901382
620948226
1745244126
3961473476
3088184607
2056154935
1124771881
3681631727
2093210025
4030147752
1632989716
3252778835
3311944474
3981780681
843872826
4291557592
2918066151
3206906777
828026727
1784660683
1019026586
448153100
2313920104
2615310512
654012517
2659058215
615209745
4022048470
2062112717
3928126057
4095626845
1829551760
663987000
1125458543
737981073
2302900825
2884566811
2093719738
2069076979
2944167284
3059378730
1433897908
2643093672
1707911146
3433371327
2513659622
3558932360
3444341016
186143994
883247954
1721920957
3557056934
3034108600
1643365263
4280530664
1942400928
1307050253
3185264984
3990970528
1187085164
3674020963
623436908
3311207800
3043308251
1584811586
3713900800
1094153592
2872780840
819069570
794395981
1539327961
1555609051
1994047308
4096349199
3496072665
4236425265
3895196053
3666740338
3129652024
1604976370
4208933249
2831403000
2842617691
830416749
1499440026
12808571
286111277
3912692185
1798789694
1143450392
3861807592
10107855
397318101
234100932
2000958130
2042198884
1159141680
42373092
365883948
2086876389
350921559
2532397808
1900798493
1366588985
3251551532
1733023161
130351013
5595690
4270134065
1903831491
2982869628
1987733859
1818886140
2583044342
2868946352
1301732169
4159795961
1254242466
1414885952
4095219357
3027593550
305351649
605327557
2332599136
1257518550
3320891536
1651851995
1539243614
2424232348
471625076
2166362927
452079273
2938160756
2598194077
1463793825
4135128475
1622174994
3706841934
3734462484
2071717996
4096854630
130080890
2924132356
4100570685
1828654001
3587509530
4131025968
2031022063
3652549332
1695070194
606514288
3444046259
2316717332
2760572818
430181122
4158237885
1953578619
3985772342
2460412672
2165354300
2582013216
51790118
618535354
586767838
3907502708
686740582
202972258
2120758664
1914349203
678285800
1515990921
3300646284
2017614745
2140154205
1550166785
4000725481
3320991378
3798011809
3250149829
3142707881
544854343
2407233050
2762744050
3921201431
28346400
831402626
1494134827
3931833582
3081732863
2461535259
1778941723
1057638414
742146427
3273804097
1127114809
3161037564
3975093082
2312558694
1170685576
2483284879
2771639940
3854567723
3396714356
1190300729
2993180903
3625821295
241084025
521257182
4187751196
590127761
3447863323
1641316516
2236917978
2560929989
1206153521
4213903256
3020927452
457236117
1864536715
2357005624
1608365525
237789372
439244348
1814557407
177755747
249742778
3335971429
363322538
3584491201
3257103448
3905986385
3859438117
789854560
882878764
455763236
2414264080
937484445
405750118
2866817986
3985234716
2705131083
3834861570
925907405
3083524494
316184775
295189328
490452739
1101273097
2750088648
2131094406
3519959708
4109028650
230002627
551106118
1040468451
2716283016
1210220854
1159072889
311950682
768214698
3285766666
1526941076
1863334663
3799591318
480859915
2704831499
4282982377
1276513274
738903997
813310989
1671959813
2984189100
2340389951
190069286
625423024
225877978
3652714812
1933157887
996763345
111234412
1821658110
3662186478
2037783552
3348766307
1811411843
2224992993
2266964634
3697189002
3728974563
2976107723
1350867111
2859569526
4177158189
3384468635
1440817376
3131837421
2929498566
1480150176
1492376465
2626839628
3860110390
4198514864
946261806
3393625103
1949458514
2283117054
2529736522
2202001705
3398428014
1200298240
1966696823
433864397
1390037231
2601649076
2221560649
288161819
865503293
1252900594
657300203
1658824217
3943331955
3519411064
2661285266
1843060211
2186587835
2521611099
3714772395
256683910
3246275648
3544431246
2401600914
3300301527
2366944148
1899711918
3158321822
128810456
1104444519
151374016
2307636441
2214314486
2479132755
3351083891
808896653
1990312993
482415660
558972462
3293548615
72695423
2698735617
3588244724
3943675648
2704679879
79343610
1341556044
3473079401
909306663
3736608586
1145912339
3001500042
149132155
1728007537
962072572
3345635360
1388828854
2828306376
2998809761
1478709409
2272043430
808954964
1455666504
1212606915
3031552284
790440937
2509190557
955017019
3562102811
1112740283
2758869255
2491488724
2838127537
4038063890
305172513
2823989879
3047461269
2481052435
2271536401
328889914
1268558477
3249717114
1405839960
3335367627
1014269835
1725628198
2120409608
1589430515
2880595838
3585958699
1053041372
4187947555
2465083350
606600959
1799605166
678347226
2463224860
776626110
431559575
1697818111
4185244628
2555046398
1835577512
3614481396
480600828
2672924599
1647173848
2435704163
3344584325
553699839
1237465930
637961802
3191466318
948663705
3196693668
1434988232
4226767188
2818412678
2322034726
2123846532
3997289275
2987287896
1416337840
4105770233
2064443343
2155658986
2890072982
4024947077
3784118014
3120061355
3028465428
1454089362
514629543
381382495
455149535
2465020017
1924142922
2711404058
3432151526
204477690
195098095
1036706812
4235420065
3225492793
183406076
2408373232
2421979163
3359792576
741117297
2414508199
2698441174
2768384349
4050200275
889186096
140253674
3808001540
1443674877
1387773896
2972975369
894954817
4031537372
1970935951
1607377473
2579375540
2149115148
4198847454
3049191219
1558175716
3263143067
1636981947
2614825895
3460457529
1246128238
2508713007
2565443232
1863156860
4225724389
519626540
1035319265
4049524516
3028555030
492271385
959979090
1730969997
642380755
2313858436
3242222412
3394110119
3030568135
535943348
3570838942
1447281583
2857321442
2469953470
2774277234
1359901639
3265359240
1445792413
3765051834
2212304185
1248882023
1794441128
147852096
2023015918
3341416619
1803542214
1859257382
3962418373
1322708046
185772263
3267369255
3368055170
3276225314
148376275
4052097441
1837373800
3638329231
2519267094
1733928044
10416896
2773674964
3130647496
2103484439
2155931213
2811132084
1558438615
503321870
12911425
3744488057
2824586827
2874278705
3413316984
1487126407
1525954525
4169950779
2827957025
1041295336
2041651443
1946445948
2967773691
1481498721
3034499039
1368250001
2724866395
3255831005
3393621407
1938257450
3714029959
2785726482
3857392825
3657762011
1239560018
2519704965
2335191633
1982626216
3510215086
3670550419
4294650910
1502167494
4495906
3543100390
13371429
3591239200
1815403459
1538037479
839037241
1228877171
354493599
4035622895
2526016632
1303942422
3821828296
2328252488
3591225841
3774216836
3565335083
1711074511
2304992443
925945077
828529687
4168655858
3473754589
1152765776
4197659581
2089979538
3522303728
2425757644
808154530
1431389199
1097045069
1543298973
394812651
90168021
3833053432
835887208
1692014225
2189437179
1511844993
1228327801
1815695152
3224405808
1228977272
734793868
2186991968
1545422016
1656155930
1117415276
2123812288
1271934701
3854173154
2075940900
2153990706
478363458
2918645599
2914617951
471467152
4061569341
2716782106
1695344116
773300746
3195227432
4079975868
1477474687
3315758317
1385834535
1640642663
2998107739
529904712
189843130
2287226230
1150680217
1735272494
2645420733
1132073877
855348978
3725723893
2615550649
3598655307
907815086
3685811392
3000706793
1674522483
919745386
4249000931
2282260130
3556291067
3374832219
1087337123
3233138062
1866261045
3726307674
386289632
3514150381
3517232727
842978104
1319332643
2170423865
2414193531
859416008
2167722848
3917619546
3701230044
2456575517
812434901
3512366362
1981858606
1618274442
2672660455
3292113188
1560298205
187644315
2372569681
3439804767
729564663
2944070025
1548172446
3384411946
3663558080
3650408545
2210605345
3224445536
958907275
424200254
1929366226
1791831704
3906781906
1397329834
1220732752
3267554142
201354353
518141190
1428783776
4082950070
1661298241
1495572524
1591441579
2384742262
1771587514
63037344
3079135344
532569502
3798924279
555981729
1373042132
2988470855
800771378
2248812039
1951120846
2151994108
1295872255
3493256639
1265608846
2465017061
166256800
2384155962
1185457160
2859885827
2527058533
1251596591
583607404
2069479248
1300417062
2658936470
3824713981
346463112
3320478184
3461383180
1275871848
3637404618
2390710473
1467888588
3444948154
1451416959
1793459661
1039965340
3806812732
1547718621
3720001373
3936766368
3301300212
230971996
1638171653
1307428564
2578829797
1179272222
2947580374
260746360
706967700
1232464375
3532468126
627905346
3385685629
2650019703
3830810158
465142919
143647988
856256249
3700209319
1608224744
3007075823
3501604622
3297859962
2653789802
980130133
4048007869
3835912824
2249969690
583528845
2736403546
2816961464
1954515592
89702010
3216505846
1648204358
3685871981
2476233062
299716838
2810195743
4013651872
2714877451
4290620156
1240184528
1102330468
2659268419
2680001996
286727461
2259716415
1950337721
4125169899
3091475030
1254626515
2307101548
3207149356
3191699111
106218992
831756957
3481680318
2339840236
3506695764
2155131260
3475087425
1844327784
48571840
2377275439
2567945745
3167000036
3137876334
92320892
3109508747
2879165551
3724279306
1173598493
1414342527
1316786397
2254517379
1216841487
2883862245
4015976716
784724232
2231291393
3343514466
1628115052
3615545520
2617304082
1086012322
3711801887
2134380185
272581785
3333974072
1289233023
4273334208
4170585154
2385760217
3291548539
1602053279
3052323414
687008006
705054540
2232744534
3633057410
2730708727
2230589645
4243757873
393686887
4109549593
2177798259
1420219587
3335916558
1679836892
1738443286
2120923538
3141324776
1501280966
3979241121
1160023393
67855943
1542014077
3386685965
1748989704
3358749130
4074154667
4159240310
3960330531
1403456125
3048880124
1481634586
3621525978
2173748243
1319064474
1312599930
3283962443
3412998951
774337627
2828494219
576889717
167006331
3029839648
2499244018
3515201764
1924249087
2171654774
2965026316
3561481526
1590248481
1139205892
3202147651
2517948197
3547481851
2351251911
263027736
200255328
2869816321
214074888
4254113430
2458006066
3428921354
3443510260
885867854
997332359
2239095196
3450742879
650480937
2602185482
3401554672
2855974945
1750009502
2607651883
2684836939
1802880723
3373202596
4057817766
1153632081
331600492
1375818638
3332562897
2603753335
3446078469
1138209042
622427141
1007292651
321404026
3736411145
979390525
3974599931
1830738820
2695952059
4218125155
2572401234
132436234
602608439
239713318
3231751076
1987117097
3302648411
1937097656
3013184213
349790941
1173120950
1671492742
2319690979
1589589019
1444214769
4013008269
348823327
3249419546
1127768624
18633832
3482976908
1111823815
2331704316
2701458830
520740565
1383130135
2420599554
596075183
1972122056
2119262158
3909946286
3782907007
553918996
25994831
4176946518
3305005785
319491719
721222868
1625574937
1247046871
2327948151
1041581817
440899011
2659842773
3500655806
3295894572
481193189
1139206120
3160768414
4219055782
2076890472
838527368
2928827972
1054102636
3541392642
2161114956
2599226721
3370859509
3760263353
725403713
648953284
3405011783
3673481154
479921342
726834571
1669912454
3564311804
2571796
1228964303
3668599404
2203001221
3574371828
2828101258
1506608738
2438748234
308408954
1974218323
434628639
3223696358
586214525
2847804470
4159038863
3889221607
2488001201
4222105611
4026228687
2910559760
4222745354
167292599
935112838
1793518937
2087543173
250947894
2783785754
3682514674
302773159
1659586359
2112536238
3085919595
3662626046
1295595551
865269013
2757589899
3722945091
2374207244
4212573599
3610548575
3521346612
504709760
685810478
3798193154
889932187
507317576
306527054
637937314
436931838
3205142705
812820508
2910849591
2534604964
186559791
1648570094
646802100
1413329396
2257490936
3049843507
3355416592
2256614944
117187904
4046606590
4260271504
2000555669
567488383
1956465394
2147013518
824865439
4142061644
2693023729
1550792344
45978969
184944936
228980294
2419598373
335330817
90316380
1063983476
468504763
3243393379
1686258768
392763540
188499892
4063054194
3509061131
2324862866
1334213567
4195699747
2018930039
1223737541
3560061277
1379670612
657655987
3093292951
2281811242
3814779348
950292335
491964493
4294075334
450913473
3911201810
2608206890
1013443353
1207394355
2032197720
3556630345
2731195803
3731882226
3459359185
1599917659
1288390808
1776444724
1214891677
3756199505
1606828596
1706716805
967600240
33397472
3546674641
11259570
1957311924
2572779006
4044688820
3746358539
1817281641
558476057
185971749
3372830501
4293446070
1506909038
1503242965
4227897769
425472033
3233677082
2599683752
1724107352
1635123308
2040484921
2728848211
3384125146
2089424822
1206449058
2810924616
2299195687
3416742660
4057234709
3060699952
2351980558
174343314
994125248
3452807423
545384578
1870804566
3816185181
818553586
324247104
2437293125
2262585357
1317316838
529619297
767214126
2511811040
2058100458
1956138728
3393371046
2603269079
467383596
1363145176
1617118677
3191487017
1872601529
2693155618
1151713729
2128136671
2409622049
621562404
1780144661
2613338878
3419168760
3092918612
2884187885
2306325155
779845462
3489841159
3614073571
2915659871
1596479483
692882238
3127128200
3778740982
1399798931
111617824
3129149854
1965035809
2042219383
3052300892
2089428361
3968263466
1550523295
1656941038
3714192106
1550233055
2482163439
679915102
3323340905
1232068455
3152912815
3783458258
1663058767
3580970737
4186812615
2516073749
61418111
3437614430
1454254497
191297333
2840357864
3133379461
2075709379
3278264403
2122399667
1527446277
1053618213
3523406259
1293277682
2000421496
1478480658
2879705325
764388279
1116105324
1327918074
1910782225
1140732510
3675038891
3559963792
1580631584
758289765
1478399532
181762001
1100302282
3870267212
887056602
3544301514
4008885941
1885302751
1118841431
1035933360
1746164075
3771734471
3171900014
340828946
1333266447
2635101199
3012751239
799995666
639502648
3049759762
4102307883
2663807965
1045782564
3432001442
1177171429
722746981
3011653531
2149249412
3537152975
3070252385
4157708055
408975373
745725714
3197888239
506969879
2823609099
3136460688
3612804979
2469508572
935539317
1358273497
3097251464
2051415689
927234618
118439884
1506556688
917594612
1140526823
2081956910
4234095557
2187554561
3693409205
2749045478
4118363970
2451509752
1843457406
2476579736
2578086315
3823723757
847983992
2472490139
1486955741
2162055383
3959846564
734823784
2952487948
1791358128
194148051
2859979719
4117958707
3422353991
214133166
1990710675
2938603445
2134656997
2405487818
3703072146
317028932
854369270
1611124620
1149655318
2779511925
2143482828
1124378749
3543041531
850251099
1859141555
3793822871
2390820508
1824410623
1612363837
2566982571
984675197
2159666671
1455289651
2077575291
419907109
2143420671
1450180156
2703198623
3936744230
2819619402
2292013538
105020017
3410860918
3355344232
4107453361
2669417074
1777944819
1398036386
2624094215
4251957411
1264082855
2901625562
1863767863
1214213584
1174542198
1606779567
1328602006
1314992868
1084567397
2569996209
2848875232
391124013
1156306773
3598013600
2458698295
616637278
1764040425
301245775
223693428
1682872823
64025646
2555681007
3508317005
2924535639
26253371
2485931742
280957523
1831308520
3031861593
2082308531
2804869914
851833882
1889414008
2206393805
4214799183
2630464115
3506056741
2234147680
2735807675
1231308405
4144756000
4044922608
2519336685
180672944
864856155
3707702079
2279232356
1936300355
3474680350
1692617544
368424588
2589845657
894321874
829754586
60912904
2205073788
2345031484
1173279101
1792326332
3092476215
931365811
2942055787
1488684259
4185464275
1818992483
3554407455
938988276
618697033
4144673772
126243124
420748375
2286576467
3398052903
2507720961
2087199695
1820381647
1472276899
219857155
1522316099
1454461175
892701164
629177139
581702107
1662410116
889385031
1069264791
509735984
471120211
2345634545
2616297940
1731598605
1448408918
1325946937
1439989427
1297967388
704102770
2194554372
3810983932
4211689157
1713037253
1595180518
1355887933
2246958146
1245079328
847776874
2975341040
1690274738
1753507823
1551595584
785724695
621277710
727122517
571709057
3126185235
2511578368
2104680525
3870397909
2915408263
4022612535
1028098680
3756044774
1816008086
3252855059
2806611
2381577566
1962346889
1322892222
1226154077
2128534426
4008987940
2640776848
1856052316
3286936162
1839411994
2606224499
3005004571
3074061101
750182658
896083896
1788616208
3674574932
3368532176
927033441
3809340154
313641068
2410691373
1936989188
883892963
3445004230
456928081
2607621500
2180661229
4147537414
3288031295
3001397546
3895048973
1533629773
3879062362
3790932400
3735659051
3706373464
1966111651
3295876942
1783917203
3401020559
929810717
1015262257
1674196853
2803017528
3889487824
703986152
596718853
919962838
198488139
1171549317
408767340
644514861
1524173042
2000675199
1306864537
2843365838
3944932828
740916197
906958584
1708677480
1492438011
2435661930
2326606065
463165030
1845283459
870713382
3504498439
2375866005
4164322683
316096027
341204181
1717222961
4134693213
294390831
1976541532
2895612920
1980545212
870136690
3827201165
352046972
2004261026
2414224431
809426880
3041614777
149717282
2346354074
575381983
1925059671
3555105697
293094423
572171443
3799670562
3188929252
846860118
363345690
2568821570
1410397461
349431888
2357664836
1791947351
1020261973
2251487089
4135780275
1331703456
1044707316
302128861
398281503
3771062177
1117627715
340657928
1305556279
3854576149
3243440585
449051504
3548946503
890981737
3636437396
236241462
2868821404
535252619
410275411
519790656
1043230451
4225560427
3382201199
2898062006
29586962
3034818699
2346307989
2159684505
1204885773
3044068193
3479462483
1543372439
1766367472
189525806
3741151543
2190786928
101037689
4126470129
3637988557
4221962656
764471315
2160876671
2894382485
1071944452
439616923
1338743710
1085255294
2050250816
756620462
300259309
3654901062
3601844242
1739304633
1950603676
1001261809
2624529053
737282949
3769274582
2060116147
2849873972
1641602877
369164231
1025267057
2093773604
3701858545
2590129944
3843379091
2784704630
245212245
3603320246
2018770377
286891049
1807075544
1274422085
4235543962
68894210
1410398754
602805413
3228451828
1514565624
2215399685
1406824019
3677483159
1605325825
2864018301
2684340353
1057192900
1194389667
1197037177
2812914954
116802335
3158560288
1410161918
2674505081
3062629325
1110248558
2086647503
3502903891
1760203238
447616171
2769122303
1746083534
3448478249
365520039
1968578230
2724816556
1007349344
673019232
1791356227
315132803
4066556179
998787690
4265480182
2775718427
1786470161
2141621771
2956770375
2007174763
1298786613
607691285
3896061492
611991133
3449946505
1925538305
63864351
2829182051
3241782300
3042189417
3093345166
1638739450
3181085109
3627109576
3773870314
1750007261
3804756608
2714803820
547550912
3013249691
2268571698
1137007338
107415654
1857603442
392814296
2367614219
1176922531
4093785466
1482987826
2544213426
402011018
1061656283
1255422797
903689523
4112298430
3087416683
1037086628
1469910998
312916265
3754843238
610829620
2454206179
919088962
3525560742
3264799186
1816004508
415609412
3527137100
3690546073
730251250
4191338319
1471872243
1833548369
2379870410
1180277216
1052213747
4005471006
3837957371
650683584
864194691
1056122055
2217484760
61460241
1251997326
3687023153
502071466
2300598781
409690859
4138783190
2979436713
4227127468
1568741398
1006827513
2591746057
395346931
1106796204
3680707364
2795376133
3828744119
3746680080
1449399004
3958711377
543421543
545661329
858530617
2424427537
920186090
3616206364
1522392180
3062834880
2310599376
1243028330
2016121985
1086487062
195968653
567963050
3318538704
1974494400
202199649
382013330
2583030243
2162994823
3642944194
1414969464
3915445303
2279893722
2783617174
3421398343
2417046249
486400345
3316619410
3054662181
2260059569
1455732337
1168709596
2110756459
3919761865
2052288941
3043109073
3355133566
2537368686
2638667088
4105607866
2435121142
2753638131
2155326571
3909284997
336842822
2465923136
110743248
2608410390
3511784119
2275933154
1426899706
4014046845
2655377261
2539918074
3871606591
3900901977
2611452990
3703668413
2066686536
387720358
1665451615
2778849453
1426122651
3009588127
3003441113
3017164091
3788042935
743762469
2160686049
693255747
3767805142
2017705800
430386511
2553055234
443463484
178480641
455799624
670420139
2035692278
1211716019
2721764508
671272584
2275225846
3805770397
1491477282
578637182
3204137620
1622083541
3959417782
2237511114
3937806117
4034868101
1630791791
1288000318
3536800556
616675458
1735142468
4264033355
71929403
1897728768
3191216662
4012130514
3788351224
2442597977
2473891025
79299762
2771567424
2802497513
3917852369
126725378
602515994
2854653204
515595255
3052180429
2212050444
66159224
575053582
1502454105
3704907143
3303037113
3499426709
1898676856
444836888
1605126371
279703833
1822269829
2846642458
4225927575
3374244326
1605031374
2529487144
2735789544
3974606060
2920867717
3289158314
113001601
1928757439
3357456867
359719437
2049019074
2115943108
2741888746
2487092590
1788785684
2063478765
1641037811
3585271713
925512708
1688895264
2141485775
801743426
2542488547
2874646903
1371310072
1319797380
2899561087
2096500873
3847067924
1192690797
85322944
1938262273
4000930131
1540648551
3398571555
1363605766
3673989583
2855806331
3707710593
2099072900
11786004
2840070466
3694196743
3897792316
2719777630
471420056
789291617
3630917477
898291454
4286109361
2195616982
274499478
1037087595
1910221462
4271772668
1588706259
3130865464
1729113089
3773046629
543593992
3685028041
1465549350
117966094
468139248
3947497220
3720120923
119841637
1007738405
3649076483
368644731
1922852291
1313025958
1785161073
1313318560
4028928633
1069582883
2888617165
2214843538
2200638774
3908345499
2423182548
1549243203
263478182
2630417275
3199482526
3917843018
763618532
4091918077
3238240301
2347166142
1280110054
2346234033
728031914
722583271
419583852
2719798696
789825444
1631172818
3369321985
1378791263
3104548749
273990603
470120887
2853447481
730696411
802394587
4246604401
571372683
1110247070
3801731090
639886453
421047348
1592902946
1915983785
148162610
2050117609
3220662515
628101871
564046242
2433012455
3214544868
908492408
3650728151
2762843113
1035329814
184288134
1010162747
1038903315
2661195946
1388277340
54461398
2000658410
2923324731
794202803
2608445019
3634095316
3989335796
67888646
2406206910
3863854140
3876012327
1577743440
2591727447
2354991284
2863976620
3680531755
4090477315
2951412976
1862041589
3579294943
3786308912
4023515159
2844520940
3335979250
1016219774
1058945872
4153072792
4020644428
2036614326
2258758846
2084135041
64158913
1532603936
245904518
907031023
1760589950
2030497072
120288261
2867052092
3446960486
3429038158
2017955144
250232009
1718880048
3247060523
623658725
525755084
2938704065
1484871009
1851038675
3719242993
2064867190
1662025600
2137070804
758088356
724121677
417580680
697070414
465178633
3150986775
760242417
1237721684
1739699956
777475479
237782439
2322335800
2760649093
1403510251
2229370986
3614289973
2447419687
418885522
3442915182
479543086
949822985
1747429230
2742613807
3108206913
1113645090
3587572877
692667869
486547936
2858123347
3007134426
2365839256
3789611637
4263829335
243017783
165276366
98591759
1068013426
1389361704
1118172883
2697086131
3440814574
3136579536
1957072786
2093127552
2005825191
898888143
481356600
2417968365
881569594
3092519184
631444778
796084183
368417473
1083773606
240093596
782744042
3962395412
3396128286
3848451781
2152625102
221980303
2338350230
2356412974
1268340763
2497805874
729739834
2182285594
3018342431
1778059959
1862340293
3511255587
2425504427
3276742971
1036201154
3648139042
3200423882
2082860989
2139592382
2575472493
2565078684
780626764
45327400
935346706
2992132543
640764545
3470863098
1094619935
2213414540
5528038
3076728988
1728630010
4072918011
1812471183
875868942
628396036
2820070520
4291890678
865781000
3627859098
1488674647
4205706200
3076829785
2265156856
679746641
241185481
2714411047
207163412
877949931
836263366
4254555121
2577391548
613839891
2110287087
2445285409
1008491953
1136579997
1110785333
426292344
1630246233
3365218159
2181618574
2744645242
2456702096
2755250577
965727171
3073896704
3930393027
218855097
3341023428
2404373469
1154889994
1022102043
1006005965
648315854
4251640266
4258515364
1860454831
3004788469
2170126584
896098580
4156570608
3683209038
2845135647
1770178249
1007908053
2689690145
49655942
462373796
1754813914
624179916
3769761894
2991901993
48064960
2948001060
2862600919
1019536769
2874949826
4178149862
3456749573
545626603
1198743581
4034941001
2076321439
2713915054
3232451975
2929665678
3616078540
19207948
3288237430
4125351999
2137888010
167387038
3749231788
9065631
3841628961
2585964873
4052163304
1604996017
1694836509
1401874098
1814000310
3274315562
1148020817
1671628499
841029372
2524433056
269189313
3411883419
1855563375
887996933
3704709185
1791400462
2110341047
1417743657
1510566504
387239709
2099781933
3238474281
2406803845
3549643588
3202446317
1582912118
237675643
4002871773
3995941724
2772585677
619196355
3845660656
3946557117
2124888042
1160030284
3071112328
2994599132
3320874043
318899714
2659332817
1326505789
3978729069
3330583050
1584909892
2974098912
4175364852
740562458
1950824579
2656434110
4167554629
3341180472
679498460
4034364489
1985154893
468105117
2803629646
3811149382
228021762
562698535
491339068
1552908508
4132142625
2856876292
898937707
1904868566
2713607873
3526033832
2400711850
4157277870
1064383339
3366767018
1942921198
2099712600
1414528715
2981065349
1813956854
1250594456
1490070621
1278782222
183134266
1423602551
3136739285
330204304
202034498
3303513871
2045928428
4163084363
3906682713
2751795216
3209292526
2550217406
1313017135
4088995964
2776869140
2243135657
3785383895
3608977711
3462502960
166155538
1560490875
833399416
164689588
2248495684
2631149856
2034789031
2969067378
605765700
221568862
501914176
183026254
347663824
3402999031
1562567012
1135885685
1351042676
934887908
404636530
3925480614
1687309384
2839059866
1261791715
2412519448
1216177857
2952619806
3572957008
3284338067
2127236114
4090040824
3354432355
1100074140
2046471877
3874096497
2351262620
1466697710
3943974514
3117182483
3371062537
1152437047
394850687
2910054740
1421246355
2217911741
202465833
2725774791
2096361495
1565625059
2891946130
1276832452
1503585744
188865181
741471207
2298457257
818882955
3449729680
2649663815
967810504
2950097972
315492298
431854821
261440035
482204983
956246010
195139493
896723637
4240982057
2463430269
2278755787
1450693150
736137532
197257770
2625285418
261829530
2025013227
2824704340
1732175546
571260215
2292713529
2813769627
2817298342
4219595933
346176619
421963444
1948858815
615598522
2374519512
2275703862
2249402815
3167169001
3101469477
681262048
951046688
684589790
872774283
960546485
2596425534
1905772887
3621299976
3168513119
2321910205
1674610332
2005547291
3509365636
1441930437
838409919
1536260615
3042888731
3893364409
2647712156
1037372040
2322652074
790983398
2220064017
54412997
2284510047
2840919522
3291779307
2909553171
2409824759
1315327365
2576600600
3263029369
2012911457
645932102
3375933526
3021205857
776930481
2987024395
908047013
1546586409
1225916074
4095147913
2644373191
4252628033
1220841788
1425941066
1975277975
2356279335
1328575271
4080163796
1577126781
3636794295
3404323614
1366763306
3868971703
4239211434
3012217673
3914368230
2885685929
2343293308
937727376
1469773393
2472581117
823312231
502283360
407303228
2505179418
1392741849
3900892747
1023553224
2519354568
4038874266
2862445771
1974517098
3600836280
3971067562
591096486
1242444912
253556135
3403738828
1895887491
3363142536
2665165410
1679423962
931915124
746652941
2386636781
1575150768
1136529428
805336189
3552542588
1052974932
741495580
3550915745
128990612
61940105
4263500000
3659389624
103371456
152001
3937712742
1114011373
3166568478
2812246295
3617230254
4019060384
3360300073
2139433327
3891211998
2369163336
2137940717
3293476590
1612302606
3252009212
731420460
1629535281
3989475063
2562845500
973379886
2822701078
3265105413
754602833
233209759
3672036197
150909040
3410400132
1727971872
2519016292
2371423136
1755778182
3078193806
3929060175
2097816401
171710734
4018698450
2772415697
1227018311
334359533
2082878182
3972719713
657059425
1183319000
2276675703
3052419595
261395919
2963263316
929519475
984404973
1268886372
1417816295
717563482
2483963964
2987853943
3763601796
4236028720
4066195206
4006941908
3922172129
971454665
2310811481
2065039506
3022972814
60472078
3638916646
2348937503
1143287115
655772226
2976318025
3984195974
1247137801
3351010092
1888374554
2585781826
2489921819
374287403
4122468732
691330278
1750100218
3083788030
2678285596
1115026520
3762172472
869241332
1768406882
1792991470
1344585927
704782911
677519048
266323017
1798648527
3644087918
3652807107
1013281003
1720355567
1214715389
3626233400
3182360366
401351898
4210498480
1172579832
4053162551
344578260
1407011506
1724601990
3092675943
3128170139
3450154858
616413583
2111553326
267127233
1047502515
3618440941
822830109
1107582857
1200237108
3724667824
1323582880
2118961301
686841200
3805503100
4217038767
1284136265
2801460631
2120291867
954851819
2703602160
3369777002
4146753500
189599250
1408099484
3535527004
3038405044
4189866608
2267312610
3368422266
251591772
230612787
1794516566
1527342140
3474820671
631337486
136745871
3667254563
3538884072
1524198838
2815052647
2585186075
1575591457
1515428506
3831822064
3643498650
1368600459
3563681587
2347106798
1529147419
3214371822
4078104721
151268979
1595760868
664576143
451226120
2881117695
442011956
2222446693
3219637892
3919099061
4160472388
2617489043
163280825
1432106671
1364171216
242186541
1029748866
3893551667
1161043143
4076199652
495523514
3689554892
3946870630
2181938191
2480842367
1893452120
386014762
3973662234
3678579342
4278953041
2480445329
2250998630
1577323261
3198646713
862318069
1389311121
4139092713
1228318134
618120292
2986685719
199926097
3995873750
3631529629
1443963886
3095011593
1972301158
3551549149
934733814
388372146
1138970367
1359254588
999189767
1536877446
939023867
831126419
291442918
1226508415
2663167527
3712095693
1542323511
1283924615
2799293982
1340599178
4047619420
694258522
1798682847
2359945420
1287872354
3661920924
1357317801
1604593780
1556242915
2694066299
2366678297
1869052277
2747950352
1162828566
1241631747
2921643469
27173941
142186904
863618144
3911772152
1300450992
3683944660
2157306023
1359471105
1362179479
4255204249
1268826528
1775453875
4078040640
4272366238
76098884
1885005961
93008349
789908977
163630574
1868191831
519655685
3339596083
3069937156
2503569130
1331139171
3482877029
2183422622
1572463190
930540342
1015636305
1339338589
2831315688
479585125
56302157
58052186
3327223264
223384949
757063519
152439564
492840067
4001353952
4292028387
3327110720
843490810
632554397
2312730194
1020907710
2260657127
2397557443
649137183
4164001430
3257411450
3229863775
266669432
2514881621
3155261511
3285663298
2550277071
551517586
2670018856
3411088678
4224568466
3611282331
1214948750
4291743702
2685605221
285913578
311082536
1468970749
4136601353
2195139887
534732295
2172361558
3879824902
3983621445
1493233535
3577760436
4134051836
3980532596
2297030294
3198351132
20574431
1491859682
3895111904
1443440713
1372618411
3680567832
1580315401
2096714090
535408672
3333461884
2059821868
1424420546
3497401292
4183614473
2818764351
2048515160
1556476301
1984400776
464764455
2507058182
1601234994
692311011
4219411930
1058072759
271186163
2226108673
3719250376
3534909971
3703908028
3742699541
1104881204
1973501367
942061118
3109586260
1701906147
3169384390
3746775138
683515263
1922182903
859154138
2884397356
255840290
2847170664
1880709576
1349149097
448797489
1376544773
2204442774
1451693937
3051181652
746953826
4022072375
3096064561
187371537
3992078470
2675705217
1438051244
1731082303
3918202575
2607570547
2292022154
1409937976
3577293842
1165996247
4065526218
1249380308
1265425254
3896581402
4028396064
1011715557
1580119988
2291199080
2793335115
250381312
1254972514
8347574
1661597356
236408429
112575857
1479654387
1341528766
1601191924
730270549
1189076561
827925507
252459955
4083603037
399431503
1494459149
3030404790
1344101801
234238835
105302768
1318163457
2355208533
1095806922
2433784293
2295256710
1440978092
4247276623
917267638
4035787262
934945922
1709378257
2137822616
873828033
2583925772
3445580134
564371522
3830071808
1832557882
312676341
4117592838
1796889342
1490395245
2510612461
3636443154
2058318401
958310989
3576990362
2973125697
3761647210
3759790327
1205926040
2904489346
4291995966
1313420264
2072653338
696311863
665873163
2208507213
861799023
1490043350
993749570
2827688355
2321936588
3540399443
1952850226
637815777
4156630571
944218555
238454698
381136396
1134333415
3736267900
1982416721
3116793608
3756523522
783117525
660135429
1111998029
4011490952
3821241745
3672205856
266053109
4270101813
1974231866
798202478
377329869
1125710589
2837141511
4019162990
4207743087
4237290339
3208164540
2928325359
2750714004
3271342483
377814478
1664737729
1793104565
2422867673
3632821675
30616609
1309441390
2706451713
1349815808
1281821492
415583721
3400335781
2591939398
1950787830
2666031198
1204459372
3099013993
2473786380
2001132430
1336607589
3112464985
3462775597
4066115394
3036432799
3348149210
619042812
2063531500
4267536765
1995513677
162318683
469705994
1752747211
3852402828
3818917892
3818922009
3766497281
3851632640
3783544834
3850588160
4118802511
4118802543
3818917972
3818921987
3766497281
3850575872
3818917976
3818921987
3766497281
3850575872
3818918032
3818921985
3766497281
3850575872
3818918036
3818921985
3766497281
3850575872
3852402732
3852406828
3818921984
3850444800
3818917892
3766493185
3818926081
3785371779
3850514432
4118802511
4118802543
3942645756
4291837952
4291842048
4291854560
332202572
8126698
16706304
0
0
0
0
0
0
0
0
0
0
0
0
0
0
0
0
0
0
0
0
0
0
0
0
0
0
0
0
0
0
0
0
0
0
0
0
0
0
0
0
0
0
0
0
0
0
0
0
0
0
0
0
0
0
0
0
0
0
0
0
0
0
0
0
0
0
0
0
0
0
0
0
0
0
0
0
0
0
0
0
0
0
0
0
0
0
0
0
0
0
0
954610
2030043136
856379539
1413504722
2210398345
1107296318
1736638469
268456110
1073741824
536871049
1101135905
134217729
134217728
0
0
0
0
2857697280
0
0
512
9
4294901760
74
37888
0
1
2448598395
2857893889
3325332761
3069162390
1911911719
2676164482
3656793651
27925603
319633381
2951144823
2051796831
446044062
4130237653
3485406396
3447003286
3409431003
1214466309
1609814995
1890720775
1006017112
3937516549
4255225388
3837099589
52864267
2403166740
4056729330
2924044336
3480171581
1388147232
2292899601
2837247696
2050137164
1863577079
3258161570
2615748370
472025301
215577845
1903011248
3016158294
985842114
3876565585
103689469
2700538831
76331044
1138658737
485323289
3638216205
1234830009
2741787785
3659874243
1160465072
3574166174
3592680485
2616852388
3562061113
2601251300
2313945385
3308058808
64331821
37881614
886040361
163041311
3132048777
1677853426
1531338865
1357953233
934478936
3284003337
948588083
3464019351
1447505341
952119636
3034591849
2913681583
2715824541
707986621
3600292815
1992365836
3966135503
1668248635
2561701892
1516444228
2219587953
52552984
3288531373
4170741020
627825935
419149136
2084841324
320667901
495196201
4244140231
2734395550
889248745
640551716
1818821324
1163150338
2715618803
1768497671
2462396854
2282457947
4258037747
3572815087
2084957999
1290133653
3934065129
4053284696
2142315509
3738752021
2395905028
4280951319
594411094
2218628441
2563704979
4064505479
3842031946
1638044036
2151391145
3080685852
552751006
2567841520
3167340880
2173802969
3427362835
73393161
3606711023
4119216134
51011976
2201264601
3207403836
1700385167
3381122275
648587888
3660455773
293328611
77385247
1313709796
4112463138
3661572717
1024885474
2330147308
743875491
4021230725
2303812558
2707721049
3309973388
3672467563
2793359529
1042253302
1618703271
4235324333
4280976148
1301555340
2658687828
3606297047
33032083
64922577
2568955967
1968198873
1634419524
1513991217
2031368380
3915791537
1957119861
2361072688
2545759437
1004388578
3611476932
1787919405
2543684900
4138872553
1590719901
405244290
2944515668
75101677
3818545240
3433090869
830407815
1023078279
1287290758
2562190821
4263902557
886176790
4166998301
942852285
3477160728
932311197
1677233289
2535633664
1449327623
269388787
2971480608
2785677385
2871688880
134967991
1384377130
3596121635
4176496230
794980757
294756452
1217933143
694391744
567755667
1722442862
556545074
2900102404
1957465437
2278389250
2380688304
2100787741
3154685934
3706102997
1167692924
3566156811
1108325230
4283755352
619482841
2259921954
1198609030
2179408542
2557296230
3058269260
2057153865
4043702183
3908887392
4201853496
2366752926
1141781240
2657061446
575882749
3019737127
9816636
987265698
99941724
2831238790
2535881476
3621152261
3448866102
1745377774
627399792
190422950
1705825598
1194811100
1567914334
1149023938
1052103652
1018533819
2433860532
1255875489
2359868386
3197198420
4130084200
1818708605
2455893117
2840846745
3409536296
1241338637
468042508
1834438299
4261688787
1153667067
1620234939
498256980
3360238814
3242276191
3106447099
2419104790
2700916450
3599432437
1446635353
3986577244
3981940843
2549138833
3201686887
3874465338
19649857
3242267194
3177166433
1244888682
1345711826
501073310
2193536314
3803155654
772217888
1085362839
1143645479
1232582792
2937463953
690832866
3231595080
2135761810
2098780998
4194125242
2062810235
2855058402
1958099671
4106119644
1652488517
112500852
125296889
1425887920
2616842901
1895773862
3277097380
222781059
1789972657
1923261849
3957170084
409563830
2120969787
2064808631
657912944
3128707756
36594144
2050822571
556588236
2560922023
1388286431
1508406332
2999221719
1221850280
1072491622
3974841599
3472919809
1891211420
524873202
2413111804
179874946
2666005753
2839046019
485896867
3846246427
1714813472
2101772486
155411298
746850313
210414611
1557384461
3140488192
262504060
3620846977
1655130189
1414314345
3104945048
406798884
323140889
162495223
1097233659
1331349280
4179291366
3226977679
1893943025
3065278231
2734422821
3457270927
570663479
2844542459
1251827280
4091278894
1949994511
79898292
1063544043
1298331707
1309363732
3816923185
1521713254
2607951726
850004472
4057336456
1130683180
2164382193
1270757813
627712718
4166568448
2672872115
1429568784
3931688478
590392881
437465859
1943573073
3986286849
3210268161
3666971401
1394960513
416768026
1374441825
2050832776
686535173
185274012
1457233192
1730184952
953212522
3229199702
1448339419
1803476886
2364281251
3048375990
140439255
909848772
3286135215
1251368294
1614102587
3180919993
2390994519
1437115271
1920970616
3338501501
3411325992
740753568
2020453734
1541872055
2674471650
550380435
2442890189
2381294697
1985433336
793472030
969649397
1328360954
3977562371
99255930
766467666
3426827660
3273659376
2906241044
1295994778
329598320
2544112008
2382909674
4030321968
3569088643
1935010764
1273393732
2095614846
2899288435
743453858
2769543875
3639561145
3351305337
4050888871
346197812
2362853160
1091359078
3018693054
2741169359
863237567
4180863170
612651032
747504899
3787747663
3800755275
3517798008
2250491425
4248553261
3549354219
517997164
3633433503
1812322559
2337088270
4145699786
981215453
3348791640
637584433
2539397682
498987200
3010925995
1866980073
3475832654
287272262
1221894904
522842993
2245323289
624985943
1384107609
107335373
3963797809
2897541021
3079765159
718204943
1779643902
304149559
4133079626
3021602236
2660785553
4016481415
2899891162
2139344462
404588684
39838560
3322728302
4266625209
4168358087
241982273
2872372949
80906556
1380727059
4197651024
3225135865
138975915
3656478516
3729123209
3916453119
4183754859
189935776
852743054
2682194739
276338237
2759319254
1931745498
3102943086
3022044410
1652513954
2908016544
3715195645
295363362
1008851266
2467955758
3098492771
580324576
826632864
3763112281
1173550776
671143983
3259415112
4118074629
3118461917
1082261194
2684398027
39795638
617907053
502986555
1360894621
2428396096
507392747
1731876751
202565000
4247328082
1436243399
3017698474
941646426
2819625417
53228037
218417030
567063068
3652397127
8499623
1791016572
408422554
3012351019
2064359543
1114283485
4002060234
3805073691
1134830047
2384186316
3106481486
1554919892
1618708403
3386451774
1166029293
4294966388
0
4294966164
4294966104
16893503
1
0
1
4294966388
0
4294967295
10
0
4294966164
16894043
2922324494
2390406975
0
4064037700
3911317688
358349617
2764434398
1464744293
416560311
817341159
2230024287
1475796271
2752620480
4256892533
2179661220
3907815402
251709668
1169953494
2854720811
1469172088
4035343461
1438430356
4294966388
0
4294967295
16958690
4294966696
1
0
16895289
10
4294967295
4294967295
0
3680372584
3732960601
4294966438
4294966388
4294966448
16893727
4294966448
0
4294967295
16894693
0
74737352
2820237335
1581178074
2710120608
4294966436
4294966388
4294966444
0
16866007
16866011
4294966388
0
16865719
1
16815493
4294966692
1980891185
4294966481
1
4294966448
1
1072930656
16866007
16866011
4294966444
1072928592
16865719
5
16815493
4294966748
1114195744
825229322
540094510
1919959336
540357152
875638834
807415072
959789620
691352378
1140853258
4194549781
2263008279
2065137493
1717240470
467153162
1756594029
2539531161
2786842830
4254566550
742951851
2268526299
689786413
153375165
1836446459
2026092755
2972113358
143274082
2430390456
2960717569
1457722625
2787841379
4230713635
1203279643
905995107
756746690
3435446303
138690465
3143889656
746607836
1731853679
244851642
3175895010
3111775931
3018936820
1444480295
2456809410
2456808898
2456809410
2456809410
2456809410
2456808898
2456809410
2456809410
2456809410
648784127
3555327081
4226735075
1973340079
2550120126
1
16888163
16958688
1
2
0
2863311530
2863311530
2863311530
1
71
16946642
1073201152
1072928592
1073201152
16783687
16958697
71
16946642
16866011
4294900736
4294940200
16777280
4294940200
16777280
16783128
1072930784
0
115200
1
16915212
1
0
0
0
0
0
0
0
1073201152
1073741824
471980
1072930656
1072928592
1056423872
1073676288
16384
0
0
842346801
12336
0
0
0
0
0
0
0
1641213712
1308245958
3091133091
4149388162
415758889
2972196413
3753421318
183299801
4294963276
4294939648
1
2123
2122
4294963808
4294939648
2123
512
4294963276
1
4294967168
4294901760
10356
4294963808
65539
4294901824
4294967104
4294963220
4294963276
118
4291829760
73
7528
512
4294963276
4294967104
0
4294967096
4294963808
0
0
20004
4294963276
4294963220
118
4291829760
5188
4294901824
913534339
38316
38312
20004
0
0
4294967168
0
0
0
0
0
2220
0
0
4294967168
1168
595878500
100
0
0
0
5
2122
512
1
503445503
121
4294964224
4294964736
0
2
0
0
0
1
1
43690
2048
2048
23928
1719
2417064471
2525625863
4128738765
4181340810
2073089253
3438066675
652464559
