7FFFF 40000 20000 15555 10000 0CCCD 0AAAB 09249 08000 071C7 06666 05D17 05555 04EC5 04925 04444
04000 03C3C 038E4 035E5 03333 030C3 02E8C 02C86 02AAB 028F6 02762 025ED 02492 0234F 02222 02108
02000 01F08 01E1E 01D42 01C72 01BAD 01AF3 01A42 0199A 018FA 01862 017D0 01746 016C1 01643 015CA
01555 014E6 0147B 01414 013B1 01352 012F7 0129E 01249 011F7 011A8 0115B 01111 010C9 01084 01041
01000 00FC1 00F84 00F49 00F0F 00ED7 00EA1 00E6C 00E39 00E07 00DD6 00DA7 00D79 00D4C 00D21 00CF6
00CCD 00CA4 00C7D 00C56 00C31 00C0C 00BE8 00BC5 00BA3 00B81 00B61 00B41 00B21 00B03 00AE5 00AC7
00AAB 00A8F 00A73 00A58 00A3D 00A23 00A0A 009F1 009D9 009C1 009A9 00992 0097B 00965 0094F 0093A
00925 00910 008FC 008E8 008D4 008C1 008AE 0089B 00889 00876 00865 00853 00842 00831 00821 00810
00800 007F0 007E0 007D1 007C2 007B3 007A4 00796 00788 00779 0076C 0075E 00750 00743 00736 00729
0071C 00710 00704 006F7 006EB 006DF 006D4 006C8 006BD 006B1 006A6 0069B 00690 00686 0067B 00671
00666 0065C 00652 00648 0063E 00635 0062B 00622 00618 0060F 00606 005FD 005F4 005EB 005E3 005DA
005D1 005C9 005C1 005B8 005B0 005A8 005A0 00598 00591 00589 00581 0057A 00572 0056B 00564 0055C
00555 0054E 00547 00540 00539 00533 0052C 00525 0051F 00518 00512 0050B 00505 004FF 004F9 004F2
004EC 004E6 004E0 004DA 004D5 004CF 004C9 004C3 004BE 004B8 004B2 004AD 004A8 004A2 0049D 00498
00492 0048D 00488 00483 0047E 00479 00474 0046F 0046A 00465 00460 0045C 00457 00452 0044D 00449
00444 00440 0043B 00437 00432 0042E 0042A 00425 00421 0041D 00419 00414 00410 0040C 00408 00404
00400 003FC 003F8 003F4 003F0 003EC 003E9 003E5 003E1 003DD 003DA 003D6 003D2 003CF 003CB 003C7
003C4 003C0 003BD 003B9 003B6 003B2 003AF 003AC 003A8 003A5 003A2 0039E 0039B 00398 00395 00391
0038E 0038B 00388 00385 00382 0037F 0037C 00379 00376 00373 00370 0036D 0036A 00367 00364 00361
0035E 0035B 00359 00356 00353 00350 0034E 0034B 00348 00346 00343 00340 0033E 0033B 00338 00336
00333 00331 0032E 0032C 00329 00327 00324 00322 0031F 0031D 0031A 00318 00316 00313 00311 0030F
0030C 0030A 00308 00305 00303 00301 002FF 002FC 002FA 002F8 002F6 002F3 002F1 002EF 002ED 002EB
002E9 002E7 002E5 002E2 002E0 002DE 002DC 002DA 002D8 002D6 002D4 002D2 002D0 002CE 002CC 002CA
002C8 002C6 002C4 002C3 002C1 002BF 002BD 002BB 002B9 002B7 002B6 002B4 002B2 002B0 002AE 002AC
002AB 002A9 002A7 002A5 002A4 002A2 002A0 0029E 0029D 0029B 00299 00298 00296 00294 00293 00291
0028F 0028E 0028C 0028A 00289 00287 00286 00284 00283 00281 0027F 0027E 0027C 0027B 00279 00278
00276 00275 00273 00272 00270 0026F 0026D 0026C 0026A 00269 00267 00266 00264 00263 00262 00260
0025F 0025D 0025C 0025B 00259 00258 00257 00255 00254 00252 00251 00250 0024E 0024D 0024C 0024A
00249 00248 00247 00245 00244 00243 00241 00240 0023F 0023E 0023C 0023B 0023A 00239 00237 00236
00235 00234 00233 00231 00230 0022F 0022E 0022D 0022B 0022A 00229 00228 00227 00226 00224 00223
00222 00221 00220 0021F 0021E 0021D 0021B 0021A 00219 00218 00217 00216 00215 00214 00213 00212
00211 0020F 0020E 0020D 0020C 0020B 0020A 00209 00208 00207 00206 00205 00204 00203 00202 00201
00200 001FF 001FE 001FD 001FC 001FB 001FA 001F9 001F8 001F7 001F6 001F5 001F4 001F3 001F2 001F1
001F0 001F0 001EF 001EE 001ED 001EC 001EB 001EA 001E9 001E8 001E7 001E6 001E5 001E5 001E4 001E3
001E2 001E1 001E0 001DF 001DE 001DD 001DD 001DC 001DB 001DA 001D9 001D8 001D7 001D7 001D6 001D5
001D4 001D3 001D2 001D2 001D1 001D0 001CF 001CE 001CE 001CD 001CC 001CB 001CA 001C9 001C9 001C8
001C7 001C6 001C6 001C5 001C4 001C3 001C2 001C2 001C1 001C0 001BF 001BF 001BE 001BD 001BC 001BC
001BB 001BA 001B9 001B9 001B8 001B7 001B6 001B6 001B5 001B4 001B3 001B3 001B2 001B1 001B1 001B0
001AF 001AE 001AE 001AD 001AC 001AC 001AB 001AA 001AA 001A9 001A8 001A7 001A7 001A6 001A5 001A5
001A4 001A3 001A3 001A2 001A1 001A1 001A0 0019F 0019F 0019E 0019D 0019D 0019C 0019C 0019B 0019A
0019A 00199 00198 00198 00197 00196 00196 00195 00195 00194 00193 00193 00192 00191 00191 00190
00190 0018F 0018E 0018E 0018D 0018D 0018C 0018B 0018B 0018A 0018A 00189 00188 00188 00187 00187
00186 00186 00185 00184 00184 00183 00183 00182 00182 00181 00180 00180 0017F 0017F 0017E 0017E
0017D 0017C 0017C 0017B 0017B 0017A 0017A 00179 00179 00178 00178 00177 00176 00176 00175 00175
00174 00174 00173 00173 00172 00172 00171 00171 00170 00170 0016F 0016F 0016E 0016E 0016D 0016D
0016C 0016C 0016B 0016B 0016A 0016A 00169 00169 00168 00168 00167 00167 00166 00166 00165 00165
00164 00164 00163 00163 00162 00162 00161 00161 00160 00160 0015F 0015F 0015E 0015E 0015E 0015D
0015D 0015C 0015C 0015B 0015B 0015A 0015A 00159 00159 00158 00158 00158 00157 00157 00156 00156
00155 00155 00154 00154 00154 00153 00153 00152 00152 00151 00151 00151 00150 00150 0014F 0014F
0014E 0014E 0014E 0014D 0014D 0014C 0014C 0014B 0014B 0014B 0014A 0014A 00149 00149 00149 00148
00148 00147 00147 00146 00146 00146 00145 00145 00144 00144 00144 00143 00143 00142 00142 00142
00141 00141 00140 00140 00140 0013F 0013F 0013F 0013E 0013E 0013D 0013D 0013D 0013C 0013C 0013B
0013B 0013B 0013A 0013A 0013A 00139 00139 00138 00138 00138 00137 00137 00137 00136 00136 00135
00135 00135 00134 00134 00134 00133 00133 00133 00132 00132 00132 00131 00131 00130 00130 00130
0012F 0012F 0012F 0012E 0012E 0012E 0012D 0012D 0012D 0012C 0012C 0012C 0012B 0012B 0012B 0012A
0012A 0012A 00129 00129 00129 00128 00128 00128 00127 00127 00127 00126 00126 00126 00125 00125
00125 00124 00124 00124 00123 00123 00123 00122 00122 00122 00121 00121 00121 00120 00120 00120
0011F 0011F 0011F 0011E 0011E 0011E 0011E 0011D 0011D 0011D 0011C 0011C 0011C 0011B 0011B 0011B
0011A 0011A 0011A 0011A 00119 00119 00119 00118 00118 00118 00117 00117 00117 00117 00116 00116
00116 00115 00115 00115 00115 00114 00114 00114 00113 00113 00113 00112 00112 00112 00112 00111
00111 00111 00110 00110 00110 00110 0010F 0010F 0010F 0010F 0010E 0010E 0010E 0010D 0010D 0010D
0010D 0010C 0010C 0010C 0010B 0010B 0010B 0010B 0010A 0010A 0010A 0010A 00109 00109 00109 00109
00108 00108 00108 00107 00107 00107 00107 00106 00106 00106 00106 00105 00105 00105 00105 00104
00104 00104 00104 00103 00103 00103 00103 00102 00102 00102 00102 00101 00101 00101 00101 00100
00100 00100 00100 000FF 000FF 000FF 000FF 000FE 000FE 000FE 000FE 000FD 000FD 000FD 000FD 000FC
000FC 000FC 000FC 000FB 000FB 000FB 000FB 000FA 000FA 000FA 000FA 000F9 000F9 000F9 000F9 000F8
000F8 000F8 000F8 000F8 000F7 000F7 000F7 000F7 000F6 000F6 000F6 000F6 000F5 000F5 000F5 000F5
000F5 000F4 000F4 000F4 000F4 000F3 000F3 000F3 000F3 000F3 000F2 000F2 000F2 000F2 000F1 000F1
000F1 000F1 000F0 000F0 000F0 000F0 000F0 000EF 000EF 000EF 000EF 000EF 000EE 000EE 000EE 000EE
000ED 000ED 000ED 000ED 000ED 000EC 000EC 000EC 000EC 000EC 000EB 000EB 000EB 000EB 000EA 000EA
000EA 000EA 000EA 000E9 000E9 000E9 000E9 000E9 000E8 000E8 000E8 000E8 000E8 000E7 000E7 000E7
000E7 000E7 000E6 000E6 000E6 000E6 000E6 000E5 000E5 000E5 000E5 000E5 000E4 000E4 000E4 000E4
000E4 000E3 000E3 000E3 000E3 000E3 000E2 000E2 000E2 000E2 000E2 000E1 000E1 000E1 000E1 000E1
000E0 000E0 000E0 000E0 000E0 000DF 000DF 000DF 000DF 000DF 000DF 000DE 000DE 000DE 000DE 000DE
000DD 000DD 000DD 000DD 000DD 000DC 000DC 000DC 000DC 000DC 000DC 000DB 000DB 000DB 000DB 000DB
000DA 000DA 000DA 000DA 000DA 000DA 000D9 000D9 000D9 000D9 000D9 000D8 000D8 000D8 000D8 000D8
000D8 000D7 000D7 000D7 000D7 000D7 000D7 000D6 000D6 000D6 000D6 000D6 000D5 000D5 000D5 000D5
000D5 000D5 000D4 000D4 000D4 000D4 000D4 000D4 000D3 000D3 000D3 000D3 000D3 000D3 000D2 000D2
000D2 000D2 000D2 000D2 000D1 000D1 000D1 000D1 000D1 000D1 000D0 000D0 000D0 000D0 000D0 000D0
000CF 000CF 000CF 000CF 000CF 000CF 000CE 000CE 000CE 000CE 000CE 000CE 000CD 000CD 000CD 000CD
000CD 000CD 000CC 000CC 000CC 000CC 000CC 000CC 000CC 000CB 000CB 000CB 000CB 000CB 000CB 000CA
000CA 000CA 000CA 000CA 000CA 000C9 000C9 000C9 000C9 000C9 000C9 000C9 000C8 000C8 000C8 000C8
000C8 000C8 000C8 000C7 000C7 000C7 000C7 000C7 000C7 000C6 000C6 000C6 000C6 000C6 000C6 000C6
000C5 000C5 000C5 000C5 000C5 000C5 000C5 000C4 000C4 000C4 000C4 000C4 000C4 000C3 000C3 000C3
000C3 000C3 000C3 000C3 000C2 000C2 000C2 000C2 000C2 000C2 000C2 000C1 000C1 000C1 000C1 000C1
000C1 000C1 000C0 000C0 000C0 000C0 000C0 000C0 000C0 000BF 000BF 000BF 000BF 000BF 000BF 000BF
000BF 000BE 000BE 000BE 000BE 000BE 000BE 000BE 000BD 000BD 000BD 000BD 000BD 000BD 000BD 000BC
000BC 000BC 000BC 000BC 000BC 000BC 000BC 000BB 000BB 000BB 000BB 000BB 000BB 000BB 000BA 000BA
000BA 000BA 000BA 000BA 000BA 000BA 000B9 000B9 000B9 000B9 000B9 000B9 000B9 000B8 000B8 000B8
000B8 000B8 000B8 000B8 000B8 000B7 000B7 000B7 000B7 000B7 000B7 000B7 000B7 000B6 000B6 000B6
000B6 000B6 000B6 000B6 000B6 000B5 000B5 000B5 000B5 000B5 000B5 000B5 000B5 000B4 000B4 000B4
000B4 000B4 000B4 000B4 000B4 000B3 000B3 000B3 000B3 000B3 000B3 000B3 000B3 000B2 000B2 000B2
000B2 000B2 000B2 000B2 000B2 000B1 000B1 000B1 000B1 000B1 000B1 000B1 000B1 000B1 000B0 000B0
000B0 000B0 000B0 000B0 000B0 000B0 000AF 000AF 000AF 000AF 000AF 000AF 000AF 000AF 000AF 000AE
000AE 000AE 000AE 000AE 000AE 000AE 000AE 000AD 000AD 000AD 000AD 000AD 000AD 000AD 000AD 000AD
000AC 000AC 000AC 000AC 000AC 000AC 000AC 000AC 000AC 000AB 000AB 000AB 000AB 000AB 000AB 000AB
000AB 000AB 000AA 000AA 000AA 000AA 000AA 000AA 000AA 000AA 000AA 000A9 000A9 000A9 000A9 000A9
000A9 000A9 000A9 000A9 000A8 000A8 000A8 000A8 000A8 000A8 000A8 000A8 000A8 000A8 000A7 000A7
000A7 000A7 000A7 000A7 000A7 000A7 000A7 000A6 000A6 000A6 000A6 000A6 000A6 000A6 000A6 000A6
000A5 000A5 000A5 000A5 000A5 000A5 000A5 000A5 000A5 000A5 000A4 000A4 000A4 000A4 000A4 000A4
000A4 000A4 000A4 000A4 000A3 000A3 000A3 000A3 000A3 000A3 000A3 000A3 000A3 000A3 000A2 000A2
000A2 000A2 000A2 000A2 000A2 000A2 000A2 000A2 000A1 000A1 000A1 000A1 000A1 000A1 000A1 000A1
000A1 000A1 000A0 000A0 000A0 000A0 000A0 000A0 000A0 000A0 000A0 000A0 0009F 0009F 0009F 0009F
0009F 0009F 0009F 0009F 0009F 0009F 0009E 0009E 0009E 0009E 0009E 0009E 0009E 0009E 0009E 0009E
0009E 0009D 0009D 0009D 0009D 0009D 0009D 0009D 0009D 0009D 0009D 0009D 0009C 0009C 0009C 0009C
0009C 0009C 0009C 0009C 0009C 0009C 0009B 0009B 0009B 0009B 0009B 0009B 0009B 0009B 0009B 0009B
0009B 0009A 0009A 0009A 0009A 0009A 0009A 0009A 0009A 0009A 0009A 0009A 00099 00099 00099 00099
00099 00099 00099 00099 00099 00099 00099 00098 00098 00098 00098 00098 00098 00098 00098 00098
00098 00098 00098 00097 00097 00097 00097 00097 00097 00097 00097 00097 00097 00097 00096 00096
00096 00096 00096 00096 00096 00096 00096 00096 00096 00096 00095 00095 00095 00095 00095 00095
00095 00095 00095 00095 00095 00095 00094 00094 00094 00094 00094 00094 00094 00094 00094 00094
00094 00094 00093 00093 00093 00093 00093 00093 00093 00093 00093 00093 00093 00093 00092 00092
00092 00092 00092 00092 00092 00092 00092 00092 00092 00092 00091 00091 00091 00091 00091 00091
00091 00091 00091 00091 00091 00091 00091 00090 00090 00090 00090 00090 00090 00090 00090 00090
00090 00090 00090 0008F 0008F 0008F 0008F 0008F 0008F 0008F 0008F 0008F 0008F 0008F 0008F 0008F
0008E 0008E 0008E 0008E 0008E 0008E 0008E 0008E 0008E 0008E 0008E 0008E 0008E 0008D 0008D 0008D
0008D 0008D 0008D 0008D 0008D 0008D 0008D 0008D 0008D 0008D 0008C 0008C 0008C 0008C 0008C 0008C
0008C 0008C 0008C 0008C 0008C 0008C 0008C 0008C 0008B 0008B 0008B 0008B 0008B 0008B 0008B 0008B
0008B 0008B 0008B 0008B 0008B 0008A 0008A 0008A 0008A 0008A 0008A 0008A 0008A 0008A 0008A 0008A
0008A 0008A 0008A 00089 00089 00089 00089 00089 00089 00089 00089 00089 00089 00089 00089 00089
00089 00088 00088 00088 00088 00088 00088 00088 00088 00088 00088 00088 00088 00088 00088 00087
00087 00087 00087 00087 00087 00087 00087 00087 00087 00087 00087 00087 00087 00087 00086 00086
00086 00086 00086 00086 00086 00086 00086 00086 00086 00086 00086 00086 00085 00085 00085 00085
00085 00085 00085 00085 00085 00085 00085 00085 00085 00085 00085 00084 00084 00084 00084 00084
00084 00084 00084 00084 00084 00084 00084 00084 00084 00084 00083 00083 00083 00083 00083 00083
00083 00083 00083 00083 00083 00083 00083 00083 00083 00082 00082 00082 00082 00082 00082 00082
00082 00082 00082 00082 00082 00082 00082 00082 00082 00081 00081 00081 00081 00081 00081 00081
00081 00081 00081 00081 00081 00081 00081 00081 00081 00080 00080 00080 00080 00080 00080 00080
00080 00080 00080 00080 00080 00080 00080 00080 00080 0007F 0007F 0007F 0007F 0007F 0007F 0007F
0007F 0007F 0007F 0007F 0007F 0007F 0007F 0007F 0007F 0007E 0007E 0007E 0007E 0007E 0007E 0007E
0007E 0007E 0007E 0007E 0007E 0007E 0007E 0007E 0007E 0007D 0007D 0007D 0007D 0007D 0007D 0007D
0007D 0007D 0007D 0007D 0007D 0007D 0007D 0007D 0007D 0007D 0007C 0007C 0007C 0007C 0007C 0007C
0007C 0007C 0007C 0007C 0007C 0007C 0007C 0007C 0007C 0007C 0007C 0007B 0007B 0007B 0007B 0007B
0007B 0007B 0007B 0007B 0007B 0007B 0007B 0007B 0007B 0007B 0007B 0007B 0007A 0007A 0007A 0007A
0007A 0007A 0007A 0007A 0007A 0007A 0007A 0007A 0007A 0007A 0007A 0007A 0007A 0007A 00079 00079
00079 00079 00079 00079 00079 00079 00079 00079 00079 00079 00079 00079 00079 00079 00079 00079
00078 00078 00078 00078 00078 00078 00078 00078 00078 00078 00078 00078 00078 00078 00078 00078
00078 00078 00077 00077 00077 00077 00077 00077 00077 00077 00077 00077 00077 00077 00077 00077
00077 00077 00077 00077 00077 00076 00076 00076 00076 00076 00076 00076 00076 00076 00076 00076
00076 00076 00076 00076 00076 00076 00076 00076 00075 00075 00075 00075 00075 00075 00075 00075
00075 00075 00075 00075 00075 00075 00075 00075 00075 00075 00075 00074 00074 00074 00074 00074
00074 00074 00074 00074 00074 00074 00074 00074 00074 00074 00074 00074 00074 00074 00073 00073
00073 00073 00073 00073 00073 00073 00073 00073 00073 00073 00073 00073 00073 00073 00073 00073
00073 00073 00072 00072 00072 00072 00072 00072 00072 00072 00072 00072 00072 00072 00072 00072
00072 00072 00072 00072 00072 00072 00071 00071 00071 00071 00071 00071 00071 00071 00071 00071
00071 00071 00071 00071 00071 00071 00071 00071 00071 00071 00071 00070 00070 00070 00070 00070
00070 00070 00070 00070 00070 00070 00070 00070 00070 00070 00070 00070 00070 00070 00070 00070
0006F 0006F 0006F 0006F 0006F 0006F 0006F 0006F 0006F 0006F 0006F 0006F 0006F 0006F 0006F 0006F
0006F 0006F 0006F 0006F 0006F 0006E 0006E 0006E 0006E 0006E 0006E 0006E 0006E 0006E 0006E 0006E
0006E 0006E 0006E 0006E 0006E 0006E 0006E 0006E 0006E 0006E 0006E 0006D 0006D 0006D 0006D 0006D
0006D 0006D 0006D 0006D 0006D 0006D 0006D 0006D 0006D 0006D 0006D 0006D 0006D 0006D 0006D 0006D
0006D 0006C 0006C 0006C 0006C 0006C 0006C 0006C 0006C 0006C 0006C 0006C 0006C 0006C 0006C 0006C
0006C 0006C 0006C 0006C 0006C 0006C 0006C 0006B 0006B 0006B 0006B 0006B 0006B 0006B 0006B 0006B
0006B 0006B 0006B 0006B 0006B 0006B 0006B 0006B 0006B 0006B 0006B 0006B 0006B 0006B 0006A 0006A
0006A 0006A 0006A 0006A 0006A 0006A 0006A 0006A 0006A 0006A 0006A 0006A 0006A 0006A 0006A 0006A
0006A 0006A 0006A 0006A 0006A 00069 00069 00069 00069 00069 00069 00069 00069 00069 00069 00069
00069 00069 00069 00069 00069 00069 00069 00069 00069 00069 00069 00069 00069 00068 00068 00068
00068 00068 00068 00068 00068 00068 00068 00068 00068 00068 00068 00068 00068 00068 00068 00068
00068 00068 00068 00068 00068 00067 00067 00067 00067 00067 00067 00067 00067 00067 00067 00067
00067 00067 00067 00067 00067 00067 00067 00067 00067 00067 00067 00067 00067 00067 00066 00066
00066 00066 00066 00066 00066 00066 00066 00066 00066 00066 00066 00066 00066 00066 00066 00066
00066 00066 00066 00066 00066 00066 00066 00065 00065 00065 00065 00065 00065 00065 00065 00065
00065 00065 00065 00065 00065 00065 00065 00065 00065 00065 00065 00065 00065 00065 00065 00065
00065 00064 00064 00064 00064 00064 00064 00064 00064 00064 00064 00064 00064 00064 00064 00064
00064 00064 00064 00064 00064 00064 00064 00064 00064 00064 00064 00063 00063 00063 00063 00063
00063 00063 00063 00063 00063 00063 00063 00063 00063 00063 00063 00063 00063 00063 00063 00063
00063 00063 00063 00063 00063 00063 00062 00062 00062 00062 00062 00062 00062 00062 00062 00062
00062 00062 00062 00062 00062 00062 00062 00062 00062 00062 00062 00062 00062 00062 00062 00062
00062 00061 00061 00061 00061 00061 00061 00061 00061 00061 00061 00061 00061 00061 00061 00061
00061 00061 00061 00061 00061 00061 00061 00061 00061 00061 00061 00061 00061 00060 00060 00060
00060 00060 00060 00060 00060 00060 00060 00060 00060 00060 00060 00060 00060 00060 00060 00060
00060 00060 00060 00060 00060 00060 00060 00060 00060 0005F 0005F 0005F 0005F 0005F 0005F 0005F
0005F 0005F 0005F 0005F 0005F 0005F 0005F 0005F 0005F 0005F 0005F 0005F 0005F 0005F 0005F 0005F
0005F 0005F 0005F 0005F 0005F 0005F 0005F 0005E 0005E 0005E 0005E 0005E 0005E 0005E 0005E 0005E
0005E 0005E 0005E 0005E 0005E 0005E 0005E 0005E 0005E 0005E 0005E 0005E 0005E 0005E 0005E 0005E
0005E 0005E 0005E 0005E 0005D 0005D 0005D 0005D 0005D 0005D 0005D 0005D 0005D 0005D 0005D 0005D
0005D 0005D 0005D 0005D 0005D 0005D 0005D 0005D 0005D 0005D 0005D 0005D 0005D 0005D 0005D 0005D
0005D 0005D 0005C 0005C 0005C 0005C 0005C 0005C 0005C 0005C 0005C 0005C 0005C 0005C 0005C 0005C
0005C 0005C 0005C 0005C 0005C 0005C 0005C 0005C 0005C 0005C 0005C 0005C 0005C 0005C 0005C 0005C
0005C 0005B 0005B 0005B 0005B 0005B 0005B 0005B 0005B 0005B 0005B 0005B 0005B 0005B 0005B 0005B
0005B 0005B 0005B 0005B 0005B 0005B 0005B 0005B 0005B 0005B 0005B 0005B 0005B 0005B 0005B 0005B
0005B 0005A 0005A 0005A 0005A 0005A 0005A 0005A 0005A 0005A 0005A 0005A 0005A 0005A 0005A 0005A
0005A 0005A 0005A 0005A 0005A 0005A 0005A 0005A 0005A 0005A 0005A 0005A 0005A 0005A 0005A 0005A
0005A 00059 00059 00059 00059 00059 00059 00059 00059 00059 00059 00059 00059 00059 00059 00059
00059 00059 00059 00059 00059 00059 00059 00059 00059 00059 00059 00059 00059 00059 00059 00059
00059 00059 00059 00058 00058 00058 00058 00058 00058 00058 00058 00058 00058 00058 00058 00058
00058 00058 00058 00058 00058 00058 00058 00058 00058 00058 00058 00058 00058 00058 00058 00058
00058 00058 00058 00058 00057 00057 00057 00057 00057 00057 00057 00057 00057 00057 00057 00057
00057 00057 00057 00057 00057 00057 00057 00057 00057 00057 00057 00057 00057 00057 00057 00057
00057 00057 00057 00057 00057 00057 00057 00056 00056 00056 00056 00056 00056 00056 00056 00056
00056 00056 00056 00056 00056 00056 00056 00056 00056 00056 00056 00056 00056 00056 00056 00056
00056 00056 00056 00056 00056 00056 00056 00056 00056 00056 00056 00055 00055 00055 00055 00055
00055 00055 00055 00055 00055 00055 00055 00055 00055 00055 00055 00055 00055 00055 00055 00055
00055 00055 00055 00055 00055 00055 00055 00055 00055 00055 00055 00055 00055 00055 00055 00054
00054 00054 00054 00054 00054 00054 00054 00054 00054 00054 00054 00054 00054 00054 00054 00054
00054 00054 00054 00054 00054 00054 00054 00054 00054 00054 00054 00054 00054 00054 00054 00054
00054 00054 00054 00054 00053 00053 00053 00053 00053 00053 00053 00053 00053 00053 00053 00053
00053 00053 00053 00053 00053 00053 00053 00053 00053 00053 00053 00053 00053 00053 00053 00053
00053 00053 00053 00053 00053 00053 00053 00053 00053 00053 00052 00052 00052 00052 00052 00052
00052 00052 00052 00052 00052 00052 00052 00052 00052 00052 00052 00052 00052 00052 00052 00052
00052 00052 00052 00052 00052 00052 00052 00052 00052 00052 00052 00052 00052 00052 00052 00052
00052 00051 00051 00051 00051 00051 00051 00051 00051 00051 00051 00051 00051 00051 00051 00051
00051 00051 00051 00051 00051 00051 00051 00051 00051 00051 00051 00051 00051 00051 00051 00051
00051 00051 00051 00051 00051 00051 00051 00051 00051 00050 00050 00050 00050 00050 00050 00050
00050 00050 00050 00050 00050 00050 00050 00050 00050 00050 00050 00050 00050 00050 00050 00050
00050 00050 00050 00050 00050 00050 00050 00050 00050 00050 00050 00050 00050 00050 00050 00050
00050 00050 0004F 0004F 0004F 0004F 0004F 0004F 0004F 0004F 0004F 0004F 0004F 0004F 0004F 0004F
0004F 0004F 0004F 0004F 0004F 0004F 0004F 0004F 0004F 0004F 0004F 0004F 0004F 0004F 0004F 0004F
0004F 0004F 0004F 0004F 0004F 0004F 0004F 0004F 0004F 0004F 0004F 0004F 0004E 0004E 0004E 0004E
0004E 0004E 0004E 0004E 0004E 0004E 0004E 0004E 0004E 0004E 0004E 0004E 0004E 0004E 0004E 0004E
0004E 0004E 0004E 0004E 0004E 0004E 0004E 0004E 0004E 0004E 0004E 0004E 0004E 0004E 0004E 0004E
0004E 0004E 0004E 0004E 0004E 0004E 0004E 0004D 0004D 0004D 0004D 0004D 0004D 0004D 0004D 0004D
0004D 0004D 0004D 0004D 0004D 0004D 0004D 0004D 0004D 0004D 0004D 0004D 0004D 0004D 0004D 0004D
0004D 0004D 0004D 0004D 0004D 0004D 0004D 0004D 0004D 0004D 0004D 0004D 0004D 0004D 0004D 0004D
0004D 0004D 0004D 0004C 0004C 0004C 0004C 0004C 0004C 0004C 0004C 0004C 0004C 0004C 0004C 0004C
0004C 0004C 0004C 0004C 0004C 0004C 0004C 0004C 0004C 0004C 0004C 0004C 0004C 0004C 0004C 0004C
0004C 0004C 0004C 0004C 0004C 0004C 0004C 0004C 0004C 0004C 0004C 0004C 0004C 0004C 0004C 0004C
0004C 0004B 0004B 0004B 0004B 0004B 0004B 0004B 0004B 0004B 0004B 0004B 0004B 0004B 0004B 0004B
0004B 0004B 0004B 0004B 0004B 0004B 0004B 0004B 0004B 0004B 0004B 0004B 0004B 0004B 0004B 0004B
0004B 0004B 0004B 0004B 0004B 0004B 0004B 0004B 0004B 0004B 0004B 0004B 0004B 0004B 0004B 0004A
0004A 0004A 0004A 0004A 0004A 0004A 0004A 0004A 0004A 0004A 0004A 0004A 0004A 0004A 0004A 0004A
0004A 0004A 0004A 0004A 0004A 0004A 0004A 0004A 0004A 0004A 0004A 0004A 0004A 0004A 0004A 0004A
0004A 0004A 0004A 0004A 0004A 0004A 0004A 0004A 0004A 0004A 0004A 0004A 0004A 0004A 0004A 00049
00049 00049 00049 00049 00049 00049 00049 00049 00049 00049 00049 00049 00049 00049 00049 00049
00049 00049 00049 00049 00049 00049 00049 00049 00049 00049 00049 00049 00049 00049 00049 00049
00049 00049 00049 00049 00049 00049 00049 00049 00049 00049 00049 00049 00049 00049 00049 00049
00048 00048 00048 00048 00048 00048 00048 00048 00048 00048 00048 00048 00048 00048 00048 00048
00048 00048 00048 00048 00048 00048 00048 00048 00048 00048 00048 00048 00048 00048 00048 00048
00048 00048 00048 00048 00048 00048 00048 00048 00048 00048 00048 00048 00048 00048 00048 00048
00048 00048 00048 00047 00047 00047 00047 00047 00047 00047 00047 00047 00047 00047 00047 00047
00047 00047 00047 00047 00047 00047 00047 00047 00047 00047 00047 00047 00047 00047 00047 00047
00047 00047 00047 00047 00047 00047 00047 00047 00047 00047 00047 00047 00047 00047 00047 00047
00047 00047 00047 00047 00047 00047 00047 00046 00046 00046 00046 00046 00046 00046 00046 00046
00046 00046 00046 00046 00046 00046 00046 00046 00046 00046 00046 00046 00046 00046 00046 00046
00046 00046 00046 00046 00046 00046 00046 00046 00046 00046 00046 00046 00046 00046 00046 00046
00046 00046 00046 00046 00046 00046 00046 00046 00046 00046 00046 00046 00045 00045 00045 00045
00045 00045 00045 00045 00045 00045 00045 00045 00045 00045 00045 00045 00045 00045 00045 00045
00045 00045 00045 00045 00045 00045 00045 00045 00045 00045 00045 00045 00045 00045 00045 00045
00045 00045 00045 00045 00045 00045 00045 00045 00045 00045 00045 00045 00045 00045 00045 00045
00045 00045 00045 00044 00044 00044 00044 00044 00044 00044 00044 00044 00044 00044 00044 00044
00044 00044 00044 00044 00044 00044 00044 00044 00044 00044 00044 00044 00044 00044 00044 00044
00044 00044 00044 00044 00044 00044 00044 00044 00044 00044 00044 00044 00044 00044 00044 00044
00044 00044 00044 00044 00044 00044 00044 00044 00044 00044 00044 00044 00043 00043 00043 00043
00043 00043 00043 00043 00043 00043 00043 00043 00043 00043 00043 00043 00043 00043 00043 00043
00043 00043 00043 00043 00043 00043 00043 00043 00043 00043 00043 00043 00043 00043 00043 00043
00043 00043 00043 00043 00043 00043 00043 00043 00043 00043 00043 00043 00043 00043 00043 00043
00043 00043 00043 00043 00043 00043 00043 00042 00042 00042 00042 00042 00042 00042 00042 00042
00042 00042 00042 00042 00042 00042 00042 00042 00042 00042 00042 00042 00042 00042 00042 00042
00042 00042 00042 00042 00042 00042 00042 00042 00042 00042 00042 00042 00042 00042 00042 00042
00042 00042 00042 00042 00042 00042 00042 00042 00042 00042 00042 00042 00042 00042 00042 00042
00042 00042 00042 00041 00041 00041 00041 00041 00041 00041 00041 00041 00041 00041 00041 00041
00041 00041 00041 00041 00041 00041 00041 00041 00041 00041 00041 00041 00041 00041 00041 00041
00041 00041 00041 00041 00041 00041 00041 00041 00041 00041 00041 00041 00041 00041 00041 00041
00041 00041 00041 00041 00041 00041 00041 00041 00041 00041 00041 00041 00041 00041 00041 00041
00041 00040 00040 00040 00040 00040 00040 00040 00040 00040 00040 00040 00040 00040 00040 00040
00040 00040 00040 00040 00040 00040 00040 00040 00040 00040 00040 00040 00040 00040 00040 00040
00040 00040 00040 00040 00040 00040 00040 00040 00040 00040 00040 00040 00040 00040 00040 00040
00040 00040 00040 00040 00040 00040 00040 00040 00040 00040 00040 00040 00040 00040 00040 00040
00040 0003F 0003F 0003F 0003F 0003F 0003F 0003F 0003F 0003F 0003F 0003F 0003F 0003F 0003F 0003F
0003F 0003F 0003F 0003F 0003F 0003F 0003F 0003F 0003F 0003F 0003F 0003F 0003F 0003F 0003F 0003F
0003F 0003F 0003F 0003F 0003F 0003F 0003F 0003F 0003F 0003F 0003F 0003F 0003F 0003F 0003F 0003F
0003F 0003F 0003F 0003F 0003F 0003F 0003F 0003F 0003F 0003F 0003F 0003F 0003F 0003F 0003F 0003F
0003F 0003F 0003F 0003E 0003E 0003E 0003E 0003E 0003E 0003E 0003E 0003E 0003E 0003E 0003E 0003E
0003E 0003E 0003E 0003E 0003E 0003E 0003E 0003E 0003E 0003E 0003E 0003E 0003E 0003E 0003E 0003E
0003E 0003E 0003E 0003E 0003E 0003E 0003E 0003E 0003E 0003E 0003E 0003E 0003E 0003E 0003E 0003E
0003E 0003E 0003E 0003E 0003E 0003E 0003E 0003E 0003E 0003E 0003E 0003E 0003E 0003E 0003E 0003E
0003E 0003E 0003E 0003E 0003E 0003E 0003E 0003D 0003D 0003D 0003D 0003D 0003D 0003D 0003D 0003D
0003D 0003D 0003D 0003D 0003D 0003D 0003D 0003D 0003D 0003D 0003D 0003D 0003D 0003D 0003D 0003D
0003D 0003D 0003D 0003D 0003D 0003D 0003D 0003D 0003D 0003D 0003D 0003D 0003D 0003D 0003D 0003D
0003D 0003D 0003D 0003D 0003D 0003D 0003D 0003D 0003D 0003D 0003D 0003D 0003D 0003D 0003D 0003D
0003D 0003D 0003D 0003D 0003D 0003D 0003D 0003D 0003D 0003D 0003D 0003D 0003D 0003C 0003C 0003C
0003C 0003C 0003C 0003C 0003C 0003C 0003C 0003C 0003C 0003C 0003C 0003C 0003C 0003C 0003C 0003C
0003C 0003C 0003C 0003C 0003C 0003C 0003C 0003C 0003C 0003C 0003C 0003C 0003C 0003C 0003C 0003C
0003C 0003C 0003C 0003C 0003C 0003C 0003C 0003C 0003C 0003C 0003C 0003C 0003C 0003C 0003C 0003C
0003C 0003C 0003C 0003C 0003C 0003C 0003C 0003C 0003C 0003C 0003C 0003C 0003C 0003C 0003C 0003C
0003C 0003C 0003C 0003C 0003C 0003C 0003B 0003B 0003B 0003B 0003B 0003B 0003B 0003B 0003B 0003B
0003B 0003B 0003B 0003B 0003B 0003B 0003B 0003B 0003B 0003B 0003B 0003B 0003B 0003B 0003B 0003B
0003B 0003B 0003B 0003B 0003B 0003B 0003B 0003B 0003B 0003B 0003B 0003B 0003B 0003B 0003B 0003B
0003B 0003B 0003B 0003B 0003B 0003B 0003B 0003B 0003B 0003B 0003B 0003B 0003B 0003B 0003B 0003B
0003B 0003B 0003B 0003B 0003B 0003B 0003B 0003B 0003B 0003B 0003B 0003B 0003B 0003B 0003B 0003B
0003B 0003B 0003A 0003A 0003A 0003A 0003A 0003A 0003A 0003A 0003A 0003A 0003A 0003A 0003A 0003A
0003A 0003A 0003A 0003A 0003A 0003A 0003A 0003A 0003A 0003A 0003A 0003A 0003A 0003A 0003A 0003A
0003A 0003A 0003A 0003A 0003A 0003A 0003A 0003A 0003A 0003A 0003A 0003A 0003A 0003A 0003A 0003A
0003A 0003A 0003A 0003A 0003A 0003A 0003A 0003A 0003A 0003A 0003A 0003A 0003A 0003A 0003A 0003A
0003A 0003A 0003A 0003A 0003A 0003A 0003A 0003A 0003A 0003A 0003A 0003A 0003A 0003A 0003A 0003A
00039 00039 00039 00039 00039 00039 00039 00039 00039 00039 00039 00039 00039 00039 00039 00039
00039 00039 00039 00039 00039 00039 00039 00039 00039 00039 00039 00039 00039 00039 00039 00039
00039 00039 00039 00039 00039 00039 00039 00039 00039 00039 00039 00039 00039 00039 00039 00039
00039 00039 00039 00039 00039 00039 00039 00039 00039 00039 00039 00039 00039 00039 00039 00039
00039 00039 00039 00039 00039 00039 00039 00039 00039 00039 00039 00039 00039 00039 00039 00039
00038 00038 00038 00038 00038 00038 00038 00038 00038 00038 00038 00038 00038 00038 00038 00038
00038 00038 00038 00038 00038 00038 00038 00038 00038 00038 00038 00038 00038 00038 00038 00038
00038 00038 00038 00038 00038 00038 00038 00038 00038 00038 00038 00038 00038 00038 00038 00038
00038 00038 00038 00038 00038 00038 00038 00038 00038 00038 00038 00038 00038 00038 00038 00038
00038 00038 00038 00038 00038 00038 00038 00038 00038 00038 00038 00038 00038 00038 00038 00038
00038 00038 00038 00038 00037 00037 00037 00037 00037 00037 00037 00037 00037 00037 00037 00037
00037 00037 00037 00037 00037 00037 00037 00037 00037 00037 00037 00037 00037 00037 00037 00037
00037 00037 00037 00037 00037 00037 00037 00037 00037 00037 00037 00037 00037 00037 00037 00037
00037 00037 00037 00037 00037 00037 00037 00037 00037 00037 00037 00037 00037 00037 00037 00037
00037 00037 00037 00037 00037 00037 00037 00037 00037 00037 00037 00037 00037 00037 00037 00037
00037 00037 00037 00037 00037 00037 00037 00037 00037 00037 00036 00036 00036 00036 00036 00036
00036 00036 00036 00036 00036 00036 00036 00036 00036 00036 00036 00036 00036 00036 00036 00036
00036 00036 00036 00036 00036 00036 00036 00036 00036 00036 00036 00036 00036 00036 00036 00036
00036 00036 00036 00036 00036 00036 00036 00036 00036 00036 00036 00036 00036 00036 00036 00036
00036 00036 00036 00036 00036 00036 00036 00036 00036 00036 00036 00036 00036 00036 00036 00036
00036 00036 00036 00036 00036 00036 00036 00036 00036 00036 00036 00036 00036 00036 00036 00036
00036 00036 00036 00036 00035 00035 00035 00035 00035 00035 00035 00035 00035 00035 00035 00035
00035 00035 00035 00035 00035 00035 00035 00035 00035 00035 00035 00035 00035 00035 00035 00035
00035 00035 00035 00035 00035 00035 00035 00035 00035 00035 00035 00035 00035 00035 00035 00035
00035 00035 00035 00035 00035 00035 00035 00035 00035 00035 00035 00035 00035 00035 00035 00035
00035 00035 00035 00035 00035 00035 00035 00035 00035 00035 00035 00035 00035 00035 00035 00035
00035 00035 00035 00035 00035 00035 00035 00035 00035 00035 00035 00035 00035 00035 00035 00035
00035 00035 00034 00034 00034 00034 00034 00034 00034 00034 00034 00034 00034 00034 00034 00034
00034 00034 00034 00034 00034 00034 00034 00034 00034 00034 00034 00034 00034 00034 00034 00034
00034 00034 00034 00034 00034 00034 00034 00034 00034 00034 00034 00034 00034 00034 00034 00034
00034 00034 00034 00034 00034 00034 00034 00034 00034 00034 00034 00034 00034 00034 00034 00034
00034 00034 00034 00034 00034 00034 00034 00034 00034 00034 00034 00034 00034 00034 00034 00034
00034 00034 00034 00034 00034 00034 00034 00034 00034 00034 00034 00034 00034 00034 00034 00034
00034 00034 00034 00033 00033 00033 00033 00033 00033 00033 00033 00033 00033 00033 00033 00033
00033 00033 00033 00033 00033 00033 00033 00033 00033 00033 00033 00033 00033 00033 00033 00033
00033 00033 00033 00033 00033 00033 00033 00033 00033 00033 00033 00033 00033 00033 00033 00033
00033 00033 00033 00033 00033 00033 00033 00033 00033 00033 00033 00033 00033 00033 00033 00033
00033 00033 00033 00033 00033 00033 00033 00033 00033 00033 00033 00033 00033 00033 00033 00033
00033 00033 00033 00033 00033 00033 00033 00033 00033 00033 00033 00033 00033 00033 00033 00033
00033 00033 00033 00033 00033 00033 00033 00032 00032 00032 00032 00032 00032 00032 00032 00032
00032 00032 00032 00032 00032 00032 00032 00032 00032 00032 00032 00032 00032 00032 00032 00032
00032 00032 00032 00032 00032 00032 00032 00032 00032 00032 00032 00032 00032 00032 00032 00032
00032 00032 00032 00032 00032 00032 00032 00032 00032 00032 00032 00032 00032 00032 00032 00032
00032 00032 00032 00032 00032 00032 00032 00032 00032 00032 00032 00032 00032 00032 00032 00032
00032 00032 00032 00032 00032 00032 00032 00032 00032 00032 00032 00032 00032 00032 00032 00032
00032 00032 00032 00032 00032 00032 00032 00032 00032 00032 00032 00032 00032 00032 00032 00032
00031 00031 00031 00031 00031 00031 00031 00031 00031 00031 00031 00031 00031 00031 00031 00031
00031 00031 00031 00031 00031 00031 00031 00031 00031 00031 00031 00031 00031 00031 00031 00031
00031 00031 00031 00031 00031 00031 00031 00031 00031 00031 00031 00031 00031 00031 00031 00031
00031 00031 00031 00031 00031 00031 00031 00031 00031 00031 00031 00031 00031 00031 00031 00031
00031 00031 00031 00031 00031 00031 00031 00031 00031 00031 00031 00031 00031 00031 00031 00031
00031 00031 00031 00031 00031 00031 00031 00031 00031 00031 00031 00031 00031 00031 00031 00031
00031 00031 00031 00031 00031 00031 00031 00031 00031 00031 00031 00031 00031 00031 00030 00030
00030 00030 00030 00030 00030 00030 00030 00030 00030 00030 00030 00030 00030 00030 00030 00030
00030 00030 00030 00030 00030 00030 00030 00030 00030 00030 00030 00030 00030 00030 00030 00030
00030 00030 00030 00030 00030 00030 00030 00030 00030 00030 00030 00030 00030 00030 00030 00030
00030 00030 00030 00030 00030 00030 00030 00030 00030 00030 00030 00030 00030 00030 00030 00030
00030 00030 00030 00030 00030 00030 00030 00030 00030 00030 00030 00030 00030 00030 00030 00030
00030 00030 00030 00030 00030 00030 00030 00030 00030 00030 00030 00030 00030 00030 00030 00030
00030 00030 00030 00030 00030 00030 00030 00030 00030 00030 00030 00030 00030 00030 00030 0002F
0002F 0002F 0002F 0002F 0002F 0002F 0002F 0002F 0002F 0002F 0002F 0002F 0002F 0002F 0002F 0002F
0002F 0002F 0002F 0002F 0002F 0002F 0002F 0002F 0002F 0002F 0002F 0002F 0002F 0002F 0002F 0002F
0002F 0002F 0002F 0002F 0002F 0002F 0002F 0002F 0002F 0002F 0002F 0002F 0002F 0002F 0002F 0002F
0002F 0002F 0002F 0002F 0002F 0002F 0002F 0002F 0002F 0002F 0002F 0002F 0002F 0002F 0002F 0002F
0002F 0002F 0002F 0002F 0002F 0002F 0002F 0002F 0002F 0002F 0002F 0002F 0002F 0002F 0002F 0002F
0002F 0002F 0002F 0002F 0002F 0002F 0002F 0002F 0002F 0002F 0002F 0002F 0002F 0002F 0002F 0002F
0002F 0002F 0002F 0002F 0002F 0002F 0002F 0002F 0002F 0002F 0002F 0002F 0002F 0002F 0002F 0002F
0002F 0002F 0002F 0002F 0002F 0002F 0002E 0002E 0002E 0002E 0002E 0002E 0002E 0002E 0002E 0002E
0002E 0002E 0002E 0002E 0002E 0002E 0002E 0002E 0002E 0002E 0002E 0002E 0002E 0002E 0002E 0002E
0002E 0002E 0002E 0002E 0002E 0002E 0002E 0002E 0002E 0002E 0002E 0002E 0002E 0002E 0002E 0002E
0002E 0002E 0002E 0002E 0002E 0002E 0002E 0002E 0002E 0002E 0002E 0002E 0002E 0002E 0002E 0002E
0002E 0002E 0002E 0002E 0002E 0002E 0002E 0002E 0002E 0002E 0002E 0002E 0002E 0002E 0002E 0002E
0002E 0002E 0002E 0002E 0002E 0002E 0002E 0002E 0002E 0002E 0002E 0002E 0002E 0002E 0002E 0002E
0002E 0002E 0002E 0002E 0002E 0002E 0002E 0002E 0002E 0002E 0002E 0002E 0002E 0002E 0002E 0002E
0002E 0002E 0002E 0002E 0002E 0002E 0002E 0002E 0002E 0002E 0002E 0002E 0002E 0002E 0002E 0002E
0002E 0002E 0002D 0002D 0002D 0002D 0002D 0002D 0002D 0002D 0002D 0002D 0002D 0002D 0002D 0002D
0002D 0002D 0002D 0002D 0002D 0002D 0002D 0002D 0002D 0002D 0002D 0002D 0002D 0002D 0002D 0002D
0002D 0002D 0002D 0002D 0002D 0002D 0002D 0002D 0002D 0002D 0002D 0002D 0002D 0002D 0002D 0002D
0002D 0002D 0002D 0002D 0002D 0002D 0002D 0002D 0002D 0002D 0002D 0002D 0002D 0002D 0002D 0002D
0002D 0002D 0002D 0002D 0002D 0002D 0002D 0002D 0002D 0002D 0002D 0002D 0002D 0002D 0002D 0002D
0002D 0002D 0002D 0002D 0002D 0002D 0002D 0002D 0002D 0002D 0002D 0002D 0002D 0002D 0002D 0002D
0002D 0002D 0002D 0002D 0002D 0002D 0002D 0002D 0002D 0002D 0002D 0002D 0002D 0002D 0002D 0002D
0002D 0002D 0002D 0002D 0002D 0002D 0002D 0002D 0002D 0002D 0002D 0002D 0002D 0002D 0002D 0002D
0002D 0002D 0002D 0002C 0002C 0002C 0002C 0002C 0002C 0002C 0002C 0002C 0002C 0002C 0002C 0002C
0002C 0002C 0002C 0002C 0002C 0002C 0002C 0002C 0002C 0002C 0002C 0002C 0002C 0002C 0002C 0002C
0002C 0002C 0002C 0002C 0002C 0002C 0002C 0002C 0002C 0002C 0002C 0002C 0002C 0002C 0002C 0002C
0002C 0002C 0002C 0002C 0002C 0002C 0002C 0002C 0002C 0002C 0002C 0002C 0002C 0002C 0002C 0002C
0002C 0002C 0002C 0002C 0002C 0002C 0002C 0002C 0002C 0002C 0002C 0002C 0002C 0002C 0002C 0002C
0002C 0002C 0002C 0002C 0002C 0002C 0002C 0002C 0002C 0002C 0002C 0002C 0002C 0002C 0002C 0002C
0002C 0002C 0002C 0002C 0002C 0002C 0002C 0002C 0002C 0002C 0002C 0002C 0002C 0002C 0002C 0002C
0002C 0002C 0002C 0002C 0002C 0002C 0002C 0002C 0002C 0002C 0002C 0002C 0002C 0002C 0002C 0002C
0002C 0002C 0002C 0002C 0002C 0002C 0002C 0002C 0002C 0002C 0002C 0002B 0002B 0002B 0002B 0002B
0002B 0002B 0002B 0002B 0002B 0002B 0002B 0002B 0002B 0002B 0002B 0002B 0002B 0002B 0002B 0002B
0002B 0002B 0002B 0002B 0002B 0002B 0002B 0002B 0002B 0002B 0002B 0002B 0002B 0002B 0002B 0002B
0002B 0002B 0002B 0002B 0002B 0002B 0002B 0002B 0002B 0002B 0002B 0002B 0002B 0002B 0002B 0002B
0002B 0002B 0002B 0002B 0002B 0002B 0002B 0002B 0002B 0002B 0002B 0002B 0002B 0002B 0002B 0002B
0002B 0002B 0002B 0002B 0002B 0002B 0002B 0002B 0002B 0002B 0002B 0002B 0002B 0002B 0002B 0002B
0002B 0002B 0002B 0002B 0002B 0002B 0002B 0002B 0002B 0002B 0002B 0002B 0002B 0002B 0002B 0002B
0002B 0002B 0002B 0002B 0002B 0002B 0002B 0002B 0002B 0002B 0002B 0002B 0002B 0002B 0002B 0002B
0002B 0002B 0002B 0002B 0002B 0002B 0002B 0002B 0002B 0002B 0002B 0002B 0002B 0002B 0002B 0002B
0002B 0002B 0002B 0002B 0002B 0002B 0002B 0002B 0002B 0002A 0002A 0002A 0002A 0002A 0002A 0002A
0002A 0002A 0002A 0002A 0002A 0002A 0002A 0002A 0002A 0002A 0002A 0002A 0002A 0002A 0002A 0002A
0002A 0002A 0002A 0002A 0002A 0002A 0002A 0002A 0002A 0002A 0002A 0002A 0002A 0002A 0002A 0002A
0002A 0002A 0002A 0002A 0002A 0002A 0002A 0002A 0002A 0002A 0002A 0002A 0002A 0002A 0002A 0002A
0002A 0002A 0002A 0002A 0002A 0002A 0002A 0002A 0002A 0002A 0002A 0002A 0002A 0002A 0002A 0002A
0002A 0002A 0002A 0002A 0002A 0002A 0002A 0002A 0002A 0002A 0002A 0002A 0002A 0002A 0002A 0002A
0002A 0002A 0002A 0002A 0002A 0002A 0002A 0002A 0002A 0002A 0002A 0002A 0002A 0002A 0002A 0002A
0002A 0002A 0002A 0002A 0002A 0002A 0002A 0002A 0002A 0002A 0002A 0002A 0002A 0002A 0002A 0002A
0002A 0002A 0002A 0002A 0002A 0002A 0002A 0002A 0002A 0002A 0002A 0002A 0002A 0002A 0002A 0002A
0002A 0002A 0002A 0002A 0002A 0002A 0002A 0002A 0002A 0002A 0002A 0002A 0002A 00029 00029 00029
00029 00029 00029 00029 00029 00029 00029 00029 00029 00029 00029 00029 00029 00029 00029 00029
00029 00029 00029 00029 00029 00029 00029 00029 00029 00029 00029 00029 00029 00029 00029 00029
00029 00029 00029 00029 00029 00029 00029 00029 00029 00029 00029 00029 00029 00029 00029 00029
00029 00029 00029 00029 00029 00029 00029 00029 00029 00029 00029 00029 00029 00029 00029 00029
00029 00029 00029 00029 00029 00029 00029 00029 00029 00029 00029 00029 00029 00029 00029 00029
00029 00029 00029 00029 00029 00029 00029 00029 00029 00029 00029 00029 00029 00029 00029 00029
00029 00029 00029 00029 00029 00029 00029 00029 00029 00029 00029 00029 00029 00029 00029 00029
00029 00029 00029 00029 00029 00029 00029 00029 00029 00029 00029 00029 00029 00029 00029 00029
00029 00029 00029 00029 00029 00029 00029 00029 00029 00029 00029 00029 00029 00029 00029 00029
00029 00029 00029 00029 00029 00029 00029 00029 00029 00028 00028 00028 00028 00028 00028 00028
00028 00028 00028 00028 00028 00028 00028 00028 00028 00028 00028 00028 00028 00028 00028 00028
00028 00028 00028 00028 00028 00028 00028 00028 00028 00028 00028 00028 00028 00028 00028 00028
00028 00028 00028 00028 00028 00028 00028 00028 00028 00028 00028 00028 00028 00028 00028 00028
00028 00028 00028 00028 00028 00028 00028 00028 00028 00028 00028 00028 00028 00028 00028 00028
00028 00028 00028 00028 00028 00028 00028 00028 00028 00028 00028 00028 00028 00028 00028 00028
00028 00028 00028 00028 00028 00028 00028 00028 00028 00028 00028 00028 00028 00028 00028 00028
00028 00028 00028 00028 00028 00028 00028 00028 00028 00028 00028 00028 00028 00028 00028 00028
00028 00028 00028 00028 00028 00028 00028 00028 00028 00028 00028 00028 00028 00028 00028 00028
00028 00028 00028 00028 00028 00028 00028 00028 00028 00028 00028 00028 00028 00028 00028 00028
00028 00028 00028 00028 00028 00028 00028 00028 00028 00028 00028 00028 00028 00027 00027 00027
00027 00027 00027 00027 00027 00027 00027 00027 00027 00027 00027 00027 00027 00027 00027 00027
00027 00027 00027 00027 00027 00027 00027 00027 00027 00027 00027 00027 00027 00027 00027 00027
00027 00027 00027 00027 00027 00027 00027 00027 00027 00027 00027 00027 00027 00027 00027 00027
00027 00027 00027 00027 00027 00027 00027 00027 00027 00027 00027 00027 00027 00027 00027 00027
00027 00027 00027 00027 00027 00027 00027 00027 00027 00027 00027 00027 00027 00027 00027 00027
00027 00027 00027 00027 00027 00027 00027 00027 00027 00027 00027 00027 00027 00027 00027 00027
00027 00027 00027 00027 00027 00027 00027 00027 00027 00027 00027 00027 00027 00027 00027 00027
00027 00027 00027 00027 00027 00027 00027 00027 00027 00027 00027 00027 00027 00027 00027 00027
00027 00027 00027 00027 00027 00027 00027 00027 00027 00027 00027 00027 00027 00027 00027 00027
00027 00027 00027 00027 00027 00027 00027 00027 00027 00027 00027 00027 00027 00027 00027 00027
00027 00027 00027 00027 00027 00027 00027 00027 00027 00026 00026 00026 00026 00026 00026 00026
00026 00026 00026 00026 00026 00026 00026 00026 00026 00026 00026 00026 00026 00026 00026 00026
00026 00026 00026 00026 00026 00026 00026 00026 00026 00026 00026 00026 00026 00026 00026 00026
00026 00026 00026 00026 00026 00026 00026 00026 00026 00026 00026 00026 00026 00026 00026 00026
00026 00026 00026 00026 00026 00026 00026 00026 00026 00026 00026 00026 00026 00026 00026 00026
00026 00026 00026 00026 00026 00026 00026 00026 00026 00026 00026 00026 00026 00026 00026 00026
00026 00026 00026 00026 00026 00026 00026 00026 00026 00026 00026 00026 00026 00026 00026 00026
00026 00026 00026 00026 00026 00026 00026 00026 00026 00026 00026 00026 00026 00026 00026 00026
00026 00026 00026 00026 00026 00026 00026 00026 00026 00026 00026 00026 00026 00026 00026 00026
00026 00026 00026 00026 00026 00026 00026 00026 00026 00026 00026 00026 00026 00026 00026 00026
00026 00026 00026 00026 00026 00026 00026 00026 00026 00026 00026 00026 00026 00026 00026 00026
00026 00026 00026 00026 00026 00026 00026 00026 00026 00026 00026 00026 00026 00026 00026 00025
00025 00025 00025 00025 00025 00025 00025 00025 00025 00025 00025 00025 00025 00025 00025 00025
00025 00025 00025 00025 00025 00025 00025 00025 00025 00025 00025 00025 00025 00025 00025 00025
00025 00025 00025 00025 00025 00025 00025 00025 00025 00025 00025 00025 00025 00025 00025 00025
00025 00025 00025 00025 00025 00025 00025 00025 00025 00025 00025 00025 00025 00025 00025 00025
00025 00025 00025 00025 00025 00025 00025 00025 00025 00025 00025 00025 00025 00025 00025 00025
00025 00025 00025 00025 00025 00025 00025 00025 00025 00025 00025 00025 00025 00025 00025 00025
00025 00025 00025 00025 00025 00025 00025 00025 00025 00025 00025 00025 00025 00025 00025 00025
00025 00025 00025 00025 00025 00025 00025 00025 00025 00025 00025 00025 00025 00025 00025 00025
00025 00025 00025 00025 00025 00025 00025 00025 00025 00025 00025 00025 00025 00025 00025 00025
00025 00025 00025 00025 00025 00025 00025 00025 00025 00025 00025 00025 00025 00025 00025 00025
00025 00025 00025 00025 00025 00025 00025 00025 00025 00025 00025 00025 00025 00025 00025 00025
00025 00025 00025 00025 00025 00025 00025 00025 00025 00025 00025 00025 00025 00025 00025 00024
00024 00024 00024 00024 00024 00024 00024 00024 00024 00024 00024 00024 00024 00024 00024 00024
00024 00024 00024 00024 00024 00024 00024 00024 00024 00024 00024 00024 00024 00024 00024 00024
00024 00024 00024 00024 00024 00024 00024 00024 00024 00024 00024 00024 00024 00024 00024 00024
00024 00024 00024 00024 00024 00024 00024 00024 00024 00024 00024 00024 00024 00024 00024 00024
00024 00024 00024 00024 00024 00024 00024 00024 00024 00024 00024 00024 00024 00024 00024 00024
00024 00024 00024 00024 00024 00024 00024 00024 00024 00024 00024 00024 00024 00024 00024 00024
00024 00024 00024 00024 00024 00024 00024 00024 00024 00024 00024 00024 00024 00024 00024 00024
00024 00024 00024 00024 00024 00024 00024 00024 00024 00024 00024 00024 00024 00024 00024 00024
00024 00024 00024 00024 00024 00024 00024 00024 00024 00024 00024 00024 00024 00024 00024 00024
00024 00024 00024 00024 00024 00024 00024 00024 00024 00024 00024 00024 00024 00024 00024 00024
00024 00024 00024 00024 00024 00024 00024 00024 00024 00024 00024 00024 00024 00024 00024 00024
00024 00024 00024 00024 00024 00024 00024 00024 00024 00024 00024 00024 00024 00024 00024 00024
00024 00024 00024 00024 00024 00024 00024 00024 00024 00023 00023 00023 00023 00023 00023 00023
00023 00023 00023 00023 00023 00023 00023 00023 00023 00023 00023 00023 00023 00023 00023 00023
00023 00023 00023 00023 00023 00023 00023 00023 00023 00023 00023 00023 00023 00023 00023 00023
00023 00023 00023 00023 00023 00023 00023 00023 00023 00023 00023 00023 00023 00023 00023 00023
00023 00023 00023 00023 00023 00023 00023 00023 00023 00023 00023 00023 00023 00023 00023 00023
00023 00023 00023 00023 00023 00023 00023 00023 00023 00023 00023 00023 00023 00023 00023 00023
00023 00023 00023 00023 00023 00023 00023 00023 00023 00023 00023 00023 00023 00023 00023 00023
00023 00023 00023 00023 00023 00023 00023 00023 00023 00023 00023 00023 00023 00023 00023 00023
00023 00023 00023 00023 00023 00023 00023 00023 00023 00023 00023 00023 00023 00023 00023 00023
00023 00023 00023 00023 00023 00023 00023 00023 00023 00023 00023 00023 00023 00023 00023 00023
00023 00023 00023 00023 00023 00023 00023 00023 00023 00023 00023 00023 00023 00023 00023 00023
00023 00023 00023 00023 00023 00023 00023 00023 00023 00023 00023 00023 00023 00023 00023 00023
00023 00023 00023 00023 00023 00023 00023 00023 00023 00023 00023 00023 00023 00023 00023 00023
00023 00023 00023 00023 00023 00023 00023 00023 00023 00023 00023 00023 00023 00023 00023 00022
00022 00022 00022 00022 00022 00022 00022 00022 00022 00022 00022 00022 00022 00022 00022 00022
00022 00022 00022 00022 00022 00022 00022 00022 00022 00022 00022 00022 00022 00022 00022 00022
00022 00022 00022 00022 00022 00022 00022 00022 00022 00022 00022 00022 00022 00022 00022 00022
00022 00022 00022 00022 00022 00022 00022 00022 00022 00022 00022 00022 00022 00022 00022 00022
00022 00022 00022 00022 00022 00022 00022 00022 00022 00022 00022 00022 00022 00022 00022 00022
00022 00022 00022 00022 00022 00022 00022 00022 00022 00022 00022 00022 00022 00022 00022 00022
00022 00022 00022 00022 00022 00022 00022 00022 00022 00022 00022 00022 00022 00022 00022 00022
00022 00022 00022 00022 00022 00022 00022 00022 00022 00022 00022 00022 00022 00022 00022 00022
00022 00022 00022 00022 00022 00022 00022 00022 00022 00022 00022 00022 00022 00022 00022 00022
00022 00022 00022 00022 00022 00022 00022 00022 00022 00022 00022 00022 00022 00022 00022 00022
00022 00022 00022 00022 00022 00022 00022 00022 00022 00022 00022 00022 00022 00022 00022 00022
00022 00022 00022 00022 00022 00022 00022 00022 00022 00022 00022 00022 00022 00022 00022 00022
00022 00022 00022 00022 00022 00022 00022 00022 00022 00022 00022 00022 00022 00022 00022 00022
00022 00022 00022 00022 00022 00022 00022 00022 00022 00022 00022 00022 00022 00022 00022 00022
00022 00022 00021 00021 00021 00021 00021 00021 00021 00021 00021 00021 00021 00021 00021 00021
00021 00021 00021 00021 00021 00021 00021 00021 00021 00021 00021 00021 00021 00021 00021 00021
00021 00021 00021 00021 00021 00021 00021 00021 00021 00021 00021 00021 00021 00021 00021 00021
00021 00021 00021 00021 00021 00021 00021 00021 00021 00021 00021 00021 00021 00021 00021 00021
00021 00021 00021 00021 00021 00021 00021 00021 00021 00021 00021 00021 00021 00021 00021 00021
00021 00021 00021 00021 00021 00021 00021 00021 00021 00021 00021 00021 00021 00021 00021 00021
00021 00021 00021 00021 00021 00021 00021 00021 00021 00021 00021 00021 00021 00021 00021 00021
00021 00021 00021 00021 00021 00021 00021 00021 00021 00021 00021 00021 00021 00021 00021 00021
00021 00021 00021 00021 00021 00021 00021 00021 00021 00021 00021 00021 00021 00021 00021 00021
00021 00021 00021 00021 00021 00021 00021 00021 00021 00021 00021 00021 00021 00021 00021 00021
00021 00021 00021 00021 00021 00021 00021 00021 00021 00021 00021 00021 00021 00021 00021 00021
00021 00021 00021 00021 00021 00021 00021 00021 00021 00021 00021 00021 00021 00021 00021 00021
00021 00021 00021 00021 00021 00021 00021 00021 00021 00021 00021 00021 00021 00021 00021 00021
00021 00021 00021 00021 00021 00021 00021 00021 00021 00021 00021 00021 00021 00021 00021 00021
00021 00021 00021 00021 00021 00021 00021 00021 00021 00021 00021 00021 00021 00021 00021 00021
00021 00021 00020 00020 00020 00020 00020 00020 00020 00020 00020 00020 00020 00020 00020 00020
00020 00020 00020 00020 00020 00020 00020 00020 00020 00020 00020 00020 00020 00020 00020 00020
00020 00020 00020 00020 00020 00020 00020 00020 00020 00020 00020 00020 00020 00020 00020 00020
00020 00020 00020 00020 00020 00020 00020 00020 00020 00020 00020 00020 00020 00020 00020 00020
00020 00020 00020 00020 00020 00020 00020 00020 00020 00020 00020 00020 00020 00020 00020 00020
00020 00020 00020 00020 00020 00020 00020 00020 00020 00020 00020 00020 00020 00020 00020 00020
00020 00020 00020 00020 00020 00020 00020 00020 00020 00020 00020 00020 00020 00020 00020 00020
00020 00020 00020 00020 00020 00020 00020 00020 00020 00020 00020 00020 00020 00020 00020 00020
00020 00020 00020 00020 00020 00020 00020 00020 00020 00020 00020 00020 00020 00020 00020 00020
00020 00020 00020 00020 00020 00020 00020 00020 00020 00020 00020 00020 00020 00020 00020 00020
00020 00020 00020 00020 00020 00020 00020 00020 00020 00020 00020 00020 00020 00020 00020 00020
00020 00020 00020 00020 00020 00020 00020 00020 00020 00020 00020 00020 00020 00020 00020 00020
00020 00020 00020 00020 00020 00020 00020 00020 00020 00020 00020 00020 00020 00020 00020 00020
00020 00020 00020 00020 00020 00020 00020 00020 00020 00020 00020 00020 00020 00020 00020 00020
00020 00020 00020 00020 00020 00020 00020 00020 00020 00020 00020 00020 00020 00020 00020 00020
00020 00020 00020 00020 00020 00020 00020 00020 00020 00020 00020 00020 00020 00020 00020 00020
00020 00020 00020 0001F 0001F 0001F 0001F 0001F 0001F 0001F 0001F 0001F 0001F 0001F 0001F 0001F
0001F 0001F 0001F 0001F 0001F 0001F 0001F 0001F 0001F 0001F 0001F 0001F 0001F 0001F 0001F 0001F
0001F 0001F 0001F 0001F 0001F 0001F 0001F 0001F 0001F 0001F 0001F 0001F 0001F 0001F 0001F 0001F
0001F 0001F 0001F 0001F 0001F 0001F 0001F 0001F 0001F 0001F 0001F 0001F 0001F 0001F 0001F 0001F
0001F 0001F 0001F 0001F 0001F 0001F 0001F 0001F 0001F 0001F 0001F 0001F 0001F 0001F 0001F 0001F
0001F 0001F 0001F 0001F 0001F 0001F 0001F 0001F 0001F 0001F 0001F 0001F 0001F 0001F 0001F 0001F
0001F 0001F 0001F 0001F 0001F 0001F 0001F 0001F 0001F 0001F 0001F 0001F 0001F 0001F 0001F 0001F
0001F 0001F 0001F 0001F 0001F 0001F 0001F 0001F 0001F 0001F 0001F 0001F 0001F 0001F 0001F 0001F
0001F 0001F 0001F 0001F 0001F 0001F 0001F 0001F 0001F 0001F 0001F 0001F 0001F 0001F 0001F 0001F
0001F 0001F 0001F 0001F 0001F 0001F 0001F 0001F 0001F 0001F 0001F 0001F 0001F 0001F 0001F 0001F
0001F 0001F 0001F 0001F 0001F 0001F 0001F 0001F 0001F 0001F 0001F 0001F 0001F 0001F 0001F 0001F
0001F 0001F 0001F 0001F 0001F 0001F 0001F 0001F 0001F 0001F 0001F 0001F 0001F 0001F 0001F 0001F
0001F 0001F 0001F 0001F 0001F 0001F 0001F 0001F 0001F 0001F 0001F 0001F 0001F 0001F 0001F 0001F
0001F 0001F 0001F 0001F 0001F 0001F 0001F 0001F 0001F 0001F 0001F 0001F 0001F 0001F 0001F 0001F
0001F 0001F 0001F 0001F 0001F 0001F 0001F 0001F 0001F 0001F 0001F 0001F 0001F 0001F 0001F 0001F
0001F 0001F 0001F 0001F 0001F 0001F 0001F 0001F 0001F 0001F 0001F 0001F 0001F 0001F 0001F 0001F
0001F 0001F 0001F 0001F 0001F 0001F 0001F 0001F 0001F 0001F 0001F 0001F 0001F 0001F 0001F 0001F
0001F 0001F 0001F 0001E 0001E 0001E 0001E 0001E 0001E 0001E 0001E 0001E 0001E 0001E 0001E 0001E
0001E 0001E 0001E 0001E 0001E 0001E 0001E 0001E 0001E 0001E 0001E 0001E 0001E 0001E 0001E 0001E
0001E 0001E 0001E 0001E 0001E 0001E 0001E 0001E 0001E 0001E 0001E 0001E 0001E 0001E 0001E 0001E
0001E 0001E 0001E 0001E 0001E 0001E 0001E 0001E 0001E 0001E 0001E 0001E 0001E 0001E 0001E 0001E
0001E 0001E 0001E 0001E 0001E 0001E 0001E 0001E 0001E 0001E 0001E 0001E 0001E 0001E 0001E 0001E
0001E 0001E 0001E 0001E 0001E 0001E 0001E 0001E 0001E 0001E 0001E 0001E 0001E 0001E 0001E 0001E
0001E 0001E 0001E 0001E 0001E 0001E 0001E 0001E 0001E 0001E 0001E 0001E 0001E 0001E 0001E 0001E
0001E 0001E 0001E 0001E 0001E 0001E 0001E 0001E 0001E 0001E 0001E 0001E 0001E 0001E 0001E 0001E
0001E 0001E 0001E 0001E 0001E 0001E 0001E 0001E 0001E 0001E 0001E 0001E 0001E 0001E 0001E 0001E
0001E 0001E 0001E 0001E 0001E 0001E 0001E 0001E 0001E 0001E 0001E 0001E 0001E 0001E 0001E 0001E
0001E 0001E 0001E 0001E 0001E 0001E 0001E 0001E 0001E 0001E 0001E 0001E 0001E 0001E 0001E 0001E
0001E 0001E 0001E 0001E 0001E 0001E 0001E 0001E 0001E 0001E 0001E 0001E 0001E 0001E 0001E 0001E
0001E 0001E 0001E 0001E 0001E 0001E 0001E 0001E 0001E 0001E 0001E 0001E 0001E 0001E 0001E 0001E
0001E 0001E 0001E 0001E 0001E 0001E 0001E 0001E 0001E 0001E 0001E 0001E 0001E 0001E 0001E 0001E
0001E 0001E 0001E 0001E 0001E 0001E 0001E 0001E 0001E 0001E 0001E 0001E 0001E 0001E 0001E 0001E
0001E 0001E 0001E 0001E 0001E 0001E 0001E 0001E 0001E 0001E 0001E 0001E 0001E 0001E 0001E 0001E
0001E 0001E 0001E 0001E 0001E 0001E 0001E 0001E 0001E 0001E 0001E 0001E 0001E 0001E 0001E 0001E
0001E 0001E 0001E 0001E 0001E 0001E 0001E 0001E 0001E 0001E 0001E 0001E 0001E 0001E 0001E 0001E
0001E 0001E 0001E 0001E 0001E 0001E 0001E 0001D 0001D 0001D 0001D 0001D 0001D 0001D 0001D 0001D
0001D 0001D 0001D 0001D 0001D 0001D 0001D 0001D 0001D 0001D 0001D 0001D 0001D 0001D 0001D 0001D
0001D 0001D 0001D 0001D 0001D 0001D 0001D 0001D 0001D 0001D 0001D 0001D 0001D 0001D 0001D 0001D
0001D 0001D 0001D 0001D 0001D 0001D 0001D 0001D 0001D 0001D 0001D 0001D 0001D 0001D 0001D 0001D
0001D 0001D 0001D 0001D 0001D 0001D 0001D 0001D 0001D 0001D 0001D 0001D 0001D 0001D 0001D 0001D
0001D 0001D 0001D 0001D 0001D 0001D 0001D 0001D 0001D 0001D 0001D 0001D 0001D 0001D 0001D 0001D
0001D 0001D 0001D 0001D 0001D 0001D 0001D 0001D 0001D 0001D 0001D 0001D 0001D 0001D 0001D 0001D
0001D 0001D 0001D 0001D 0001D 0001D 0001D 0001D 0001D 0001D 0001D 0001D 0001D 0001D 0001D 0001D
0001D 0001D 0001D 0001D 0001D 0001D 0001D 0001D 0001D 0001D 0001D 0001D 0001D 0001D 0001D 0001D
0001D 0001D 0001D 0001D 0001D 0001D 0001D 0001D 0001D 0001D 0001D 0001D 0001D 0001D 0001D 0001D
0001D 0001D 0001D 0001D 0001D 0001D 0001D 0001D 0001D 0001D 0001D 0001D 0001D 0001D 0001D 0001D
0001D 0001D 0001D 0001D 0001D 0001D 0001D 0001D 0001D 0001D 0001D 0001D 0001D 0001D 0001D 0001D
0001D 0001D 0001D 0001D 0001D 0001D 0001D 0001D 0001D 0001D 0001D 0001D 0001D 0001D 0001D 0001D
0001D 0001D 0001D 0001D 0001D 0001D 0001D 0001D 0001D 0001D 0001D 0001D 0001D 0001D 0001D 0001D
0001D 0001D 0001D 0001D 0001D 0001D 0001D 0001D 0001D 0001D 0001D 0001D 0001D 0001D 0001D 0001D
0001D 0001D 0001D 0001D 0001D 0001D 0001D 0001D 0001D 0001D 0001D 0001D 0001D 0001D 0001D 0001D
0001D 0001D 0001D 0001D 0001D 0001D 0001D 0001D 0001D 0001D 0001D 0001D 0001D 0001D 0001D 0001D
0001D 0001D 0001D 0001D 0001D 0001D 0001D 0001D 0001D 0001D 0001D 0001D 0001D 0001D 0001D 0001D
0001D 0001D 0001D 0001D 0001D 0001D 0001D 0001D 0001D 0001D 0001D 0001D 0001D 0001D 0001D 0001D
0001D 0001D 0001D 0001D 0001D 0001D 0001D 0001D 0001D 0001D 0001D 0001D 0001D 0001D 0001D 0001C
0001C 0001C 0001C 0001C 0001C 0001C 0001C 0001C 0001C 0001C 0001C 0001C 0001C 0001C 0001C 0001C
0001C 0001C 0001C 0001C 0001C 0001C 0001C 0001C 0001C 0001C 0001C 0001C 0001C 0001C 0001C 0001C
0001C 0001C 0001C 0001C 0001C 0001C 0001C 0001C 0001C 0001C 0001C 0001C 0001C 0001C 0001C 0001C
0001C 0001C 0001C 0001C 0001C 0001C 0001C 0001C 0001C 0001C 0001C 0001C 0001C 0001C 0001C 0001C
0001C 0001C 0001C 0001C 0001C 0001C 0001C 0001C 0001C 0001C 0001C 0001C 0001C 0001C 0001C 0001C
0001C 0001C 0001C 0001C 0001C 0001C 0001C 0001C 0001C 0001C 0001C 0001C 0001C 0001C 0001C 0001C
0001C 0001C 0001C 0001C 0001C 0001C 0001C 0001C 0001C 0001C 0001C 0001C 0001C 0001C 0001C 0001C
0001C 0001C 0001C 0001C 0001C 0001C 0001C 0001C 0001C 0001C 0001C 0001C 0001C 0001C 0001C 0001C
0001C 0001C 0001C 0001C 0001C 0001C 0001C 0001C 0001C 0001C 0001C 0001C 0001C 0001C 0001C 0001C
0001C 0001C 0001C 0001C 0001C 0001C 0001C 0001C 0001C 0001C 0001C 0001C 0001C 0001C 0001C 0001C
0001C 0001C 0001C 0001C 0001C 0001C 0001C 0001C 0001C 0001C 0001C 0001C 0001C 0001C 0001C 0001C
0001C 0001C 0001C 0001C 0001C 0001C 0001C 0001C 0001C 0001C 0001C 0001C 0001C 0001C 0001C 0001C
0001C 0001C 0001C 0001C 0001C 0001C 0001C 0001C 0001C 0001C 0001C 0001C 0001C 0001C 0001C 0001C
0001C 0001C 0001C 0001C 0001C 0001C 0001C 0001C 0001C 0001C 0001C 0001C 0001C 0001C 0001C 0001C
0001C 0001C 0001C 0001C 0001C 0001C 0001C 0001C 0001C 0001C 0001C 0001C 0001C 0001C 0001C 0001C
0001C 0001C 0001C 0001C 0001C 0001C 0001C 0001C 0001C 0001C 0001C 0001C 0001C 0001C 0001C 0001C
0001C 0001C 0001C 0001C 0001C 0001C 0001C 0001C 0001C 0001C 0001C 0001C 0001C 0001C 0001C 0001C
0001C 0001C 0001C 0001C 0001C 0001C 0001C 0001C 0001C 0001C 0001C 0001C 0001C 0001C 0001C 0001C
0001C 0001C 0001C 0001C 0001C 0001C 0001C 0001C 0001C 0001C 0001C 0001C 0001C 0001C 0001C 0001C
0001C 0001C 0001C 0001C 0001C 0001C 0001C 0001C 0001C 0001C 0001C 0001C 0001C 0001C 0001C 0001C
0001C 0001C 0001C 0001C 0001C 0001C 0001C 0001C 0001C 0001C 0001C 0001C 0001C 0001B 0001B 0001B
0001B 0001B 0001B 0001B 0001B 0001B 0001B 0001B 0001B 0001B 0001B 0001B 0001B 0001B 0001B 0001B
0001B 0001B 0001B 0001B 0001B 0001B 0001B 0001B 0001B 0001B 0001B 0001B 0001B 0001B 0001B 0001B
0001B 0001B 0001B 0001B 0001B 0001B 0001B 0001B 0001B 0001B 0001B 0001B 0001B 0001B 0001B 0001B
0001B 0001B 0001B 0001B 0001B 0001B 0001B 0001B 0001B 0001B 0001B 0001B 0001B 0001B 0001B 0001B
0001B 0001B 0001B 0001B 0001B 0001B 0001B 0001B 0001B 0001B 0001B 0001B 0001B 0001B 0001B 0001B
0001B 0001B 0001B 0001B 0001B 0001B 0001B 0001B 0001B 0001B 0001B 0001B 0001B 0001B 0001B 0001B
0001B 0001B 0001B 0001B 0001B 0001B 0001B 0001B 0001B 0001B 0001B 0001B 0001B 0001B 0001B 0001B
0001B 0001B 0001B 0001B 0001B 0001B 0001B 0001B 0001B 0001B 0001B 0001B 0001B 0001B 0001B 0001B
0001B 0001B 0001B 0001B 0001B 0001B 0001B 0001B 0001B 0001B 0001B 0001B 0001B 0001B 0001B 0001B
0001B 0001B 0001B 0001B 0001B 0001B 0001B 0001B 0001B 0001B 0001B 0001B 0001B 0001B 0001B 0001B
0001B 0001B 0001B 0001B 0001B 0001B 0001B 0001B 0001B 0001B 0001B 0001B 0001B 0001B 0001B 0001B
0001B 0001B 0001B 0001B 0001B 0001B 0001B 0001B 0001B 0001B 0001B 0001B 0001B 0001B 0001B 0001B
0001B 0001B 0001B 0001B 0001B 0001B 0001B 0001B 0001B 0001B 0001B 0001B 0001B 0001B 0001B 0001B
0001B 0001B 0001B 0001B 0001B 0001B 0001B 0001B 0001B 0001B 0001B 0001B 0001B 0001B 0001B 0001B
0001B 0001B 0001B 0001B 0001B 0001B 0001B 0001B 0001B 0001B 0001B 0001B 0001B 0001B 0001B 0001B
0001B 0001B 0001B 0001B 0001B 0001B 0001B 0001B 0001B 0001B 0001B 0001B 0001B 0001B 0001B 0001B
0001B 0001B 0001B 0001B 0001B 0001B 0001B 0001B 0001B 0001B 0001B 0001B 0001B 0001B 0001B 0001B
0001B 0001B 0001B 0001B 0001B 0001B 0001B 0001B 0001B 0001B 0001B 0001B 0001B 0001B 0001B 0001B
0001B 0001B 0001B 0001B 0001B 0001B 0001B 0001B 0001B 0001B 0001B 0001B 0001B 0001B 0001B 0001B
0001B 0001B 0001B 0001B 0001B 0001B 0001B 0001B 0001B 0001B 0001B 0001B 0001B 0001B 0001B 0001B
0001B 0001B 0001B 0001B 0001B 0001B 0001B 0001B 0001B 0001B 0001B 0001B 0001B 0001B 0001B 0001B
0001B 0001B 0001B 0001B 0001B 0001B 0001B 0001B 0001B 0001B 0001B 0001B 0001B 0001B 0001B 0001B
0001B 0001B 0001B 0001B 0001B 0001A 0001A 0001A 0001A 0001A 0001A 0001A 0001A 0001A 0001A 0001A
0001A 0001A 0001A 0001A 0001A 0001A 0001A 0001A 0001A 0001A 0001A 0001A 0001A 0001A 0001A 0001A
0001A 0001A 0001A 0001A 0001A 0001A 0001A 0001A 0001A 0001A 0001A 0001A 0001A 0001A 0001A 0001A
0001A 0001A 0001A 0001A 0001A 0001A 0001A 0001A 0001A 0001A 0001A 0001A 0001A 0001A 0001A 0001A
0001A 0001A 0001A 0001A 0001A 0001A 0001A 0001A 0001A 0001A 0001A 0001A 0001A 0001A 0001A 0001A
0001A 0001A 0001A 0001A 0001A 0001A 0001A 0001A 0001A 0001A 0001A 0001A 0001A 0001A 0001A 0001A
0001A 0001A 0001A 0001A 0001A 0001A 0001A 0001A 0001A 0001A 0001A 0001A 0001A 0001A 0001A 0001A
0001A 0001A 0001A 0001A 0001A 0001A 0001A 0001A 0001A 0001A 0001A 0001A 0001A 0001A 0001A 0001A
0001A 0001A 0001A 0001A 0001A 0001A 0001A 0001A 0001A 0001A 0001A 0001A 0001A 0001A 0001A 0001A
0001A 0001A 0001A 0001A 0001A 0001A 0001A 0001A 0001A 0001A 0001A 0001A 0001A 0001A 0001A 0001A
0001A 0001A 0001A 0001A 0001A 0001A 0001A 0001A 0001A 0001A 0001A 0001A 0001A 0001A 0001A 0001A
0001A 0001A 0001A 0001A 0001A 0001A 0001A 0001A 0001A 0001A 0001A 0001A 0001A 0001A 0001A 0001A
0001A 0001A 0001A 0001A 0001A 0001A 0001A 0001A 0001A 0001A 0001A 0001A 0001A 0001A 0001A 0001A
0001A 0001A 0001A 0001A 0001A 0001A 0001A 0001A 0001A 0001A 0001A 0001A 0001A 0001A 0001A 0001A
0001A 0001A 0001A 0001A 0001A 0001A 0001A 0001A 0001A 0001A 0001A 0001A 0001A 0001A 0001A 0001A
0001A 0001A 0001A 0001A 0001A 0001A 0001A 0001A 0001A 0001A 0001A 0001A 0001A 0001A 0001A 0001A
0001A 0001A 0001A 0001A 0001A 0001A 0001A 0001A 0001A 0001A 0001A 0001A 0001A 0001A 0001A 0001A
0001A 0001A 0001A 0001A 0001A 0001A 0001A 0001A 0001A 0001A 0001A 0001A 0001A 0001A 0001A 0001A
0001A 0001A 0001A 0001A 0001A 0001A 0001A 0001A 0001A 0001A 0001A 0001A 0001A 0001A 0001A 0001A
0001A 0001A 0001A 0001A 0001A 0001A 0001A 0001A 0001A 0001A 0001A 0001A 0001A 0001A 0001A 0001A
0001A 0001A 0001A 0001A 0001A 0001A 0001A 0001A 0001A 0001A 0001A 0001A 0001A 0001A 0001A 0001A
0001A 0001A 0001A 0001A 0001A 0001A 0001A 0001A 0001A 0001A 0001A 0001A 0001A 0001A 0001A 0001A
0001A 0001A 0001A 0001A 0001A 0001A 0001A 0001A 0001A 0001A 0001A 0001A 0001A 0001A 0001A 0001A
0001A 0001A 0001A 0001A 0001A 0001A 0001A 0001A 0001A 0001A 0001A 0001A 0001A 0001A 0001A 0001A
0001A 0001A 0001A 0001A 0001A 0001A 0001A 0001A 0001A 00019 00019 00019 00019 00019 00019 00019
00019 00019 00019 00019 00019 00019 00019 00019 00019 00019 00019 00019 00019 00019 00019 00019
00019 00019 00019 00019 00019 00019 00019 00019 00019 00019 00019 00019 00019 00019 00019 00019
00019 00019 00019 00019 00019 00019 00019 00019 00019 00019 00019 00019 00019 00019 00019 00019
00019 00019 00019 00019 00019 00019 00019 00019 00019 00019 00019 00019 00019 00019 00019 00019
00019 00019 00019 00019 00019 00019 00019 00019 00019 00019 00019 00019 00019 00019 00019 00019
00019 00019 00019 00019 00019 00019 00019 00019 00019 00019 00019 00019 00019 00019 00019 00019
00019 00019 00019 00019 00019 00019 00019 00019 00019 00019 00019 00019 00019 00019 00019 00019
00019 00019 00019 00019 00019 00019 00019 00019 00019 00019 00019 00019 00019 00019 00019 00019
00019 00019 00019 00019 00019 00019 00019 00019 00019 00019 00019 00019 00019 00019 00019 00019
00019 00019 00019 00019 00019 00019 00019 00019 00019 00019 00019 00019 00019 00019 00019 00019
00019 00019 00019 00019 00019 00019 00019 00019 00019 00019 00019 00019 00019 00019 00019 00019
00019 00019 00019 00019 00019 00019 00019 00019 00019 00019 00019 00019 00019 00019 00019 00019
00019 00019 00019 00019 00019 00019 00019 00019 00019 00019 00019 00019 00019 00019 00019 00019
00019 00019 00019 00019 00019 00019 00019 00019 00019 00019 00019 00019 00019 00019 00019 00019
00019 00019 00019 00019 00019 00019 00019 00019 00019 00019 00019 00019 00019 00019 00019 00019
00019 00019 00019 00019 00019 00019 00019 00019 00019 00019 00019 00019 00019 00019 00019 00019
00019 00019 00019 00019 00019 00019 00019 00019 00019 00019 00019 00019 00019 00019 00019 00019
00019 00019 00019 00019 00019 00019 00019 00019 00019 00019 00019 00019 00019 00019 00019 00019
00019 00019 00019 00019 00019 00019 00019 00019 00019 00019 00019 00019 00019 00019 00019 00019
00019 00019 00019 00019 00019 00019 00019 00019 00019 00019 00019 00019 00019 00019 00019 00019
00019 00019 00019 00019 00019 00019 00019 00019 00019 00019 00019 00019 00019 00019 00019 00019
00019 00019 00019 00019 00019 00019 00019 00019 00019 00019 00019 00019 00019 00019 00019 00019
00019 00019 00019 00019 00019 00019 00019 00019 00019 00019 00019 00019 00019 00019 00019 00019
00019 00019 00019 00019 00019 00019 00019 00019 00019 00019 00019 00019 00019 00019 00019 00019
00019 00019 00019 00019 00019 00019 00019 00019 00019 00019 00019 00019 00019 00019 00019 00019
00019 00019 00019 00019 00019 00019 00019 00019 00019 00019 00019 00019 00018 00018 00018 00018
00018 00018 00018 00018 00018 00018 00018 00018 00018 00018 00018 00018 00018 00018 00018 00018
00018 00018 00018 00018 00018 00018 00018 00018 00018 00018 00018 00018 00018 00018 00018 00018
00018 00018 00018 00018 00018 00018 00018 00018 00018 00018 00018 00018 00018 00018 00018 00018
00018 00018 00018 00018 00018 00018 00018 00018 00018 00018 00018 00018 00018 00018 00018 00018
00018 00018 00018 00018 00018 00018 00018 00018 00018 00018 00018 00018 00018 00018 00018 00018
00018 00018 00018 00018 00018 00018 00018 00018 00018 00018 00018 00018 00018 00018 00018 00018
00018 00018 00018 00018 00018 00018 00018 00018 00018 00018 00018 00018 00018 00018 00018 00018
00018 00018 00018 00018 00018 00018 00018 00018 00018 00018 00018 00018 00018 00018 00018 00018
00018 00018 00018 00018 00018 00018 00018 00018 00018 00018 00018 00018 00018 00018 00018 00018
00018 00018 00018 00018 00018 00018 00018 00018 00018 00018 00018 00018 00018 00018 00018 00018
00018 00018 00018 00018 00018 00018 00018 00018 00018 00018 00018 00018 00018 00018 00018 00018
00018 00018 00018 00018 00018 00018 00018 00018 00018 00018 00018 00018 00018 00018 00018 00018
00018 00018 00018 00018 00018 00018 00018 00018 00018 00018 00018 00018 00018 00018 00018 00018
00018 00018 00018 00018 00018 00018 00018 00018 00018 00018 00018 00018 00018 00018 00018 00018
00018 00018 00018 00018 00018 00018 00018 00018 00018 00018 00018 00018 00018 00018 00018 00018
00018 00018 00018 00018 00018 00018 00018 00018 00018 00018 00018 00018 00018 00018 00018 00018
00018 00018 00018 00018 00018 00018 00018 00018 00018 00018 00018 00018 00018 00018 00018 00018
00018 00018 00018 00018 00018 00018 00018 00018 00018 00018 00018 00018 00018 00018 00018 00018
00018 00018 00018 00018 00018 00018 00018 00018 00018 00018 00018 00018 00018 00018 00018 00018
00018 00018 00018 00018 00018 00018 00018 00018 00018 00018 00018 00018 00018 00018 00018 00018
00018 00018 00018 00018 00018 00018 00018 00018 00018 00018 00018 00018 00018 00018 00018 00018
00018 00018 00018 00018 00018 00018 00018 00018 00018 00018 00018 00018 00018 00018 00018 00018
00018 00018 00018 00018 00018 00018 00018 00018 00018 00018 00018 00018 00018 00018 00018 00018
00018 00018 00018 00018 00018 00018 00018 00018 00018 00018 00018 00018 00018 00018 00018 00018
00018 00018 00018 00018 00018 00018 00018 00018 00018 00018 00018 00018 00018 00018 00018 00018
00018 00018 00018 00018 00018 00018 00018 00018 00018 00018 00018 00018 00018 00018 00018 00018
00018 00018 00018 00018 00018 00018 00018 00018 00018 00018 00018 00018 00018 00018 00018 00018
00018 00018 00018 00018 00018 00018 00018 00018 00018 00018 00018 00018 00018 00018 00018 00018
00018 00018 00018 00018 00017 00017 00017 00017 00017 00017 00017 00017 00017 00017 00017 00017
00017 00017 00017 00017 00017 00017 00017 00017 00017 00017 00017 00017 00017 00017 00017 00017
00017 00017 00017 00017 00017 00017 00017 00017 00017 00017 00017 00017 00017 00017 00017 00017
00017 00017 00017 00017 00017 00017 00017 00017 00017 00017 00017 00017 00017 00017 00017 00017
00017 00017 00017 00017 00017 00017 00017 00017 00017 00017 00017 00017 00017 00017 00017 00017
00017 00017 00017 00017 00017 00017 00017 00017 00017 00017 00017 00017 00017 00017 00017 00017
00017 00017 00017 00017 00017 00017 00017 00017 00017 00017 00017 00017 00017 00017 00017 00017
00017 00017 00017 00017 00017 00017 00017 00017 00017 00017 00017 00017 00017 00017 00017 00017
00017 00017 00017 00017 00017 00017 00017 00017 00017 00017 00017 00017 00017 00017 00017 00017
00017 00017 00017 00017 00017 00017 00017 00017 00017 00017 00017 00017 00017 00017 00017 00017
00017 00017 00017 00017 00017 00017 00017 00017 00017 00017 00017 00017 00017 00017 00017 00017
00017 00017 00017 00017 00017 00017 00017 00017 00017 00017 00017 00017 00017 00017 00017 00017
00017 00017 00017 00017 00017 00017 00017 00017 00017 00017 00017 00017 00017 00017 00017 00017
00017 00017 00017 00017 00017 00017 00017 00017 00017 00017 00017 00017 00017 00017 00017 00017
00017 00017 00017 00017 00017 00017 00017 00017 00017 00017 00017 00017 00017 00017 00017 00017
00017 00017 00017 00017 00017 00017 00017 00017 00017 00017 00017 00017 00017 00017 00017 00017
00017 00017 00017 00017 00017 00017 00017 00017 00017 00017 00017 00017 00017 00017 00017 00017
00017 00017 00017 00017 00017 00017 00017 00017 00017 00017 00017 00017 00017 00017 00017 00017
00017 00017 00017 00017 00017 00017 00017 00017 00017 00017 00017 00017 00017 00017 00017 00017
00017 00017 00017 00017 00017 00017 00017 00017 00017 00017 00017 00017 00017 00017 00017 00017
00017 00017 00017 00017 00017 00017 00017 00017 00017 00017 00017 00017 00017 00017 00017 00017
00017 00017 00017 00017 00017 00017 00017 00017 00017 00017 00017 00017 00017 00017 00017 00017
00017 00017 00017 00017 00017 00017 00017 00017 00017 00017 00017 00017 00017 00017 00017 00017
00017 00017 00017 00017 00017 00017 00017 00017 00017 00017 00017 00017 00017 00017 00017 00017
00017 00017 00017 00017 00017 00017 00017 00017 00017 00017 00017 00017 00017 00017 00017 00017
00017 00017 00017 00017 00017 00017 00017 00017 00017 00017 00017 00017 00017 00017 00017 00017
00017 00017 00017 00017 00017 00017 00017 00017 00017 00017 00017 00017 00017 00017 00017 00017
00017 00017 00017 00017 00017 00017 00017 00017 00017 00017 00017 00017 00017 00017 00017 00017
00017 00017 00017 00017 00017 00017 00017 00017 00017 00017 00017 00017 00017 00017 00017 00017
00017 00017 00017 00017 00017 00017 00017 00017 00017 00017 00017 00017 00017 00017 00017 00017
00017 00017 00017 00017 00017 00017 00017 00017 00017 00017 00017 00017 00017 00017 00017 00017
00017 00017 00017 00016 00016 00016 00016 00016 00016 00016 00016 00016 00016 00016 00016 00016
00016 00016 00016 00016 00016 00016 00016 00016 00016 00016 00016 00016 00016 00016 00016 00016
00016 00016 00016 00016 00016 00016 00016 00016 00016 00016 00016 00016 00016 00016 00016 00016
00016 00016 00016 00016 00016 00016 00016 00016 00016 00016 00016 00016 00016 00016 00016 00016
00016 00016 00016 00016 00016 00016 00016 00016 00016 00016 00016 00016 00016 00016 00016 00016
00016 00016 00016 00016 00016 00016 00016 00016 00016 00016 00016 00016 00016 00016 00016 00016
00016 00016 00016 00016 00016 00016 00016 00016 00016 00016 00016 00016 00016 00016 00016 00016
00016 00016 00016 00016 00016 00016 00016 00016 00016 00016 00016 00016 00016 00016 00016 00016
00016 00016 00016 00016 00016 00016 00016 00016 00016 00016 00016 00016 00016 00016 00016 00016
00016 00016 00016 00016 00016 00016 00016 00016 00016 00016 00016 00016 00016 00016 00016 00016
00016 00016 00016 00016 00016 00016 00016 00016 00016 00016 00016 00016 00016 00016 00016 00016
00016 00016 00016 00016 00016 00016 00016 00016 00016 00016 00016 00016 00016 00016 00016 00016
00016 00016 00016 00016 00016 00016 00016 00016 00016 00016 00016 00016 00016 00016 00016 00016
00016 00016 00016 00016 00016 00016 00016 00016 00016 00016 00016 00016 00016 00016 00016 00016
00016 00016 00016 00016 00016 00016 00016 00016 00016 00016 00016 00016 00016 00016 00016 00016
00016 00016 00016 00016 00016 00016 00016 00016 00016 00016 00016 00016 00016 00016 00016 00016
00016 00016 00016 00016 00016 00016 00016 00016 00016 00016 00016 00016 00016 00016 00016 00016
00016 00016 00016 00016 00016 00016 00016 00016 00016 00016 00016 00016 00016 00016 00016 00016
00016 00016 00016 00016 00016 00016 00016 00016 00016 00016 00016 00016 00016 00016 00016 00016
00016 00016 00016 00016 00016 00016 00016 00016 00016 00016 00016 00016 00016 00016 00016 00016
00016 00016 00016 00016 00016 00016 00016 00016 00016 00016 00016 00016 00016 00016 00016 00016
00016 00016 00016 00016 00016 00016 00016 00016 00016 00016 00016 00016 00016 00016 00016 00016
00016 00016 00016 00016 00016 00016 00016 00016 00016 00016 00016 00016 00016 00016 00016 00016
00016 00016 00016 00016 00016 00016 00016 00016 00016 00016 00016 00016 00016 00016 00016 00016
00016 00016 00016 00016 00016 00016 00016 00016 00016 00016 00016 00016 00016 00016 00016 00016
00016 00016 00016 00016 00016 00016 00016 00016 00016 00016 00016 00016 00016 00016 00016 00016
00016 00016 00016 00016 00016 00016 00016 00016 00016 00016 00016 00016 00016 00016 00016 00016
00016 00016 00016 00016 00016 00016 00016 00016 00016 00016 00016 00016 00016 00016 00016 00016
00016 00016 00016 00016 00016 00016 00016 00016 00016 00016 00016 00016 00016 00016 00016 00016
00016 00016 00016 00016 00016 00016 00016 00016 00016 00016 00016 00016 00016 00016 00016 00016
00016 00016 00016 00016 00016 00016 00016 00016 00016 00016 00016 00016 00016 00016 00016 00016
00016 00016 00016 00016 00016 00016 00016 00016 00016 00016 00016 00016 00016 00016 00016 00016
00016 00016 00016 00016 00016 00016 00016 00016 00016 00016 00016 00016 00016 00016 00016 00016
00016 00016 00016 00016 00016 00016 00016 00016 00016 00016 00016 00016 00016 00016 00016 00016
00016 00015 00015 00015 00015 00015 00015 00015 00015 00015 00015 00015 00015 00015 00015 00015
00015 00015 00015 00015 00015 00015 00015 00015 00015 00015 00015 00015 00015 00015 00015 00015
00015 00015 00015 00015 00015 00015 00015 00015 00015 00015 00015 00015 00015 00015 00015 00015
00015 00015 00015 00015 00015 00015 00015 00015 00015 00015 00015 00015 00015 00015 00015 00015
00015 00015 00015 00015 00015 00015 00015 00015 00015 00015 00015 00015 00015 00015 00015 00015
00015 00015 00015 00015 00015 00015 00015 00015 00015 00015 00015 00015 00015 00015 00015 00015
00015 00015 00015 00015 00015 00015 00015 00015 00015 00015 00015 00015 00015 00015 00015 00015
00015 00015 00015 00015 00015 00015 00015 00015 00015 00015 00015 00015 00015 00015 00015 00015
00015 00015 00015 00015 00015 00015 00015 00015 00015 00015 00015 00015 00015 00015 00015 00015
00015 00015 00015 00015 00015 00015 00015 00015 00015 00015 00015 00015 00015 00015 00015 00015
00015 00015 00015 00015 00015 00015 00015 00015 00015 00015 00015 00015 00015 00015 00015 00015
00015 00015 00015 00015 00015 00015 00015 00015 00015 00015 00015 00015 00015 00015 00015 00015
00015 00015 00015 00015 00015 00015 00015 00015 00015 00015 00015 00015 00015 00015 00015 00015
00015 00015 00015 00015 00015 00015 00015 00015 00015 00015 00015 00015 00015 00015 00015 00015
00015 00015 00015 00015 00015 00015 00015 00015 00015 00015 00015 00015 00015 00015 00015 00015
00015 00015 00015 00015 00015 00015 00015 00015 00015 00015 00015 00015 00015 00015 00015 00015
00015 00015 00015 00015 00015 00015 00015 00015 00015 00015 00015 00015 00015 00015 00015 00015
00015 00015 00015 00015 00015 00015 00015 00015 00015 00015 00015 00015 00015 00015 00015 00015
00015 00015 00015 00015 00015 00015 00015 00015 00015 00015 00015 00015 00015 00015 00015 00015
00015 00015 00015 00015 00015 00015 00015 00015 00015 00015 00015 00015 00015 00015 00015 00015
00015 00015 00015 00015 00015 00015 00015 00015 00015 00015 00015 00015 00015 00015 00015 00015
00015 00015 00015 00015 00015 00015 00015 00015 00015 00015 00015 00015 00015 00015 00015 00015
00015 00015 00015 00015 00015 00015 00015 00015 00015 00015 00015 00015 00015 00015 00015 00015
00015 00015 00015 00015 00015 00015 00015 00015 00015 00015 00015 00015 00015 00015 00015 00015
00015 00015 00015 00015 00015 00015 00015 00015 00015 00015 00015 00015 00015 00015 00015 00015
00015 00015 00015 00015 00015 00015 00015 00015 00015 00015 00015 00015 00015 00015 00015 00015
00015 00015 00015 00015 00015 00015 00015 00015 00015 00015 00015 00015 00015 00015 00015 00015
00015 00015 00015 00015 00015 00015 00015 00015 00015 00015 00015 00015 00015 00015 00015 00015
00015 00015 00015 00015 00015 00015 00015 00015 00015 00015 00015 00015 00015 00015 00015 00015
00015 00015 00015 00015 00015 00015 00015 00015 00015 00015 00015 00015 00015 00015 00015 00015
00015 00015 00015 00015 00015 00015 00015 00015 00015 00015 00015 00015 00015 00015 00015 00015
00015 00015 00015 00015 00015 00015 00015 00015 00015 00015 00015 00015 00015 00015 00015 00015
00015 00015 00015 00015 00015 00015 00015 00015 00015 00015 00015 00015 00015 00015 00015 00015
00015 00015 00015 00015 00015 00015 00015 00015 00015 00015 00015 00015 00015 00015 00015 00015
00015 00015 00015 00015 00015 00015 00015 00015 00015 00015 00015 00015 00015 00015 00015 00015
00015 00015 00015 00015 00015 00015 00015 00015 00015 00015 00015 00015 00015 00015 00015 00015
00015 00015 00015 00015 00015 00015 00015 00015 00015 00015 00015 00015 00015 00015 00015 00015
00015 00015 00015 00015 00014 00014 00014 00014 00014 00014 00014 00014 00014 00014 00014 00014
00014 00014 00014 00014 00014 00014 00014 00014 00014 00014 00014 00014 00014 00014 00014 00014
00014 00014 00014 00014 00014 00014 00014 00014 00014 00014 00014 00014 00014 00014 00014 00014
00014 00014 00014 00014 00014 00014 00014 00014 00014 00014 00014 00014 00014 00014 00014 00014
00014 00014 00014 00014 00014 00014 00014 00014 00014 00014 00014 00014 00014 00014 00014 00014
00014 00014 00014 00014 00014 00014 00014 00014 00014 00014 00014 00014 00014 00014 00014 00014
00014 00014 00014 00014 00014 00014 00014 00014 00014 00014 00014 00014 00014 00014 00014 00014
00014 00014 00014 00014 00014 00014 00014 00014 00014 00014 00014 00014 00014 00014 00014 00014
00014 00014 00014 00014 00014 00014 00014 00014 00014 00014 00014 00014 00014 00014 00014 00014
00014 00014 00014 00014 00014 00014 00014 00014 00014 00014 00014 00014 00014 00014 00014 00014
00014 00014 00014 00014 00014 00014 00014 00014 00014 00014 00014 00014 00014 00014 00014 00014
00014 00014 00014 00014 00014 00014 00014 00014 00014 00014 00014 00014 00014 00014 00014 00014
00014 00014 00014 00014 00014 00014 00014 00014 00014 00014 00014 00014 00014 00014 00014 00014
00014 00014 00014 00014 00014 00014 00014 00014 00014 00014 00014 00014 00014 00014 00014 00014
00014 00014 00014 00014 00014 00014 00014 00014 00014 00014 00014 00014 00014 00014 00014 00014
00014 00014 00014 00014 00014 00014 00014 00014 00014 00014 00014 00014 00014 00014 00014 00014
00014 00014 00014 00014 00014 00014 00014 00014 00014 00014 00014 00014 00014 00014 00014 00014
00014 00014 00014 00014 00014 00014 00014 00014 00014 00014 00014 00014 00014 00014 00014 00014
00014 00014 00014 00014 00014 00014 00014 00014 00014 00014 00014 00014 00014 00014 00014 00014
00014 00014 00014 00014 00014 00014 00014 00014 00014 00014 00014 00014 00014 00014 00014 00014
00014 00014 00014 00014 00014 00014 00014 00014 00014 00014 00014 00014 00014 00014 00014 00014
00014 00014 00014 00014 00014 00014 00014 00014 00014 00014 00014 00014 00014 00014 00014 00014
00014 00014 00014 00014 00014 00014 00014 00014 00014 00014 00014 00014 00014 00014 00014 00014
00014 00014 00014 00014 00014 00014 00014 00014 00014 00014 00014 00014 00014 00014 00014 00014
00014 00014 00014 00014 00014 00014 00014 00014 00014 00014 00014 00014 00014 00014 00014 00014
00014 00014 00014 00014 00014 00014 00014 00014 00014 00014 00014 00014 00014 00014 00014 00014
00014 00014 00014 00014 00014 00014 00014 00014 00014 00014 00014 00014 00014 00014 00014 00014
00014 00014 00014 00014 00014 00014 00014 00014 00014 00014 00014 00014 00014 00014 00014 00014
00014 00014 00014 00014 00014 00014 00014 00014 00014 00014 00014 00014 00014 00014 00014 00014
00014 00014 00014 00014 00014 00014 00014 00014 00014 00014 00014 00014 00014 00014 00014 00014
00014 00014 00014 00014 00014 00014 00014 00014 00014 00014 00014 00014 00014 00014 00014 00014
00014 00014 00014 00014 00014 00014 00014 00014 00014 00014 00014 00014 00014 00014 00014 00014
00014 00014 00014 00014 00014 00014 00014 00014 00014 00014 00014 00014 00014 00014 00014 00014
00014 00014 00014 00014 00014 00014 00014 00014 00014 00014 00014 00014 00014 00014 00014 00014
00014 00014 00014 00014 00014 00014 00014 00014 00014 00014 00014 00014 00014 00014 00014 00014
00014 00014 00014 00014 00014 00014 00014 00014 00014 00014 00014 00014 00014 00014 00014 00014
00014 00014 00014 00014 00014 00014 00014 00014 00014 00014 00014 00014 00014 00014 00014 00014
00014 00014 00014 00014 00014 00014 00014 00014 00014 00014 00014 00014 00014 00014 00014 00014
00014 00014 00014 00014 00014 00014 00014 00014 00014 00014 00014 00014 00014 00014 00014 00014
00014 00014 00014 00014 00014 00014 00014 00014 00014 00014 00014 00014 00014 00014 00014 00014
00014 00014 00014 00014 00014 00014 00014 00014 00014 00014 00014 00014 00014 00014 00014 00014
00014 00014 00014 00014 00013 00013 00013 00013 00013 00013 00013 00013 00013 00013 00013 00013
00013 00013 00013 00013 00013 00013 00013 00013 00013 00013 00013 00013 00013 00013 00013 00013
00013 00013 00013 00013 00013 00013 00013 00013 00013 00013 00013 00013 00013 00013 00013 00013
00013 00013 00013 00013 00013 00013 00013 00013 00013 00013 00013 00013 00013 00013 00013 00013
00013 00013 00013 00013 00013 00013 00013 00013 00013 00013 00013 00013 00013 00013 00013 00013
00013 00013 00013 00013 00013 00013 00013 00013 00013 00013 00013 00013 00013 00013 00013 00013
00013 00013 00013 00013 00013 00013 00013 00013 00013 00013 00013 00013 00013 00013 00013 00013
00013 00013 00013 00013 00013 00013 00013 00013 00013 00013 00013 00013 00013 00013 00013 00013
00013 00013 00013 00013 00013 00013 00013 00013 00013 00013 00013 00013 00013 00013 00013 00013
00013 00013 00013 00013 00013 00013 00013 00013 00013 00013 00013 00013 00013 00013 00013 00013
00013 00013 00013 00013 00013 00013 00013 00013 00013 00013 00013 00013 00013 00013 00013 00013
00013 00013 00013 00013 00013 00013 00013 00013 00013 00013 00013 00013 00013 00013 00013 00013
00013 00013 00013 00013 00013 00013 00013 00013 00013 00013 00013 00013 00013 00013 00013 00013
00013 00013 00013 00013 00013 00013 00013 00013 00013 00013 00013 00013 00013 00013 00013 00013
00013 00013 00013 00013 00013 00013 00013 00013 00013 00013 00013 00013 00013 00013 00013 00013
00013 00013 00013 00013 00013 00013 00013 00013 00013 00013 00013 00013 00013 00013 00013 00013
00013 00013 00013 00013 00013 00013 00013 00013 00013 00013 00013 00013 00013 00013 00013 00013
00013 00013 00013 00013 00013 00013 00013 00013 00013 00013 00013 00013 00013 00013 00013 00013
00013 00013 00013 00013 00013 00013 00013 00013 00013 00013 00013 00013 00013 00013 00013 00013
00013 00013 00013 00013 00013 00013 00013 00013 00013 00013 00013 00013 00013 00013 00013 00013
00013 00013 00013 00013 00013 00013 00013 00013 00013 00013 00013 00013 00013 00013 00013 00013
00013 00013 00013 00013 00013 00013 00013 00013 00013 00013 00013 00013 00013 00013 00013 00013
00013 00013 00013 00013 00013 00013 00013 00013 00013 00013 00013 00013 00013 00013 00013 00013
00013 00013 00013 00013 00013 00013 00013 00013 00013 00013 00013 00013 00013 00013 00013 00013
00013 00013 00013 00013 00013 00013 00013 00013 00013 00013 00013 00013 00013 00013 00013 00013
00013 00013 00013 00013 00013 00013 00013 00013 00013 00013 00013 00013 00013 00013 00013 00013
00013 00013 00013 00013 00013 00013 00013 00013 00013 00013 00013 00013 00013 00013 00013 00013
00013 00013 00013 00013 00013 00013 00013 00013 00013 00013 00013 00013 00013 00013 00013 00013
00013 00013 00013 00013 00013 00013 00013 00013 00013 00013 00013 00013 00013 00013 00013 00013
00013 00013 00013 00013 00013 00013 00013 00013 00013 00013 00013 00013 00013 00013 00013 00013
00013 00013 00013 00013 00013 00013 00013 00013 00013 00013 00013 00013 00013 00013 00013 00013
00013 00013 00013 00013 00013 00013 00013 00013 00013 00013 00013 00013 00013 00013 00013 00013
00013 00013 00013 00013 00013 00013 00013 00013 00013 00013 00013 00013 00013 00013 00013 00013
00013 00013 00013 00013 00013 00013 00013 00013 00013 00013 00013 00013 00013 00013 00013 00013
00013 00013 00013 00013 00013 00013 00013 00013 00013 00013 00013 00013 00013 00013 00013 00013
00013 00013 00013 00013 00013 00013 00013 00013 00013 00013 00013 00013 00013 00013 00013 00013
00013 00013 00013 00013 00013 00013 00013 00013 00013 00013 00013 00013 00013 00013 00013 00013
00013 00013 00013 00013 00013 00013 00013 00013 00013 00013 00013 00013 00013 00013 00013 00013
00013 00013 00013 00013 00013 00013 00013 00013 00013 00013 00013 00013 00013 00013 00013 00013
00013 00013 00013 00013 00013 00013 00013 00013 00013 00013 00013 00013 00013 00013 00013 00013
00013 00013 00013 00013 00013 00013 00013 00013 00013 00013 00013 00013 00013 00013 00013 00013
00013 00013 00013 00013 00013 00013 00013 00013 00013 00013 00013 00013 00013 00013 00013 00013
00013 00013 00013 00013 00013 00013 00013 00013 00013 00013 00013 00013 00013 00013 00013 00013
00013 00013 00013 00013 00013 00013 00013 00013 00013 00013 00013 00013 00013 00013 00013 00013
00013 00013 00013 00013 00013 00013 00013 00013 00013 00013 00013 00013 00013 00013 00013 00013
00013 00013 00013 00013 00013 00013 00013 00013 00013 00013 00012 00012 00012 00012 00012 00012
00012 00012 00012 00012 00012 00012 00012 00012 00012 00012 00012 00012 00012 00012 00012 00012
00012 00012 00012 00012 00012 00012 00012 00012 00012 00012 00012 00012 00012 00012 00012 00012
00012 00012 00012 00012 00012 00012 00012 00012 00012 00012 00012 00012 00012 00012 00012 00012
00012 00012 00012 00012 00012 00012 00012 00012 00012 00012 00012 00012 00012 00012 00012 00012
00012 00012 00012 00012 00012 00012 00012 00012 00012 00012 00012 00012 00012 00012 00012 00012
00012 00012 00012 00012 00012 00012 00012 00012 00012 00012 00012 00012 00012 00012 00012 00012
00012 00012 00012 00012 00012 00012 00012 00012 00012 00012 00012 00012 00012 00012 00012 00012
00012 00012 00012 00012 00012 00012 00012 00012 00012 00012 00012 00012 00012 00012 00012 00012
00012 00012 00012 00012 00012 00012 00012 00012 00012 00012 00012 00012 00012 00012 00012 00012
00012 00012 00012 00012 00012 00012 00012 00012 00012 00012 00012 00012 00012 00012 00012 00012
00012 00012 00012 00012 00012 00012 00012 00012 00012 00012 00012 00012 00012 00012 00012 00012
00012 00012 00012 00012 00012 00012 00012 00012 00012 00012 00012 00012 00012 00012 00012 00012
00012 00012 00012 00012 00012 00012 00012 00012 00012 00012 00012 00012 00012 00012 00012 00012
00012 00012 00012 00012 00012 00012 00012 00012 00012 00012 00012 00012 00012 00012 00012 00012
00012 00012 00012 00012 00012 00012 00012 00012 00012 00012 00012 00012 00012 00012 00012 00012
00012 00012 00012 00012 00012 00012 00012 00012 00012 00012 00012 00012 00012 00012 00012 00012
00012 00012 00012 00012 00012 00012 00012 00012 00012 00012 00012 00012 00012 00012 00012 00012
00012 00012 00012 00012 00012 00012 00012 00012 00012 00012 00012 00012 00012 00012 00012 00012
00012 00012 00012 00012 00012 00012 00012 00012 00012 00012 00012 00012 00012 00012 00012 00012
00012 00012 00012 00012 00012 00012 00012 00012 00012 00012 00012 00012 00012 00012 00012 00012
00012 00012 00012 00012 00012 00012 00012 00012 00012 00012 00012 00012 00012 00012 00012 00012
00012 00012 00012 00012 00012 00012 00012 00012 00012 00012 00012 00012 00012 00012 00012 00012
00012 00012 00012 00012 00012 00012 00012 00012 00012 00012 00012 00012 00012 00012 00012 00012
00012 00012 00012 00012 00012 00012 00012 00012 00012 00012 00012 00012 00012 00012 00012 00012
00012 00012 00012 00012 00012 00012 00012 00012 00012 00012 00012 00012 00012 00012 00012 00012
00012 00012 00012 00012 00012 00012 00012 00012 00012 00012 00012 00012 00012 00012 00012 00012
00012 00012 00012 00012 00012 00012 00012 00012 00012 00012 00012 00012 00012 00012 00012 00012
00012 00012 00012 00012 00012 00012 00012 00012 00012 00012 00012 00012 00012 00012 00012 00012
00012 00012 00012 00012 00012 00012 00012 00012 00012 00012 00012 00012 00012 00012 00012 00012
00012 00012 00012 00012 00012 00012 00012 00012 00012 00012 00012 00012 00012 00012 00012 00012
00012 00012 00012 00012 00012 00012 00012 00012 00012 00012 00012 00012 00012 00012 00012 00012
00012 00012 00012 00012 00012 00012 00012 00012 00012 00012 00012 00012 00012 00012 00012 00012
00012 00012 00012 00012 00012 00012 00012 00012 00012 00012 00012 00012 00012 00012 00012 00012
00012 00012 00012 00012 00012 00012 00012 00012 00012 00012 00012 00012 00012 00012 00012 00012
00012 00012 00012 00012 00012 00012 00012 00012 00012 00012 00012 00012 00012 00012 00012 00012
00012 00012 00012 00012 00012 00012 00012 00012 00012 00012 00012 00012 00012 00012 00012 00012
00012 00012 00012 00012 00012 00012 00012 00012 00012 00012 00012 00012 00012 00012 00012 00012
00012 00012 00012 00012 00012 00012 00012 00012 00012 00012 00012 00012 00012 00012 00012 00012
00012 00012 00012 00012 00012 00012 00012 00012 00012 00012 00012 00012 00012 00012 00012 00012
00012 00012 00012 00012 00012 00012 00012 00012 00012 00012 00012 00012 00012 00012 00012 00012
00012 00012 00012 00012 00012 00012 00012 00012 00012 00012 00012 00012 00012 00012 00012 00012
00012 00012 00012 00012 00012 00012 00012 00012 00012 00012 00012 00012 00012 00012 00012 00012
00012 00012 00012 00012 00012 00012 00012 00012 00012 00012 00012 00012 00012 00012 00012 00012
00012 00012 00012 00012 00012 00012 00012 00012 00012 00012 00012 00012 00012 00012 00012 00012
00012 00012 00012 00012 00012 00012 00012 00012 00012 00012 00012 00012 00012 00012 00012 00012
00012 00012 00012 00012 00012 00012 00012 00012 00012 00012 00012 00012 00012 00012 00012 00012
00012 00012 00012 00012 00012 00012 00012 00012 00012 00012 00012 00012 00012 00012 00012 00012
00012 00012 00012 00012 00012 00012 00012 00012 00012 00012 00012 00012 00012 00012 00012 00012
00012 00012 00012 00012 00012 00012 00012 00012 00012 00012 00012 00012 00012 00012 00012 00012
00012 00012 00012 00012 00012 00012 00012 00012 00012 00012 00012 00012 00012 00012 00012 00012
00012 00012 00012 00012 00011 00011 00011 00011 00011 00011 00011 00011 00011 00011 00011 00011
00011 00011 00011 00011 00011 00011 00011 00011 00011 00011 00011 00011 00011 00011 00011 00011
00011 00011 00011 00011 00011 00011 00011 00011 00011 00011 00011 00011 00011 00011 00011 00011
00011 00011 00011 00011 00011 00011 00011 00011 00011 00011 00011 00011 00011 00011 00011 00011
00011 00011 00011 00011 00011 00011 00011 00011 00011 00011 00011 00011 00011 00011 00011 00011
00011 00011 00011 00011 00011 00011 00011 00011 00011 00011 00011 00011 00011 00011 00011 00011
00011 00011 00011 00011 00011 00011 00011 00011 00011 00011 00011 00011 00011 00011 00011 00011
00011 00011 00011 00011 00011 00011 00011 00011 00011 00011 00011 00011 00011 00011 00011 00011
00011 00011 00011 00011 00011 00011 00011 00011 00011 00011 00011 00011 00011 00011 00011 00011
00011 00011 00011 00011 00011 00011 00011 00011 00011 00011 00011 00011 00011 00011 00011 00011
00011 00011 00011 00011 00011 00011 00011 00011 00011 00011 00011 00011 00011 00011 00011 00011
00011 00011 00011 00011 00011 00011 00011 00011 00011 00011 00011 00011 00011 00011 00011 00011
00011 00011 00011 00011 00011 00011 00011 00011 00011 00011 00011 00011 00011 00011 00011 00011
00011 00011 00011 00011 00011 00011 00011 00011 00011 00011 00011 00011 00011 00011 00011 00011
00011 00011 00011 00011 00011 00011 00011 00011 00011 00011 00011 00011 00011 00011 00011 00011
00011 00011 00011 00011 00011 00011 00011 00011 00011 00011 00011 00011 00011 00011 00011 00011
00011 00011 00011 00011 00011 00011 00011 00011 00011 00011 00011 00011 00011 00011 00011 00011
00011 00011 00011 00011 00011 00011 00011 00011 00011 00011 00011 00011 00011 00011 00011 00011
00011 00011 00011 00011 00011 00011 00011 00011 00011 00011 00011 00011 00011 00011 00011 00011
00011 00011 00011 00011 00011 00011 00011 00011 00011 00011 00011 00011 00011 00011 00011 00011
00011 00011 00011 00011 00011 00011 00011 00011 00011 00011 00011 00011 00011 00011 00011 00011
00011 00011 00011 00011 00011 00011 00011 00011 00011 00011 00011 00011 00011 00011 00011 00011
00011 00011 00011 00011 00011 00011 00011 00011 00011 00011 00011 00011 00011 00011 00011 00011
00011 00011 00011 00011 00011 00011 00011 00011 00011 00011 00011 00011 00011 00011 00011 00011
00011 00011 00011 00011 00011 00011 00011 00011 00011 00011 00011 00011 00011 00011 00011 00011
00011 00011 00011 00011 00011 00011 00011 00011 00011 00011 00011 00011 00011 00011 00011 00011
00011 00011 00011 00011 00011 00011 00011 00011 00011 00011 00011 00011 00011 00011 00011 00011
00011 00011 00011 00011 00011 00011 00011 00011 00011 00011 00011 00011 00011 00011 00011 00011
00011 00011 00011 00011 00011 00011 00011 00011 00011 00011 00011 00011 00011 00011 00011 00011
00011 00011 00011 00011 00011 00011 00011 00011 00011 00011 00011 00011 00011 00011 00011 00011
00011 00011 00011 00011 00011 00011 00011 00011 00011 00011 00011 00011 00011 00011 00011 00011
00011 00011 00011 00011 00011 00011 00011 00011 00011 00011 00011 00011 00011 00011 00011 00011
00011 00011 00011 00011 00011 00011 00011 00011 00011 00011 00011 00011 00011 00011 00011 00011
00011 00011 00011 00011 00011 00011 00011 00011 00011 00011 00011 00011 00011 00011 00011 00011
00011 00011 00011 00011 00011 00011 00011 00011 00011 00011 00011 00011 00011 00011 00011 00011
00011 00011 00011 00011 00011 00011 00011 00011 00011 00011 00011 00011 00011 00011 00011 00011
00011 00011 00011 00011 00011 00011 00011 00011 00011 00011 00011 00011 00011 00011 00011 00011
00011 00011 00011 00011 00011 00011 00011 00011 00011 00011 00011 00011 00011 00011 00011 00011
00011 00011 00011 00011 00011 00011 00011 00011 00011 00011 00011 00011 00011 00011 00011 00011
00011 00011 00011 00011 00011 00011 00011 00011 00011 00011 00011 00011 00011 00011 00011 00011
00011 00011 00011 00011 00011 00011 00011 00011 00011 00011 00011 00011 00011 00011 00011 00011
00011 00011 00011 00011 00011 00011 00011 00011 00011 00011 00011 00011 00011 00011 00011 00011
00011 00011 00011 00011 00011 00011 00011 00011 00011 00011 00011 00011 00011 00011 00011 00011
00011 00011 00011 00011 00011 00011 00011 00011 00011 00011 00011 00011 00011 00011 00011 00011
00011 00011 00011 00011 00011 00011 00011 00011 00011 00011 00011 00011 00011 00011 00011 00011
00011 00011 00011 00011 00011 00011 00011 00011 00011 00011 00011 00011 00011 00011 00011 00011
00011 00011 00011 00011 00011 00011 00011 00011 00011 00011 00011 00011 00011 00011 00011 00011
00011 00011 00011 00011 00011 00011 00011 00011 00011 00011 00011 00011 00011 00011 00011 00011
00011 00011 00011 00011 00011 00011 00011 00011 00011 00011 00011 00011 00011 00011 00011 00011
00011 00011 00011 00011 00011 00011 00011 00011 00011 00011 00011 00011 00011 00011 00011 00011
00011 00011 00011 00011 00011 00011 00011 00011 00011 00011 00011 00011 00011 00011 00011 00011
00011 00011 00011 00011 00011 00011 00011 00011 00011 00011 00011 00011 00011 00011 00011 00011
00011 00011 00011 00011 00011 00011 00011 00011 00011 00011 00011 00011 00011 00011 00011 00011
00011 00011 00011 00011 00011 00011 00011 00011 00011 00011 00011 00011 00011 00011 00011 00011
00011 00011 00011 00011 00011 00011 00011 00011 00011 00011 00011 00011 00011 00011 00011 00011
00011 00011 00011 00011 00011 00011 00011 00011 00011 00011 00011 00011 00011 00011 00011 00011
00011 00011 00011 00011 00011 00011 00011 00011 00011 00011 00011 00011 00011 00011 00011 00011
00010 00010 00010 00010 00010 00010 00010 00010 00010 00010 00010 00010 00010 00010 00010 00010
00010 00010 00010 00010 00010 00010 00010 00010 00010 00010 00010 00010 00010 00010 00010 00010
00010 00010 00010 00010 00010 00010 00010 00010 00010 00010 00010 00010 00010 00010 00010 00010
00010 00010 00010 00010 00010 00010 00010 00010 00010 00010 00010 00010 00010 00010 00010 00010
00010 00010 00010 00010 00010 00010 00010 00010 00010 00010 00010 00010 00010 00010 00010 00010
00010 00010 00010 00010 00010 00010 00010 00010 00010 00010 00010 00010 00010 00010 00010 00010
00010 00010 00010 00010 00010 00010 00010 00010 00010 00010 00010 00010 00010 00010 00010 00010
00010 00010 00010 00010 00010 00010 00010 00010 00010 00010 00010 00010 00010 00010 00010 00010
00010 00010 00010 00010 00010 00010 00010 00010 00010 00010 00010 00010 00010 00010 00010 00010
00010 00010 00010 00010 00010 00010 00010 00010 00010 00010 00010 00010 00010 00010 00010 00010
00010 00010 00010 00010 00010 00010 00010 00010 00010 00010 00010 00010 00010 00010 00010 00010
00010 00010 00010 00010 00010 00010 00010 00010 00010 00010 00010 00010 00010 00010 00010 00010
00010 00010 00010 00010 00010 00010 00010 00010 00010 00010 00010 00010 00010 00010 00010 00010
00010 00010 00010 00010 00010 00010 00010 00010 00010 00010 00010 00010 00010 00010 00010 00010
00010 00010 00010 00010 00010 00010 00010 00010 00010 00010 00010 00010 00010 00010 00010 00010
00010 00010 00010 00010 00010 00010 00010 00010 00010 00010 00010 00010 00010 00010 00010 00010
00010 00010 00010 00010 00010 00010 00010 00010 00010 00010 00010 00010 00010 00010 00010 00010
00010 00010 00010 00010 00010 00010 00010 00010 00010 00010 00010 00010 00010 00010 00010 00010
00010 00010 00010 00010 00010 00010 00010 00010 00010 00010 00010 00010 00010 00010 00010 00010
00010 00010 00010 00010 00010 00010 00010 00010 00010 00010 00010 00010 00010 00010 00010 00010
00010 00010 00010 00010 00010 00010 00010 00010 00010 00010 00010 00010 00010 00010 00010 00010
00010 00010 00010 00010 00010 00010 00010 00010 00010 00010 00010 00010 00010 00010 00010 00010
00010 00010 00010 00010 00010 00010 00010 00010 00010 00010 00010 00010 00010 00010 00010 00010
00010 00010 00010 00010 00010 00010 00010 00010 00010 00010 00010 00010 00010 00010 00010 00010
00010 00010 00010 00010 00010 00010 00010 00010 00010 00010 00010 00010 00010 00010 00010 00010
00010 00010 00010 00010 00010 00010 00010 00010 00010 00010 00010 00010 00010 00010 00010 00010
00010 00010 00010 00010 00010 00010 00010 00010 00010 00010 00010 00010 00010 00010 00010 00010
00010 00010 00010 00010 00010 00010 00010 00010 00010 00010 00010 00010 00010 00010 00010 00010
00010 00010 00010 00010 00010 00010 00010 00010 00010 00010 00010 00010 00010 00010 00010 00010
00010 00010 00010 00010 00010 00010 00010 00010 00010 00010 00010 00010 00010 00010 00010 00010
00010 00010 00010 00010 00010 00010 00010 00010 00010 00010 00010 00010 00010 00010 00010 00010
00010 00010 00010 00010 00010 00010 00010 00010 00010 00010 00010 00010 00010 00010 00010 00010
00010 00010 00010 00010 00010 00010 00010 00010 00010 00010 00010 00010 00010 00010 00010 00010
00010 00010 00010 00010 00010 00010 00010 00010 00010 00010 00010 00010 00010 00010 00010 00010
00010 00010 00010 00010 00010 00010 00010 00010 00010 00010 00010 00010 00010 00010 00010 00010
00010 00010 00010 00010 00010 00010 00010 00010 00010 00010 00010 00010 00010 00010 00010 00010
00010 00010 00010 00010 00010 00010 00010 00010 00010 00010 00010 00010 00010 00010 00010 00010
00010 00010 00010 00010 00010 00010 00010 00010 00010 00010 00010 00010 00010 00010 00010 00010
00010 00010 00010 00010 00010 00010 00010 00010 00010 00010 00010 00010 00010 00010 00010 00010
00010 00010 00010 00010 00010 00010 00010 00010 00010 00010 00010 00010 00010 00010 00010 00010
00010 00010 00010 00010 00010 00010 00010 00010 00010 00010 00010 00010 00010 00010 00010 00010
00010 00010 00010 00010 00010 00010 00010 00010 00010 00010 00010 00010 00010 00010 00010 00010
00010 00010 00010 00010 00010 00010 00010 00010 00010 00010 00010 00010 00010 00010 00010 00010
00010 00010 00010 00010 00010 00010 00010 00010 00010 00010 00010 00010 00010 00010 00010 00010
00010 00010 00010 00010 00010 00010 00010 00010 00010 00010 00010 00010 00010 00010 00010 00010
00010 00010 00010 00010 00010 00010 00010 00010 00010 00010 00010 00010 00010 00010 00010 00010
00010 00010 00010 00010 00010 00010 00010 00010 00010 00010 00010 00010 00010 00010 00010 00010
00010 00010 00010 00010 00010 00010 00010 00010 00010 00010 00010 00010 00010 00010 00010 00010
00010 00010 00010 00010 00010 00010 00010 00010 00010 00010 00010 00010 00010 00010 00010 00010
00010 00010 00010 00010 00010 00010 00010 00010 00010 00010 00010 00010 00010 00010 00010 00010
00010 00010 00010 00010 00010 00010 00010 00010 00010 00010 00010 00010 00010 00010 00010 00010
00010 00010 00010 00010 00010 00010 00010 00010 00010 00010 00010 00010 00010 00010 00010 00010
00010 00010 00010 00010 00010 00010 00010 00010 00010 00010 00010 00010 00010 00010 00010 00010
00010 00010 00010 00010 00010 00010 00010 00010 00010 00010 00010 00010 00010 00010 00010 00010
00010 00010 00010 00010 00010 00010 00010 00010 00010 00010 00010 00010 00010 00010 00010 00010
00010 00010 00010 00010 00010 00010 00010 00010 00010 00010 00010 00010 00010 00010 00010 00010
00010 00010 00010 00010 00010 00010 00010 00010 00010 00010 00010 00010 00010 00010 00010 00010
00010 00010 00010 00010 00010 00010 00010 00010 00010 00010 00010 00010 00010 00010 00010 00010
00010 00010 00010 00010 00010 00010 00010 00010 00010 00010 00010 00010 00010 00010 00010 00010
00010 00010 00010 00010 00010 00010 00010 00010 00010 00010 00010 00010 00010 00010 00010 00010
00010 00010 00010 00010 00010 00010 00010 00010 00010 00010 00010 00010 00010 00010 00010 00010
00010 00010 00010 00010 00010 00010 00010 00010 00010 00010 00010 00010 00010 00010 00010 00010
00010 00010 00010 00010 00010 00010 00010 00010 00010 00010 00010 00010 00010 00010 00010 00010
00010 00010 00010 00010 00010 00010 00010 00010 00010 00010 00010 00010 00010 00010 00010 00010
00010 0000F 0000F 0000F 0000F 0000F 0000F 0000F 0000F 0000F 0000F 0000F 0000F 0000F 0000F 0000F
0000F 0000F 0000F 0000F 0000F 0000F 0000F 0000F 0000F 0000F 0000F 0000F 0000F 0000F 0000F 0000F
0000F 0000F 0000F 0000F 0000F 0000F 0000F 0000F 0000F 0000F 0000F 0000F 0000F 0000F 0000F 0000F
0000F 0000F 0000F 0000F 0000F 0000F 0000F 0000F 0000F 0000F 0000F 0000F 0000F 0000F 0000F 0000F
0000F 0000F 0000F 0000F 0000F 0000F 0000F 0000F 0000F 0000F 0000F 0000F 0000F 0000F 0000F 0000F
0000F 0000F 0000F 0000F 0000F 0000F 0000F 0000F 0000F 0000F 0000F 0000F 0000F 0000F 0000F 0000F
0000F 0000F 0000F 0000F 0000F 0000F 0000F 0000F 0000F 0000F 0000F 0000F 0000F 0000F 0000F 0000F
0000F 0000F 0000F 0000F 0000F 0000F 0000F 0000F 0000F 0000F 0000F 0000F 0000F 0000F 0000F 0000F
0000F 0000F 0000F 0000F 0000F 0000F 0000F 0000F 0000F 0000F 0000F 0000F 0000F 0000F 0000F 0000F
0000F 0000F 0000F 0000F 0000F 0000F 0000F 0000F 0000F 0000F 0000F 0000F 0000F 0000F 0000F 0000F
0000F 0000F 0000F 0000F 0000F 0000F 0000F 0000F 0000F 0000F 0000F 0000F 0000F 0000F 0000F 0000F
0000F 0000F 0000F 0000F 0000F 0000F 0000F 0000F 0000F 0000F 0000F 0000F 0000F 0000F 0000F 0000F
0000F 0000F 0000F 0000F 0000F 0000F 0000F 0000F 0000F 0000F 0000F 0000F 0000F 0000F 0000F 0000F
0000F 0000F 0000F 0000F 0000F 0000F 0000F 0000F 0000F 0000F 0000F 0000F 0000F 0000F 0000F 0000F
0000F 0000F 0000F 0000F 0000F 0000F 0000F 0000F 0000F 0000F 0000F 0000F 0000F 0000F 0000F 0000F
0000F 0000F 0000F 0000F 0000F 0000F 0000F 0000F 0000F 0000F 0000F 0000F 0000F 0000F 0000F 0000F
0000F 0000F 0000F 0000F 0000F 0000F 0000F 0000F 0000F 0000F 0000F 0000F 0000F 0000F 0000F 0000F
0000F 0000F 0000F 0000F 0000F 0000F 0000F 0000F 0000F 0000F 0000F 0000F 0000F 0000F 0000F 0000F
0000F 0000F 0000F 0000F 0000F 0000F 0000F 0000F 0000F 0000F 0000F 0000F 0000F 0000F 0000F 0000F
0000F 0000F 0000F 0000F 0000F 0000F 0000F 0000F 0000F 0000F 0000F 0000F 0000F 0000F 0000F 0000F
0000F 0000F 0000F 0000F 0000F 0000F 0000F 0000F 0000F 0000F 0000F 0000F 0000F 0000F 0000F 0000F
0000F 0000F 0000F 0000F 0000F 0000F 0000F 0000F 0000F 0000F 0000F 0000F 0000F 0000F 0000F 0000F
0000F 0000F 0000F 0000F 0000F 0000F 0000F 0000F 0000F 0000F 0000F 0000F 0000F 0000F 0000F 0000F
0000F 0000F 0000F 0000F 0000F 0000F 0000F 0000F 0000F 0000F 0000F 0000F 0000F 0000F 0000F 0000F
0000F 0000F 0000F 0000F 0000F 0000F 0000F 0000F 0000F 0000F 0000F 0000F 0000F 0000F 0000F 0000F
0000F 0000F 0000F 0000F 0000F 0000F 0000F 0000F 0000F 0000F 0000F 0000F 0000F 0000F 0000F 0000F
0000F 0000F 0000F 0000F 0000F 0000F 0000F 0000F 0000F 0000F 0000F 0000F 0000F 0000F 0000F 0000F
0000F 0000F 0000F 0000F 0000F 0000F 0000F 0000F 0000F 0000F 0000F 0000F 0000F 0000F 0000F 0000F
0000F 0000F 0000F 0000F 0000F 0000F 0000F 0000F 0000F 0000F 0000F 0000F 0000F 0000F 0000F 0000F
0000F 0000F 0000F 0000F 0000F 0000F 0000F 0000F 0000F 0000F 0000F 0000F 0000F 0000F 0000F 0000F
0000F 0000F 0000F 0000F 0000F 0000F 0000F 0000F 0000F 0000F 0000F 0000F 0000F 0000F 0000F 0000F
0000F 0000F 0000F 0000F 0000F 0000F 0000F 0000F 0000F 0000F 0000F 0000F 0000F 0000F 0000F 0000F
0000F 0000F 0000F 0000F 0000F 0000F 0000F 0000F 0000F 0000F 0000F 0000F 0000F 0000F 0000F 0000F
0000F 0000F 0000F 0000F 0000F 0000F 0000F 0000F 0000F 0000F 0000F 0000F 0000F 0000F 0000F 0000F
0000F 0000F 0000F 0000F 0000F 0000F 0000F 0000F 0000F 0000F 0000F 0000F 0000F 0000F 0000F 0000F
0000F 0000F 0000F 0000F 0000F 0000F 0000F 0000F 0000F 0000F 0000F 0000F 0000F 0000F 0000F 0000F
0000F 0000F 0000F 0000F 0000F 0000F 0000F 0000F 0000F 0000F 0000F 0000F 0000F 0000F 0000F 0000F
0000F 0000F 0000F 0000F 0000F 0000F 0000F 0000F 0000F 0000F 0000F 0000F 0000F 0000F 0000F 0000F
0000F 0000F 0000F 0000F 0000F 0000F 0000F 0000F 0000F 0000F 0000F 0000F 0000F 0000F 0000F 0000F
0000F 0000F 0000F 0000F 0000F 0000F 0000F 0000F 0000F 0000F 0000F 0000F 0000F 0000F 0000F 0000F
0000F 0000F 0000F 0000F 0000F 0000F 0000F 0000F 0000F 0000F 0000F 0000F 0000F 0000F 0000F 0000F
0000F 0000F 0000F 0000F 0000F 0000F 0000F 0000F 0000F 0000F 0000F 0000F 0000F 0000F 0000F 0000F
0000F 0000F 0000F 0000F 0000F 0000F 0000F 0000F 0000F 0000F 0000F 0000F 0000F 0000F 0000F 0000F
0000F 0000F 0000F 0000F 0000F 0000F 0000F 0000F 0000F 0000F 0000F 0000F 0000F 0000F 0000F 0000F
0000F 0000F 0000F 0000F 0000F 0000F 0000F 0000F 0000F 0000F 0000F 0000F 0000F 0000F 0000F 0000F
0000F 0000F 0000F 0000F 0000F 0000F 0000F 0000F 0000F 0000F 0000F 0000F 0000F 0000F 0000F 0000F
0000F 0000F 0000F 0000F 0000F 0000F 0000F 0000F 0000F 0000F 0000F 0000F 0000F 0000F 0000F 0000F
0000F 0000F 0000F 0000F 0000F 0000F 0000F 0000F 0000F 0000F 0000F 0000F 0000F 0000F 0000F 0000F
0000F 0000F 0000F 0000F 0000F 0000F 0000F 0000F 0000F 0000F 0000F 0000F 0000F 0000F 0000F 0000F
0000F 0000F 0000F 0000F 0000F 0000F 0000F 0000F 0000F 0000F 0000F 0000F 0000F 0000F 0000F 0000F
0000F 0000F 0000F 0000F 0000F 0000F 0000F 0000F 0000F 0000F 0000F 0000F 0000F 0000F 0000F 0000F
0000F 0000F 0000F 0000F 0000F 0000F 0000F 0000F 0000F 0000F 0000F 0000F 0000F 0000F 0000F 0000F
0000F 0000F 0000F 0000F 0000F 0000F 0000F 0000F 0000F 0000F 0000F 0000F 0000F 0000F 0000F 0000F
0000F 0000F 0000F 0000F 0000F 0000F 0000F 0000F 0000F 0000F 0000F 0000F 0000F 0000F 0000F 0000F
0000F 0000F 0000F 0000F 0000F 0000F 0000F 0000F 0000F 0000F 0000F 0000F 0000F 0000F 0000F 0000F
0000F 0000F 0000F 0000F 0000F 0000F 0000F 0000F 0000F 0000F 0000F 0000F 0000F 0000F 0000F 0000F
0000F 0000F 0000F 0000F 0000F 0000F 0000F 0000F 0000F 0000F 0000F 0000F 0000F 0000F 0000F 0000F
0000F 0000F 0000F 0000F 0000F 0000F 0000F 0000F 0000F 0000F 0000F 0000F 0000F 0000F 0000F 0000F
0000F 0000F 0000F 0000F 0000F 0000F 0000F 0000F 0000F 0000F 0000F 0000F 0000F 0000F 0000F 0000F
0000F 0000F 0000F 0000F 0000F 0000F 0000F 0000F 0000F 0000F 0000F 0000F 0000F 0000F 0000F 0000F
0000F 0000F 0000F 0000F 0000F 0000F 0000F 0000F 0000F 0000F 0000F 0000F 0000F 0000F 0000F 0000F
0000F 0000F 0000F 0000F 0000F 0000F 0000F 0000F 0000F 0000F 0000F 0000F 0000F 0000F 0000F 0000F
0000F 0000F 0000F 0000F 0000F 0000F 0000F 0000F 0000F 0000F 0000F 0000F 0000F 0000F 0000F 0000F
0000F 0000F 0000F 0000F 0000F 0000F 0000F 0000F 0000F 0000F 0000F 0000F 0000F 0000F 0000F 0000F
0000F 0000F 0000F 0000F 0000F 0000F 0000F 0000F 0000F 0000F 0000F 0000F 0000F 0000F 0000F 0000F
0000F 0000F 0000F 0000F 0000F 0000F 0000F 0000F 0000F 0000F 0000F 0000F 0000F 0000F 0000F 0000F
0000F 0000F 0000F 0000F 0000F 0000F 0000F 0000F 0000F 0000F 0000F 0000F 0000F 0000F 0000F 0000F
0000F 0000F 0000F 0000F 0000F 0000F 0000F 0000F 0000F 0000F 0000F 0000F 0000F 0000F 0000F 0000F
0000F 0000F 0000F 0000F 0000F 0000F 0000F 0000F 0000F 0000F 0000F 0000F 0000F 0000F 0000F 0000F
0000F 0000F 0000F 0000F 0000F 0000F 0000F 0000F 0000F 0000F 0000F 0000F 0000F 0000F 0000F 0000F
0000F 0000F 0000F 0000F 0000F 0000F 0000F 0000F 0000F 0000F 0000F 0000F 0000F 0000F 0000F 0000F
0000F 0000F 0000F 0000F 0000F 0000F 0000F 0000F 0000F 0000F 0000F 0000F 0000F 0000F 0000F 0000F
0000F 0000F 0000F 0000F 0000F 0000F 0000F 0000F 0000F 0000F 0000F 0000F 0000F 0000F 0000F 0000E
0000E 0000E 0000E 0000E 0000E 0000E 0000E 0000E 0000E 0000E 0000E 0000E 0000E 0000E 0000E 0000E
0000E 0000E 0000E 0000E 0000E 0000E 0000E 0000E 0000E 0000E 0000E 0000E 0000E 0000E 0000E 0000E
0000E 0000E 0000E 0000E 0000E 0000E 0000E 0000E 0000E 0000E 0000E 0000E 0000E 0000E 0000E 0000E
0000E 0000E 0000E 0000E 0000E 0000E 0000E 0000E 0000E 0000E 0000E 0000E 0000E 0000E 0000E 0000E
0000E 0000E 0000E 0000E 0000E 0000E 0000E 0000E 0000E 0000E 0000E 0000E 0000E 0000E 0000E 0000E
0000E 0000E 0000E 0000E 0000E 0000E 0000E 0000E 0000E 0000E 0000E 0000E 0000E 0000E 0000E 0000E
0000E 0000E 0000E 0000E 0000E 0000E 0000E 0000E 0000E 0000E 0000E 0000E 0000E 0000E 0000E 0000E
0000E 0000E 0000E 0000E 0000E 0000E 0000E 0000E 0000E 0000E 0000E 0000E 0000E 0000E 0000E 0000E
0000E 0000E 0000E 0000E 0000E 0000E 0000E 0000E 0000E 0000E 0000E 0000E 0000E 0000E 0000E 0000E
0000E 0000E 0000E 0000E 0000E 0000E 0000E 0000E 0000E 0000E 0000E 0000E 0000E 0000E 0000E 0000E
0000E 0000E 0000E 0000E 0000E 0000E 0000E 0000E 0000E 0000E 0000E 0000E 0000E 0000E 0000E 0000E
0000E 0000E 0000E 0000E 0000E 0000E 0000E 0000E 0000E 0000E 0000E 0000E 0000E 0000E 0000E 0000E
0000E 0000E 0000E 0000E 0000E 0000E 0000E 0000E 0000E 0000E 0000E 0000E 0000E 0000E 0000E 0000E
0000E 0000E 0000E 0000E 0000E 0000E 0000E 0000E 0000E 0000E 0000E 0000E 0000E 0000E 0000E 0000E
0000E 0000E 0000E 0000E 0000E 0000E 0000E 0000E 0000E 0000E 0000E 0000E 0000E 0000E 0000E 0000E
0000E 0000E 0000E 0000E 0000E 0000E 0000E 0000E 0000E 0000E 0000E 0000E 0000E 0000E 0000E 0000E
0000E 0000E 0000E 0000E 0000E 0000E 0000E 0000E 0000E 0000E 0000E 0000E 0000E 0000E 0000E 0000E
0000E 0000E 0000E 0000E 0000E 0000E 0000E 0000E 0000E 0000E 0000E 0000E 0000E 0000E 0000E 0000E
0000E 0000E 0000E 0000E 0000E 0000E 0000E 0000E 0000E 0000E 0000E 0000E 0000E 0000E 0000E 0000E
0000E 0000E 0000E 0000E 0000E 0000E 0000E 0000E 0000E 0000E 0000E 0000E 0000E 0000E 0000E 0000E
0000E 0000E 0000E 0000E 0000E 0000E 0000E 0000E 0000E 0000E 0000E 0000E 0000E 0000E 0000E 0000E
0000E 0000E 0000E 0000E 0000E 0000E 0000E 0000E 0000E 0000E 0000E 0000E 0000E 0000E 0000E 0000E
0000E 0000E 0000E 0000E 0000E 0000E 0000E 0000E 0000E 0000E 0000E 0000E 0000E 0000E 0000E 0000E
0000E 0000E 0000E 0000E 0000E 0000E 0000E 0000E 0000E 0000E 0000E 0000E 0000E 0000E 0000E 0000E
0000E 0000E 0000E 0000E 0000E 0000E 0000E 0000E 0000E 0000E 0000E 0000E 0000E 0000E 0000E 0000E
0000E 0000E 0000E 0000E 0000E 0000E 0000E 0000E 0000E 0000E 0000E 0000E 0000E 0000E 0000E 0000E
0000E 0000E 0000E 0000E 0000E 0000E 0000E 0000E 0000E 0000E 0000E 0000E 0000E 0000E 0000E 0000E
0000E 0000E 0000E 0000E 0000E 0000E 0000E 0000E 0000E 0000E 0000E 0000E 0000E 0000E 0000E 0000E
0000E 0000E 0000E 0000E 0000E 0000E 0000E 0000E 0000E 0000E 0000E 0000E 0000E 0000E 0000E 0000E
0000E 0000E 0000E 0000E 0000E 0000E 0000E 0000E 0000E 0000E 0000E 0000E 0000E 0000E 0000E 0000E
0000E 0000E 0000E 0000E 0000E 0000E 0000E 0000E 0000E 0000E 0000E 0000E 0000E 0000E 0000E 0000E
0000E 0000E 0000E 0000E 0000E 0000E 0000E 0000E 0000E 0000E 0000E 0000E 0000E 0000E 0000E 0000E
0000E 0000E 0000E 0000E 0000E 0000E 0000E 0000E 0000E 0000E 0000E 0000E 0000E 0000E 0000E 0000E
0000E 0000E 0000E 0000E 0000E 0000E 0000E 0000E 0000E 0000E 0000E 0000E 0000E 0000E 0000E 0000E
0000E 0000E 0000E 0000E 0000E 0000E 0000E 0000E 0000E 0000E 0000E 0000E 0000E 0000E 0000E 0000E
0000E 0000E 0000E 0000E 0000E 0000E 0000E 0000E 0000E 0000E 0000E 0000E 0000E 0000E 0000E 0000E
0000E 0000E 0000E 0000E 0000E 0000E 0000E 0000E 0000E 0000E 0000E 0000E 0000E 0000E 0000E 0000E
0000E 0000E 0000E 0000E 0000E 0000E 0000E 0000E 0000E 0000E 0000E 0000E 0000E 0000E 0000E 0000E
0000E 0000E 0000E 0000E 0000E 0000E 0000E 0000E 0000E 0000E 0000E 0000E 0000E 0000E 0000E 0000E
0000E 0000E 0000E 0000E 0000E 0000E 0000E 0000E 0000E 0000E 0000E 0000E 0000E 0000E 0000E 0000E
0000E 0000E 0000E 0000E 0000E 0000E 0000E 0000E 0000E 0000E 0000E 0000E 0000E 0000E 0000E 0000E
0000E 0000E 0000E 0000E 0000E 0000E 0000E 0000E 0000E 0000E 0000E 0000E 0000E 0000E 0000E 0000E
0000E 0000E 0000E 0000E 0000E 0000E 0000E 0000E 0000E 0000E 0000E 0000E 0000E 0000E 0000E 0000E
0000E 0000E 0000E 0000E 0000E 0000E 0000E 0000E 0000E 0000E 0000E 0000E 0000E 0000E 0000E 0000E
0000E 0000E 0000E 0000E 0000E 0000E 0000E 0000E 0000E 0000E 0000E 0000E 0000E 0000E 0000E 0000E
0000E 0000E 0000E 0000E 0000E 0000E 0000E 0000E 0000E 0000E 0000E 0000E 0000E 0000E 0000E 0000E
0000E 0000E 0000E 0000E 0000E 0000E 0000E 0000E 0000E 0000E 0000E 0000E 0000E 0000E 0000E 0000E
0000E 0000E 0000E 0000E 0000E 0000E 0000E 0000E 0000E 0000E 0000E 0000E 0000E 0000E 0000E 0000E
0000E 0000E 0000E 0000E 0000E 0000E 0000E 0000E 0000E 0000E 0000E 0000E 0000E 0000E 0000E 0000E
0000E 0000E 0000E 0000E 0000E 0000E 0000E 0000E 0000E 0000E 0000E 0000E 0000E 0000E 0000E 0000E
0000E 0000E 0000E 0000E 0000E 0000E 0000E 0000E 0000E 0000E 0000E 0000E 0000E 0000E 0000E 0000E
0000E 0000E 0000E 0000E 0000E 0000E 0000E 0000E 0000E 0000E 0000E 0000E 0000E 0000E 0000E 0000E
0000E 0000E 0000E 0000E 0000E 0000E 0000E 0000E 0000E 0000E 0000E 0000E 0000E 0000E 0000E 0000E
0000E 0000E 0000E 0000E 0000E 0000E 0000E 0000E 0000E 0000E 0000E 0000E 0000E 0000E 0000E 0000E
0000E 0000E 0000E 0000E 0000E 0000E 0000E 0000E 0000E 0000E 0000E 0000E 0000E 0000E 0000E 0000E
0000E 0000E 0000E 0000E 0000E 0000E 0000E 0000E 0000E 0000E 0000E 0000E 0000E 0000E 0000E 0000E
0000E 0000E 0000E 0000E 0000E 0000E 0000E 0000E 0000E 0000E 0000E 0000E 0000E 0000E 0000E 0000E
0000E 0000E 0000E 0000E 0000E 0000E 0000E 0000E 0000E 0000E 0000E 0000E 0000E 0000E 0000E 0000E
0000E 0000E 0000E 0000E 0000E 0000E 0000E 0000E 0000E 0000E 0000E 0000E 0000E 0000E 0000E 0000E
0000E 0000E 0000E 0000E 0000E 0000E 0000E 0000E 0000E 0000E 0000E 0000E 0000E 0000E 0000E 0000E
0000E 0000E 0000E 0000E 0000E 0000E 0000E 0000E 0000E 0000E 0000E 0000E 0000E 0000E 0000E 0000E
0000E 0000E 0000E 0000E 0000E 0000E 0000E 0000E 0000E 0000E 0000E 0000E 0000E 0000E 0000E 0000E
0000E 0000E 0000E 0000E 0000E 0000E 0000E 0000E 0000E 0000E 0000E 0000E 0000E 0000E 0000E 0000E
0000E 0000E 0000E 0000E 0000E 0000E 0000E 0000E 0000E 0000E 0000E 0000E 0000E 0000E 0000E 0000E
0000E 0000E 0000E 0000E 0000E 0000E 0000E 0000E 0000E 0000E 0000E 0000E 0000E 0000E 0000E 0000E
0000E 0000E 0000E 0000E 0000E 0000E 0000E 0000E 0000E 0000E 0000E 0000E 0000E 0000E 0000E 0000E
0000E 0000E 0000E 0000E 0000E 0000E 0000E 0000E 0000E 0000E 0000E 0000E 0000E 0000E 0000E 0000E
0000E 0000E 0000E 0000E 0000E 0000E 0000E 0000E 0000E 0000E 0000E 0000E 0000E 0000E 0000E 0000E
0000E 0000E 0000E 0000E 0000E 0000E 0000E 0000E 0000E 0000E 0000E 0000E 0000E 0000E 0000E 0000E
0000E 0000E 0000E 0000E 0000E 0000E 0000E 0000E 0000E 0000E 0000E 0000E 0000E 0000E 0000E 0000E
0000E 0000E 0000E 0000E 0000E 0000E 0000E 0000E 0000E 0000E 0000E 0000E 0000E 0000E 0000E 0000E
0000E 0000E 0000E 0000E 0000E 0000E 0000E 0000E 0000E 0000E 0000E 0000E 0000E 0000E 0000E 0000E
0000E 0000E 0000E 0000E 0000E 0000E 0000E 0000E 0000E 0000E 0000E 0000E 0000E 0000E 0000E 0000E
0000E 0000E 0000E 0000E 0000E 0000E 0000E 0000E 0000E 0000E 0000E 0000E 0000E 0000E 0000E 0000E
0000E 0000E 0000E 0000E 0000E 0000E 0000E 0000E 0000E 0000E 0000E 0000E 0000E 0000E 0000E 0000E
0000E 0000E 0000E 0000E 0000E 0000E 0000E 0000E 0000E 0000E 0000E 0000E 0000E 0000E 0000E 0000E
0000E 0000E 0000E 0000E 0000E 0000E 0000E 0000E 0000E 0000E 0000E 0000E 0000E 0000E 0000E 0000E
0000E 0000E 0000E 0000E 0000E 0000E 0000E 0000E 0000E 0000E 0000E 0000E 0000E 0000E 0000E 0000E
0000E 0000E 0000E 0000E 0000E 0000E 0000E 0000E 0000E 0000E 0000E 0000E 0000E 0000E 0000E 0000E
0000E 0000E 0000E 0000E 0000E 0000E 0000E 0000E 0000E 0000E 0000E 0000E 0000E 0000E 0000E 0000E
0000E 0000E 0000E 0000E 0000E 0000E 0000E 0000E 0000E 0000E 0000E 0000E 0000E 0000E 0000E 0000E
0000E 0000E 0000E 0000E 0000E 0000E 0000E 0000E 0000E 0000E 0000E 0000E 0000E 0000E 0000E 0000E
0000E 0000E 0000E 0000E 0000E 0000E 0000E 0000E 0000E 0000E 0000E 0000E 0000E 0000E 0000E 0000E
0000E 0000E 0000E 0000E 0000E 0000E 0000E 0000E 0000E 0000E 0000E 0000D 0000D 0000D 0000D 0000D
0000D 0000D 0000D 0000D 0000D 0000D 0000D 0000D 0000D 0000D 0000D 0000D 0000D 0000D 0000D 0000D
0000D 0000D 0000D 0000D 0000D 0000D 0000D 0000D 0000D 0000D 0000D 0000D 0000D 0000D 0000D 0000D
0000D 0000D 0000D 0000D 0000D 0000D 0000D 0000D 0000D 0000D 0000D 0000D 0000D 0000D 0000D 0000D
0000D 0000D 0000D 0000D 0000D 0000D 0000D 0000D 0000D 0000D 0000D 0000D 0000D 0000D 0000D 0000D
0000D 0000D 0000D 0000D 0000D 0000D 0000D 0000D 0000D 0000D 0000D 0000D 0000D 0000D 0000D 0000D
0000D 0000D 0000D 0000D 0000D 0000D 0000D 0000D 0000D 0000D 0000D 0000D 0000D 0000D 0000D 0000D
0000D 0000D 0000D 0000D 0000D 0000D 0000D 0000D 0000D 0000D 0000D 0000D 0000D 0000D 0000D 0000D
0000D 0000D 0000D 0000D 0000D 0000D 0000D 0000D 0000D 0000D 0000D 0000D 0000D 0000D 0000D 0000D
0000D 0000D 0000D 0000D 0000D 0000D 0000D 0000D 0000D 0000D 0000D 0000D 0000D 0000D 0000D 0000D
0000D 0000D 0000D 0000D 0000D 0000D 0000D 0000D 0000D 0000D 0000D 0000D 0000D 0000D 0000D 0000D
0000D 0000D 0000D 0000D 0000D 0000D 0000D 0000D 0000D 0000D 0000D 0000D 0000D 0000D 0000D 0000D
0000D 0000D 0000D 0000D 0000D 0000D 0000D 0000D 0000D 0000D 0000D 0000D 0000D 0000D 0000D 0000D
0000D 0000D 0000D 0000D 0000D 0000D 0000D 0000D 0000D 0000D 0000D 0000D 0000D 0000D 0000D 0000D
0000D 0000D 0000D 0000D 0000D 0000D 0000D 0000D 0000D 0000D 0000D 0000D 0000D 0000D 0000D 0000D
0000D 0000D 0000D 0000D 0000D 0000D 0000D 0000D 0000D 0000D 0000D 0000D 0000D 0000D 0000D 0000D
0000D 0000D 0000D 0000D 0000D 0000D 0000D 0000D 0000D 0000D 0000D 0000D 0000D 0000D 0000D 0000D
0000D 0000D 0000D 0000D 0000D 0000D 0000D 0000D 0000D 0000D 0000D 0000D 0000D 0000D 0000D 0000D
0000D 0000D 0000D 0000D 0000D 0000D 0000D 0000D 0000D 0000D 0000D 0000D 0000D 0000D 0000D 0000D
0000D 0000D 0000D 0000D 0000D 0000D 0000D 0000D 0000D 0000D 0000D 0000D 0000D 0000D 0000D 0000D
0000D 0000D 0000D 0000D 0000D 0000D 0000D 0000D 0000D 0000D 0000D 0000D 0000D 0000D 0000D 0000D
0000D 0000D 0000D 0000D 0000D 0000D 0000D 0000D 0000D 0000D 0000D 0000D 0000D 0000D 0000D 0000D
0000D 0000D 0000D 0000D 0000D 0000D 0000D 0000D 0000D 0000D 0000D 0000D 0000D 0000D 0000D 0000D
0000D 0000D 0000D 0000D 0000D 0000D 0000D 0000D 0000D 0000D 0000D 0000D 0000D 0000D 0000D 0000D
0000D 0000D 0000D 0000D 0000D 0000D 0000D 0000D 0000D 0000D 0000D 0000D 0000D 0000D 0000D 0000D
0000D 0000D 0000D 0000D 0000D 0000D 0000D 0000D 0000D 0000D 0000D 0000D 0000D 0000D 0000D 0000D
0000D 0000D 0000D 0000D 0000D 0000D 0000D 0000D 0000D 0000D 0000D 0000D 0000D 0000D 0000D 0000D
0000D 0000D 0000D 0000D 0000D 0000D 0000D 0000D 0000D 0000D 0000D 0000D 0000D 0000D 0000D 0000D
0000D 0000D 0000D 0000D 0000D 0000D 0000D 0000D 0000D 0000D 0000D 0000D 0000D 0000D 0000D 0000D
0000D 0000D 0000D 0000D 0000D 0000D 0000D 0000D 0000D 0000D 0000D 0000D 0000D 0000D 0000D 0000D
0000D 0000D 0000D 0000D 0000D 0000D 0000D 0000D 0000D 0000D 0000D 0000D 0000D 0000D 0000D 0000D
0000D 0000D 0000D 0000D 0000D 0000D 0000D 0000D 0000D 0000D 0000D 0000D 0000D 0000D 0000D 0000D
0000D 0000D 0000D 0000D 0000D 0000D 0000D 0000D 0000D 0000D 0000D 0000D 0000D 0000D 0000D 0000D
0000D 0000D 0000D 0000D 0000D 0000D 0000D 0000D 0000D 0000D 0000D 0000D 0000D 0000D 0000D 0000D
0000D 0000D 0000D 0000D 0000D 0000D 0000D 0000D 0000D 0000D 0000D 0000D 0000D 0000D 0000D 0000D
0000D 0000D 0000D 0000D 0000D 0000D 0000D 0000D 0000D 0000D 0000D 0000D 0000D 0000D 0000D 0000D
0000D 0000D 0000D 0000D 0000D 0000D 0000D 0000D 0000D 0000D 0000D 0000D 0000D 0000D 0000D 0000D
0000D 0000D 0000D 0000D 0000D 0000D 0000D 0000D 0000D 0000D 0000D 0000D 0000D 0000D 0000D 0000D
0000D 0000D 0000D 0000D 0000D 0000D 0000D 0000D 0000D 0000D 0000D 0000D 0000D 0000D 0000D 0000D
0000D 0000D 0000D 0000D 0000D 0000D 0000D 0000D 0000D 0000D 0000D 0000D 0000D 0000D 0000D 0000D
0000D 0000D 0000D 0000D 0000D 0000D 0000D 0000D 0000D 0000D 0000D 0000D 0000D 0000D 0000D 0000D
0000D 0000D 0000D 0000D 0000D 0000D 0000D 0000D 0000D 0000D 0000D 0000D 0000D 0000D 0000D 0000D
0000D 0000D 0000D 0000D 0000D 0000D 0000D 0000D 0000D 0000D 0000D 0000D 0000D 0000D 0000D 0000D
0000D 0000D 0000D 0000D 0000D 0000D 0000D 0000D 0000D 0000D 0000D 0000D 0000D 0000D 0000D 0000D
0000D 0000D 0000D 0000D 0000D 0000D 0000D 0000D 0000D 0000D 0000D 0000D 0000D 0000D 0000D 0000D
0000D 0000D 0000D 0000D 0000D 0000D 0000D 0000D 0000D 0000D 0000D 0000D 0000D 0000D 0000D 0000D
0000D 0000D 0000D 0000D 0000D 0000D 0000D 0000D 0000D 0000D 0000D 0000D 0000D 0000D 0000D 0000D
0000D 0000D 0000D 0000D 0000D 0000D 0000D 0000D 0000D 0000D 0000D 0000D 0000D 0000D 0000D 0000D
0000D 0000D 0000D 0000D 0000D 0000D 0000D 0000D 0000D 0000D 0000D 0000D 0000D 0000D 0000D 0000D
0000D 0000D 0000D 0000D 0000D 0000D 0000D 0000D 0000D 0000D 0000D 0000D 0000D 0000D 0000D 0000D
0000D 0000D 0000D 0000D 0000D 0000D 0000D 0000D 0000D 0000D 0000D 0000D 0000D 0000D 0000D 0000D
0000D 0000D 0000D 0000D 0000D 0000D 0000D 0000D 0000D 0000D 0000D 0000D 0000D 0000D 0000D 0000D
0000D 0000D 0000D 0000D 0000D 0000D 0000D 0000D 0000D 0000D 0000D 0000D 0000D 0000D 0000D 0000D
0000D 0000D 0000D 0000D 0000D 0000D 0000D 0000D 0000D 0000D 0000D 0000D 0000D 0000D 0000D 0000D
0000D 0000D 0000D 0000D 0000D 0000D 0000D 0000D 0000D 0000D 0000D 0000D 0000D 0000D 0000D 0000D
0000D 0000D 0000D 0000D 0000D 0000D 0000D 0000D 0000D 0000D 0000D 0000D 0000D 0000D 0000D 0000D
0000D 0000D 0000D 0000D 0000D 0000D 0000D 0000D 0000D 0000D 0000D 0000D 0000D 0000D 0000D 0000D
0000D 0000D 0000D 0000D 0000D 0000D 0000D 0000D 0000D 0000D 0000D 0000D 0000D 0000D 0000D 0000D
0000D 0000D 0000D 0000D 0000D 0000D 0000D 0000D 0000D 0000D 0000D 0000D 0000D 0000D 0000D 0000D
0000D 0000D 0000D 0000D 0000D 0000D 0000D 0000D 0000D 0000D 0000D 0000D 0000D 0000D 0000D 0000D
0000D 0000D 0000D 0000D 0000D 0000D 0000D 0000D 0000D 0000D 0000D 0000D 0000D 0000D 0000D 0000D
0000D 0000D 0000D 0000D 0000D 0000D 0000D 0000D 0000D 0000D 0000D 0000D 0000D 0000D 0000D 0000D
0000D 0000D 0000D 0000D 0000D 0000D 0000D 0000D 0000D 0000D 0000D 0000D 0000D 0000D 0000D 0000D
0000D 0000D 0000D 0000D 0000D 0000D 0000D 0000D 0000D 0000D 0000D 0000D 0000D 0000D 0000D 0000D
0000D 0000D 0000D 0000D 0000D 0000D 0000D 0000D 0000D 0000D 0000D 0000D 0000D 0000D 0000D 0000D
0000D 0000D 0000D 0000D 0000D 0000D 0000D 0000D 0000D 0000D 0000D 0000D 0000D 0000D 0000D 0000D
0000D 0000D 0000D 0000D 0000D 0000D 0000D 0000D 0000D 0000D 0000D 0000D 0000D 0000D 0000D 0000D
0000D 0000D 0000D 0000D 0000D 0000D 0000D 0000D 0000D 0000D 0000D 0000D 0000D 0000D 0000D 0000D
0000D 0000D 0000D 0000D 0000D 0000D 0000D 0000D 0000D 0000D 0000D 0000D 0000D 0000D 0000D 0000D
0000D 0000D 0000D 0000D 0000D 0000D 0000D 0000D 0000D 0000D 0000D 0000D 0000D 0000D 0000D 0000D
0000D 0000D 0000D 0000D 0000D 0000D 0000D 0000D 0000D 0000D 0000D 0000D 0000D 0000D 0000D 0000D
0000D 0000D 0000D 0000D 0000D 0000D 0000D 0000D 0000D 0000D 0000D 0000D 0000D 0000D 0000D 0000D
0000D 0000D 0000D 0000D 0000D 0000D 0000D 0000D 0000D 0000D 0000D 0000D 0000D 0000D 0000D 0000D
0000D 0000D 0000D 0000D 0000D 0000D 0000D 0000D 0000D 0000D 0000D 0000D 0000D 0000D 0000D 0000D
0000D 0000D 0000D 0000D 0000D 0000D 0000D 0000D 0000D 0000D 0000D 0000D 0000D 0000D 0000D 0000D
0000D 0000D 0000D 0000D 0000D 0000D 0000D 0000D 0000D 0000D 0000D 0000D 0000D 0000D 0000D 0000D
0000D 0000D 0000D 0000D 0000D 0000D 0000D 0000D 0000D 0000D 0000D 0000D 0000D 0000D 0000D 0000D
0000D 0000D 0000D 0000D 0000D 0000D 0000D 0000D 0000D 0000D 0000D 0000D 0000D 0000D 0000D 0000D
0000D 0000D 0000D 0000D 0000D 0000D 0000D 0000D 0000D 0000D 0000D 0000D 0000D 0000D 0000D 0000D
0000D 0000D 0000D 0000D 0000D 0000D 0000D 0000D 0000D 0000D 0000D 0000D 0000D 0000D 0000D 0000D
0000D 0000D 0000D 0000D 0000D 0000D 0000D 0000D 0000D 0000D 0000D 0000D 0000D 0000D 0000D 0000D
0000D 0000D 0000D 0000D 0000D 0000D 0000D 0000D 0000D 0000D 0000D 0000D 0000D 0000D 0000D 0000D
0000D 0000D 0000D 0000D 0000D 0000D 0000D 0000D 0000D 0000D 0000D 0000D 0000D 0000D 0000D 0000D
0000D 0000D 0000D 0000D 0000D 0000D 0000D 0000D 0000D 0000D 0000D 0000D 0000D 0000D 0000D 0000D
0000D 0000D 0000D 0000D 0000D 0000D 0000D 0000D 0000D 0000D 0000D 0000D 0000D 0000D 0000D 0000D
0000D 0000D 0000D 0000D 0000D 0000D 0000D 0000D 0000D 0000D 0000D 0000D 0000D 0000D 0000D 0000D
0000D 0000D 0000D 0000D 0000D 0000D 0000D 0000D 0000D 0000D 0000D 0000D 0000D 0000D 0000D 0000D
0000D 0000D 0000D 0000D 0000D 0000D 0000D 0000D 0000D 0000D 0000D 0000D 0000D 0000D 0000D 0000D
0000D 0000D 0000D 0000D 0000D 0000D 0000D 0000D 0000D 0000D 0000D 0000D 0000D 0000D 0000D 0000D
0000D 0000D 0000D 0000D 0000D 0000D 0000D 0000D 0000D 0000D 0000D 0000D 0000D 0000D 0000D 0000D
0000D 0000D 0000D 0000D 0000D 0000D 0000D 0000D 0000D 0000D 0000D 0000D 0000D 0000D 0000D 0000D
0000D 0000D 0000D 0000D 0000D 0000D 0000D 0000D 0000D 0000D 0000D 0000D 0000D 0000D 0000D 0000D
0000D 0000D 0000D 0000D 0000D 0000D 0000D 0000D 0000D 0000D 0000D 0000D 0000D 0000D 0000D 0000D
0000D 0000D 0000D 0000D 0000D 0000D 0000D 0000D 0000D 0000D 0000D 0000D 0000D 0000D 0000D 0000D
0000D 0000D 0000D 0000D 0000D 0000D 0000D 0000D 0000D 0000D 0000D 0000D 0000D 0000D 0000D 0000D
0000D 0000D 0000D 0000D 0000D 0000D 0000D 0000D 0000D 0000D 0000D 0000D 0000D 0000D 0000D 0000D
0000D 0000D 0000D 0000D 0000D 0000D 0000D 0000D 0000D 0000D 0000D 0000D 0000D 0000D 0000D 0000D
0000D 0000D 0000D 0000D 0000D 0000D 0000D 0000D 0000D 0000D 0000D 0000D 0000C 0000C 0000C 0000C
0000C 0000C 0000C 0000C 0000C 0000C 0000C 0000C 0000C 0000C 0000C 0000C 0000C 0000C 0000C 0000C
0000C 0000C 0000C 0000C 0000C 0000C 0000C 0000C 0000C 0000C 0000C 0000C 0000C 0000C 0000C 0000C
0000C 0000C 0000C 0000C 0000C 0000C 0000C 0000C 0000C 0000C 0000C 0000C 0000C 0000C 0000C 0000C
0000C 0000C 0000C 0000C 0000C 0000C 0000C 0000C 0000C 0000C 0000C 0000C 0000C 0000C 0000C 0000C
0000C 0000C 0000C 0000C 0000C 0000C 0000C 0000C 0000C 0000C 0000C 0000C 0000C 0000C 0000C 0000C
0000C 0000C 0000C 0000C 0000C 0000C 0000C 0000C 0000C 0000C 0000C 0000C 0000C 0000C 0000C 0000C
0000C 0000C 0000C 0000C 0000C 0000C 0000C 0000C 0000C 0000C 0000C 0000C 0000C 0000C 0000C 0000C
0000C 0000C 0000C 0000C 0000C 0000C 0000C 0000C 0000C 0000C 0000C 0000C 0000C 0000C 0000C 0000C
0000C 0000C 0000C 0000C 0000C 0000C 0000C 0000C 0000C 0000C 0000C 0000C 0000C 0000C 0000C 0000C
0000C 0000C 0000C 0000C 0000C 0000C 0000C 0000C 0000C 0000C 0000C 0000C 0000C 0000C 0000C 0000C
0000C 0000C 0000C 0000C 0000C 0000C 0000C 0000C 0000C 0000C 0000C 0000C 0000C 0000C 0000C 0000C
0000C 0000C 0000C 0000C 0000C 0000C 0000C 0000C 0000C 0000C 0000C 0000C 0000C 0000C 0000C 0000C
0000C 0000C 0000C 0000C 0000C 0000C 0000C 0000C 0000C 0000C 0000C 0000C 0000C 0000C 0000C 0000C
0000C 0000C 0000C 0000C 0000C 0000C 0000C 0000C 0000C 0000C 0000C 0000C 0000C 0000C 0000C 0000C
0000C 0000C 0000C 0000C 0000C 0000C 0000C 0000C 0000C 0000C 0000C 0000C 0000C 0000C 0000C 0000C
0000C 0000C 0000C 0000C 0000C 0000C 0000C 0000C 0000C 0000C 0000C 0000C 0000C 0000C 0000C 0000C
0000C 0000C 0000C 0000C 0000C 0000C 0000C 0000C 0000C 0000C 0000C 0000C 0000C 0000C 0000C 0000C
0000C 0000C 0000C 0000C 0000C 0000C 0000C 0000C 0000C 0000C 0000C 0000C 0000C 0000C 0000C 0000C
0000C 0000C 0000C 0000C 0000C 0000C 0000C 0000C 0000C 0000C 0000C 0000C 0000C 0000C 0000C 0000C
0000C 0000C 0000C 0000C 0000C 0000C 0000C 0000C 0000C 0000C 0000C 0000C 0000C 0000C 0000C 0000C
0000C 0000C 0000C 0000C 0000C 0000C 0000C 0000C 0000C 0000C 0000C 0000C 0000C 0000C 0000C 0000C
0000C 0000C 0000C 0000C 0000C 0000C 0000C 0000C 0000C 0000C 0000C 0000C 0000C 0000C 0000C 0000C
0000C 0000C 0000C 0000C 0000C 0000C 0000C 0000C 0000C 0000C 0000C 0000C 0000C 0000C 0000C 0000C
0000C 0000C 0000C 0000C 0000C 0000C 0000C 0000C 0000C 0000C 0000C 0000C 0000C 0000C 0000C 0000C
0000C 0000C 0000C 0000C 0000C 0000C 0000C 0000C 0000C 0000C 0000C 0000C 0000C 0000C 0000C 0000C
0000C 0000C 0000C 0000C 0000C 0000C 0000C 0000C 0000C 0000C 0000C 0000C 0000C 0000C 0000C 0000C
0000C 0000C 0000C 0000C 0000C 0000C 0000C 0000C 0000C 0000C 0000C 0000C 0000C 0000C 0000C 0000C
0000C 0000C 0000C 0000C 0000C 0000C 0000C 0000C 0000C 0000C 0000C 0000C 0000C 0000C 0000C 0000C
0000C 0000C 0000C 0000C 0000C 0000C 0000C 0000C 0000C 0000C 0000C 0000C 0000C 0000C 0000C 0000C
0000C 0000C 0000C 0000C 0000C 0000C 0000C 0000C 0000C 0000C 0000C 0000C 0000C 0000C 0000C 0000C
0000C 0000C 0000C 0000C 0000C 0000C 0000C 0000C 0000C 0000C 0000C 0000C 0000C 0000C 0000C 0000C
0000C 0000C 0000C 0000C 0000C 0000C 0000C 0000C 0000C 0000C 0000C 0000C 0000C 0000C 0000C 0000C
0000C 0000C 0000C 0000C 0000C 0000C 0000C 0000C 0000C 0000C 0000C 0000C 0000C 0000C 0000C 0000C
0000C 0000C 0000C 0000C 0000C 0000C 0000C 0000C 0000C 0000C 0000C 0000C 0000C 0000C 0000C 0000C
0000C 0000C 0000C 0000C 0000C 0000C 0000C 0000C 0000C 0000C 0000C 0000C 0000C 0000C 0000C 0000C
0000C 0000C 0000C 0000C 0000C 0000C 0000C 0000C 0000C 0000C 0000C 0000C 0000C 0000C 0000C 0000C
0000C 0000C 0000C 0000C 0000C 0000C 0000C 0000C 0000C 0000C 0000C 0000C 0000C 0000C 0000C 0000C
0000C 0000C 0000C 0000C 0000C 0000C 0000C 0000C 0000C 0000C 0000C 0000C 0000C 0000C 0000C 0000C
0000C 0000C 0000C 0000C 0000C 0000C 0000C 0000C 0000C 0000C 0000C 0000C 0000C 0000C 0000C 0000C
0000C 0000C 0000C 0000C 0000C 0000C 0000C 0000C 0000C 0000C 0000C 0000C 0000C 0000C 0000C 0000C
0000C 0000C 0000C 0000C 0000C 0000C 0000C 0000C 0000C 0000C 0000C 0000C 0000C 0000C 0000C 0000C
0000C 0000C 0000C 0000C 0000C 0000C 0000C 0000C 0000C 0000C 0000C 0000C 0000C 0000C 0000C 0000C
0000C 0000C 0000C 0000C 0000C 0000C 0000C 0000C 0000C 0000C 0000C 0000C 0000C 0000C 0000C 0000C
0000C 0000C 0000C 0000C 0000C 0000C 0000C 0000C 0000C 0000C 0000C 0000C 0000C 0000C 0000C 0000C
0000C 0000C 0000C 0000C 0000C 0000C 0000C 0000C 0000C 0000C 0000C 0000C 0000C 0000C 0000C 0000C
0000C 0000C 0000C 0000C 0000C 0000C 0000C 0000C 0000C 0000C 0000C 0000C 0000C 0000C 0000C 0000C
0000C 0000C 0000C 0000C 0000C 0000C 0000C 0000C 0000C 0000C 0000C 0000C 0000C 0000C 0000C 0000C
0000C 0000C 0000C 0000C 0000C 0000C 0000C 0000C 0000C 0000C 0000C 0000C 0000C 0000C 0000C 0000C
0000C 0000C 0000C 0000C 0000C 0000C 0000C 0000C 0000C 0000C 0000C 0000C 0000C 0000C 0000C 0000C
0000C 0000C 0000C 0000C 0000C 0000C 0000C 0000C 0000C 0000C 0000C 0000C 0000C 0000C 0000C 0000C
0000C 0000C 0000C 0000C 0000C 0000C 0000C 0000C 0000C 0000C 0000C 0000C 0000C 0000C 0000C 0000C
0000C 0000C 0000C 0000C 0000C 0000C 0000C 0000C 0000C 0000C 0000C 0000C 0000C 0000C 0000C 0000C
0000C 0000C 0000C 0000C 0000C 0000C 0000C 0000C 0000C 0000C 0000C 0000C 0000C 0000C 0000C 0000C
0000C 0000C 0000C 0000C 0000C 0000C 0000C 0000C 0000C 0000C 0000C 0000C 0000C 0000C 0000C 0000C
0000C 0000C 0000C 0000C 0000C 0000C 0000C 0000C 0000C 0000C 0000C 0000C 0000C 0000C 0000C 0000C
0000C 0000C 0000C 0000C 0000C 0000C 0000C 0000C 0000C 0000C 0000C 0000C 0000C 0000C 0000C 0000C
0000C 0000C 0000C 0000C 0000C 0000C 0000C 0000C 0000C 0000C 0000C 0000C 0000C 0000C 0000C 0000C
0000C 0000C 0000C 0000C 0000C 0000C 0000C 0000C 0000C 0000C 0000C 0000C 0000C 0000C 0000C 0000C
0000C 0000C 0000C 0000C 0000C 0000C 0000C 0000C 0000C 0000C 0000C 0000C 0000C 0000C 0000C 0000C
0000C 0000C 0000C 0000C 0000C 0000C 0000C 0000C 0000C 0000C 0000C 0000C 0000C 0000C 0000C 0000C
0000C 0000C 0000C 0000C 0000C 0000C 0000C 0000C 0000C 0000C 0000C 0000C 0000C 0000C 0000C 0000C
0000C 0000C 0000C 0000C 0000C 0000C 0000C 0000C 0000C 0000C 0000C 0000C 0000C 0000C 0000C 0000C
0000C 0000C 0000C 0000C 0000C 0000C 0000C 0000C 0000C 0000C 0000C 0000C 0000C 0000C 0000C 0000C
0000C 0000C 0000C 0000C 0000C 0000C 0000C 0000C 0000C 0000C 0000C 0000C 0000C 0000C 0000C 0000C
0000C 0000C 0000C 0000C 0000C 0000C 0000C 0000C 0000C 0000C 0000C 0000C 0000C 0000C 0000C 0000C
0000C 0000C 0000C 0000C 0000C 0000C 0000C 0000C 0000C 0000C 0000C 0000C 0000C 0000C 0000C 0000C
0000C 0000C 0000C 0000C 0000C 0000C 0000C 0000C 0000C 0000C 0000C 0000C 0000C 0000C 0000C 0000C
0000C 0000C 0000C 0000C 0000C 0000C 0000C 0000C 0000C 0000C 0000C 0000C 0000C 0000C 0000C 0000C
0000C 0000C 0000C 0000C 0000C 0000C 0000C 0000C 0000C 0000C 0000C 0000C 0000C 0000C 0000C 0000C
0000C 0000C 0000C 0000C 0000C 0000C 0000C 0000C 0000C 0000C 0000C 0000C 0000C 0000C 0000C 0000C
0000C 0000C 0000C 0000C 0000C 0000C 0000C 0000C 0000C 0000C 0000C 0000C 0000C 0000C 0000C 0000C
0000C 0000C 0000C 0000C 0000C 0000C 0000C 0000C 0000C 0000C 0000C 0000C 0000C 0000C 0000C 0000C
0000C 0000C 0000C 0000C 0000C 0000C 0000C 0000C 0000C 0000C 0000C 0000C 0000C 0000C 0000C 0000C
0000C 0000C 0000C 0000C 0000C 0000C 0000C 0000C 0000C 0000C 0000C 0000C 0000C 0000C 0000C 0000C
0000C 0000C 0000C 0000C 0000C 0000C 0000C 0000C 0000C 0000C 0000C 0000C 0000C 0000C 0000C 0000C
0000C 0000C 0000C 0000C 0000C 0000C 0000C 0000C 0000C 0000C 0000C 0000C 0000C 0000C 0000C 0000C
0000C 0000C 0000C 0000C 0000C 0000C 0000C 0000C 0000C 0000C 0000C 0000C 0000C 0000C 0000C 0000C
0000C 0000C 0000C 0000C 0000C 0000C 0000C 0000C 0000C 0000C 0000C 0000C 0000C 0000C 0000C 0000C
0000C 0000C 0000C 0000C 0000C 0000C 0000C 0000C 0000C 0000C 0000C 0000C 0000C 0000C 0000C 0000C
0000C 0000C 0000C 0000C 0000C 0000C 0000C 0000C 0000C 0000C 0000C 0000C 0000C 0000C 0000C 0000C
0000C 0000C 0000C 0000C 0000C 0000C 0000C 0000C 0000C 0000C 0000C 0000C 0000C 0000C 0000C 0000C
0000C 0000C 0000C 0000C 0000C 0000C 0000C 0000C 0000C 0000C 0000C 0000C 0000C 0000C 0000C 0000C
0000C 0000C 0000C 0000C 0000C 0000C 0000C 0000C 0000C 0000C 0000C 0000C 0000C 0000C 0000C 0000C
0000C 0000C 0000C 0000C 0000C 0000C 0000C 0000C 0000C 0000C 0000C 0000C 0000C 0000C 0000C 0000C
0000C 0000C 0000C 0000C 0000C 0000C 0000C 0000C 0000C 0000C 0000C 0000C 0000C 0000C 0000C 0000C
0000C 0000C 0000C 0000C 0000C 0000C 0000C 0000C 0000C 0000C 0000C 0000C 0000C 0000C 0000C 0000C
0000C 0000C 0000C 0000C 0000C 0000C 0000C 0000C 0000C 0000C 0000C 0000C 0000C 0000C 0000C 0000C
0000C 0000C 0000C 0000C 0000C 0000C 0000C 0000C 0000C 0000C 0000C 0000C 0000C 0000C 0000C 0000C
0000C 0000C 0000C 0000C 0000C 0000C 0000C 0000C 0000C 0000C 0000C 0000C 0000C 0000C 0000C 0000C
0000C 0000C 0000C 0000C 0000C 0000C 0000C 0000C 0000C 0000C 0000C 0000C 0000C 0000C 0000C 0000C
0000C 0000C 0000C 0000C 0000C 0000C 0000C 0000C 0000C 0000C 0000C 0000C 0000C 0000C 0000C 0000C
0000C 0000C 0000C 0000C 0000C 0000C 0000C 0000C 0000C 0000C 0000C 0000C 0000C 0000C 0000C 0000C
0000C 0000C 0000C 0000C 0000C 0000C 0000C 0000C 0000C 0000C 0000C 0000C 0000C 0000C 0000C 0000C
0000C 0000C 0000C 0000C 0000C 0000C 0000C 0000C 0000C 0000C 0000C 0000C 0000C 0000C 0000C 0000C
0000C 0000C 0000C 0000C 0000C 0000C 0000C 0000C 0000C 0000C 0000C 0000C 0000C 0000C 0000C 0000C
0000C 0000C 0000C 0000C 0000C 0000C 0000C 0000C 0000C 0000C 0000C 0000C 0000C 0000C 0000C 0000C
0000C 0000C 0000C 0000C 0000C 0000C 0000C 0000C 0000C 0000C 0000C 0000C 0000C 0000C 0000C 0000C
0000C 0000C 0000C 0000C 0000C 0000C 0000C 0000C 0000C 0000C 0000C 0000C 0000C 0000C 0000C 0000C
0000C 0000C 0000C 0000C 0000C 0000C 0000C 0000C 0000C 0000C 0000C 0000C 0000C 0000C 0000C 0000C
0000C 0000C 0000C 0000C 0000C 0000C 0000C 0000C 0000C 0000C 0000C 0000C 0000C 0000C 0000C 0000C
0000C 0000C 0000C 0000C 0000C 0000C 0000C 0000C 0000C 0000C 0000C 0000C 0000C 0000C 0000C 0000C
0000C 0000C 0000C 0000C 0000C 0000C 0000C 0000C 0000C 0000C 0000C 0000C 0000C 0000C 0000C 0000C
0000C 0000C 0000C 0000C 0000C 0000C 0000C 0000C 0000C 0000C 0000C 0000C 0000C 0000C 0000C 0000C
0000C 0000C 0000C 0000C 0000C 0000C 0000C 0000C 0000C 0000C 0000C 0000C 0000C 0000C 0000C 0000C
0000C 0000C 0000C 0000C 0000C 0000C 0000C 0000C 0000C 0000C 0000C 0000C 0000C 0000C 0000C 0000C
0000C 0000C 0000C 0000C 0000C 0000C 0000C 0000C 0000C 0000C 0000C 0000C 0000C 0000C 0000C 0000C
0000C 0000C 0000C 0000C 0000C 0000C 0000C 0000C 0000C 0000C 0000C 0000C 0000C 0000C 0000C 0000C
0000C 0000C 0000C 0000C 0000C 0000C 0000C 0000C 0000C 0000C 0000C 0000C 0000C 0000C 0000C 0000C
0000C 0000C 0000C 0000C 0000C 0000C 0000C 0000C 0000C 0000C 0000C 0000C 0000C 0000C 0000C 0000C
0000C 0000C 0000C 0000C 0000C 0000C 0000C 0000C 0000C 0000C 0000C 0000C 0000C 0000C 0000C 0000C
0000C 0000C 0000C 0000C 0000C 0000C 0000C 0000C 0000C 0000C 0000C 0000C 0000C 0000C 0000C 0000C
0000C 0000C 0000C 0000C 0000C 0000C 0000C 0000C 0000C 0000C 0000C 0000C 0000C 0000C 0000C 0000C
0000C 0000C 0000C 0000C 0000C 0000C 0000C 0000C 0000C 0000C 0000C 0000C 0000C 0000C 0000C 0000C
0000C 0000C 0000C 0000C 0000C 0000C 0000C 0000C 0000C 0000C 0000C 0000C 0000B 0000B 0000B 0000B
0000B 0000B 0000B 0000B 0000B 0000B 0000B 0000B 0000B 0000B 0000B 0000B 0000B 0000B 0000B 0000B
0000B 0000B 0000B 0000B 0000B 0000B 0000B 0000B 0000B 0000B 0000B 0000B 0000B 0000B 0000B 0000B
0000B 0000B 0000B 0000B 0000B 0000B 0000B 0000B 0000B 0000B 0000B 0000B 0000B 0000B 0000B 0000B
0000B 0000B 0000B 0000B 0000B 0000B 0000B 0000B 0000B 0000B 0000B 0000B 0000B 0000B 0000B 0000B
0000B 0000B 0000B 0000B 0000B 0000B 0000B 0000B 0000B 0000B 0000B 0000B 0000B 0000B 0000B 0000B
0000B 0000B 0000B 0000B 0000B 0000B 0000B 0000B 0000B 0000B 0000B 0000B 0000B 0000B 0000B 0000B
0000B 0000B 0000B 0000B 0000B 0000B 0000B 0000B 0000B 0000B 0000B 0000B 0000B 0000B 0000B 0000B
0000B 0000B 0000B 0000B 0000B 0000B 0000B 0000B 0000B 0000B 0000B 0000B 0000B 0000B 0000B 0000B
0000B 0000B 0000B 0000B 0000B 0000B 0000B 0000B 0000B 0000B 0000B 0000B 0000B 0000B 0000B 0000B
0000B 0000B 0000B 0000B 0000B 0000B 0000B 0000B 0000B 0000B 0000B 0000B 0000B 0000B 0000B 0000B
0000B 0000B 0000B 0000B 0000B 0000B 0000B 0000B 0000B 0000B 0000B 0000B 0000B 0000B 0000B 0000B
0000B 0000B 0000B 0000B 0000B 0000B 0000B 0000B 0000B 0000B 0000B 0000B 0000B 0000B 0000B 0000B
0000B 0000B 0000B 0000B 0000B 0000B 0000B 0000B 0000B 0000B 0000B 0000B 0000B 0000B 0000B 0000B
0000B 0000B 0000B 0000B 0000B 0000B 0000B 0000B 0000B 0000B 0000B 0000B 0000B 0000B 0000B 0000B
0000B 0000B 0000B 0000B 0000B 0000B 0000B 0000B 0000B 0000B 0000B 0000B 0000B 0000B 0000B 0000B
0000B 0000B 0000B 0000B 0000B 0000B 0000B 0000B 0000B 0000B 0000B 0000B 0000B 0000B 0000B 0000B
0000B 0000B 0000B 0000B 0000B 0000B 0000B 0000B 0000B 0000B 0000B 0000B 0000B 0000B 0000B 0000B
0000B 0000B 0000B 0000B 0000B 0000B 0000B 0000B 0000B 0000B 0000B 0000B 0000B 0000B 0000B 0000B
0000B 0000B 0000B 0000B 0000B 0000B 0000B 0000B 0000B 0000B 0000B 0000B 0000B 0000B 0000B 0000B
0000B 0000B 0000B 0000B 0000B 0000B 0000B 0000B 0000B 0000B 0000B 0000B 0000B 0000B 0000B 0000B
0000B 0000B 0000B 0000B 0000B 0000B 0000B 0000B 0000B 0000B 0000B 0000B 0000B 0000B 0000B 0000B
0000B 0000B 0000B 0000B 0000B 0000B 0000B 0000B 0000B 0000B 0000B 0000B 0000B 0000B 0000B 0000B
0000B 0000B 0000B 0000B 0000B 0000B 0000B 0000B 0000B 0000B 0000B 0000B 0000B 0000B 0000B 0000B
0000B 0000B 0000B 0000B 0000B 0000B 0000B 0000B 0000B 0000B 0000B 0000B 0000B 0000B 0000B 0000B
0000B 0000B 0000B 0000B 0000B 0000B 0000B 0000B 0000B 0000B 0000B 0000B 0000B 0000B 0000B 0000B
0000B 0000B 0000B 0000B 0000B 0000B 0000B 0000B 0000B 0000B 0000B 0000B 0000B 0000B 0000B 0000B
0000B 0000B 0000B 0000B 0000B 0000B 0000B 0000B 0000B 0000B 0000B 0000B 0000B 0000B 0000B 0000B
0000B 0000B 0000B 0000B 0000B 0000B 0000B 0000B 0000B 0000B 0000B 0000B 0000B 0000B 0000B 0000B
0000B 0000B 0000B 0000B 0000B 0000B 0000B 0000B 0000B 0000B 0000B 0000B 0000B 0000B 0000B 0000B
0000B 0000B 0000B 0000B 0000B 0000B 0000B 0000B 0000B 0000B 0000B 0000B 0000B 0000B 0000B 0000B
0000B 0000B 0000B 0000B 0000B 0000B 0000B 0000B 0000B 0000B 0000B 0000B 0000B 0000B 0000B 0000B
0000B 0000B 0000B 0000B 0000B 0000B 0000B 0000B 0000B 0000B 0000B 0000B 0000B 0000B 0000B 0000B
0000B 0000B 0000B 0000B 0000B 0000B 0000B 0000B 0000B 0000B 0000B 0000B 0000B 0000B 0000B 0000B
0000B 0000B 0000B 0000B 0000B 0000B 0000B 0000B 0000B 0000B 0000B 0000B 0000B 0000B 0000B 0000B
0000B 0000B 0000B 0000B 0000B 0000B 0000B 0000B 0000B 0000B 0000B 0000B 0000B 0000B 0000B 0000B
0000B 0000B 0000B 0000B 0000B 0000B 0000B 0000B 0000B 0000B 0000B 0000B 0000B 0000B 0000B 0000B
0000B 0000B 0000B 0000B 0000B 0000B 0000B 0000B 0000B 0000B 0000B 0000B 0000B 0000B 0000B 0000B
0000B 0000B 0000B 0000B 0000B 0000B 0000B 0000B 0000B 0000B 0000B 0000B 0000B 0000B 0000B 0000B
0000B 0000B 0000B 0000B 0000B 0000B 0000B 0000B 0000B 0000B 0000B 0000B 0000B 0000B 0000B 0000B
0000B 0000B 0000B 0000B 0000B 0000B 0000B 0000B 0000B 0000B 0000B 0000B 0000B 0000B 0000B 0000B
0000B 0000B 0000B 0000B 0000B 0000B 0000B 0000B 0000B 0000B 0000B 0000B 0000B 0000B 0000B 0000B
0000B 0000B 0000B 0000B 0000B 0000B 0000B 0000B 0000B 0000B 0000B 0000B 0000B 0000B 0000B 0000B
0000B 0000B 0000B 0000B 0000B 0000B 0000B 0000B 0000B 0000B 0000B 0000B 0000B 0000B 0000B 0000B
0000B 0000B 0000B 0000B 0000B 0000B 0000B 0000B 0000B 0000B 0000B 0000B 0000B 0000B 0000B 0000B
0000B 0000B 0000B 0000B 0000B 0000B 0000B 0000B 0000B 0000B 0000B 0000B 0000B 0000B 0000B 0000B
0000B 0000B 0000B 0000B 0000B 0000B 0000B 0000B 0000B 0000B 0000B 0000B 0000B 0000B 0000B 0000B
0000B 0000B 0000B 0000B 0000B 0000B 0000B 0000B 0000B 0000B 0000B 0000B 0000B 0000B 0000B 0000B
0000B 0000B 0000B 0000B 0000B 0000B 0000B 0000B 0000B 0000B 0000B 0000B 0000B 0000B 0000B 0000B
0000B 0000B 0000B 0000B 0000B 0000B 0000B 0000B 0000B 0000B 0000B 0000B 0000B 0000B 0000B 0000B
0000B 0000B 0000B 0000B 0000B 0000B 0000B 0000B 0000B 0000B 0000B 0000B 0000B 0000B 0000B 0000B
0000B 0000B 0000B 0000B 0000B 0000B 0000B 0000B 0000B 0000B 0000B 0000B 0000B 0000B 0000B 0000B
0000B 0000B 0000B 0000B 0000B 0000B 0000B 0000B 0000B 0000B 0000B 0000B 0000B 0000B 0000B 0000B
0000B 0000B 0000B 0000B 0000B 0000B 0000B 0000B 0000B 0000B 0000B 0000B 0000B 0000B 0000B 0000B
0000B 0000B 0000B 0000B 0000B 0000B 0000B 0000B 0000B 0000B 0000B 0000B 0000B 0000B 0000B 0000B
0000B 0000B 0000B 0000B 0000B 0000B 0000B 0000B 0000B 0000B 0000B 0000B 0000B 0000B 0000B 0000B
0000B 0000B 0000B 0000B 0000B 0000B 0000B 0000B 0000B 0000B 0000B 0000B 0000B 0000B 0000B 0000B
0000B 0000B 0000B 0000B 0000B 0000B 0000B 0000B 0000B 0000B 0000B 0000B 0000B 0000B 0000B 0000B
0000B 0000B 0000B 0000B 0000B 0000B 0000B 0000B 0000B 0000B 0000B 0000B 0000B 0000B 0000B 0000B
0000B 0000B 0000B 0000B 0000B 0000B 0000B 0000B 0000B 0000B 0000B 0000B 0000B 0000B 0000B 0000B
0000B 0000B 0000B 0000B 0000B 0000B 0000B 0000B 0000B 0000B 0000B 0000B 0000B 0000B 0000B 0000B
0000B 0000B 0000B 0000B 0000B 0000B 0000B 0000B 0000B 0000B 0000B 0000B 0000B 0000B 0000B 0000B
0000B 0000B 0000B 0000B 0000B 0000B 0000B 0000B 0000B 0000B 0000B 0000B 0000B 0000B 0000B 0000B
0000B 0000B 0000B 0000B 0000B 0000B 0000B 0000B 0000B 0000B 0000B 0000B 0000B 0000B 0000B 0000B
0000B 0000B 0000B 0000B 0000B 0000B 0000B 0000B 0000B 0000B 0000B 0000B 0000B 0000B 0000B 0000B
0000B 0000B 0000B 0000B 0000B 0000B 0000B 0000B 0000B 0000B 0000B 0000B 0000B 0000B 0000B 0000B
0000B 0000B 0000B 0000B 0000B 0000B 0000B 0000B 0000B 0000B 0000B 0000B 0000B 0000B 0000B 0000B
0000B 0000B 0000B 0000B 0000B 0000B 0000B 0000B 0000B 0000B 0000B 0000B 0000B 0000B 0000B 0000B
0000B 0000B 0000B 0000B 0000B 0000B 0000B 0000B 0000B 0000B 0000B 0000B 0000B 0000B 0000B 0000B
0000B 0000B 0000B 0000B 0000B 0000B 0000B 0000B 0000B 0000B 0000B 0000B 0000B 0000B 0000B 0000B
0000B 0000B 0000B 0000B 0000B 0000B 0000B 0000B 0000B 0000B 0000B 0000B 0000B 0000B 0000B 0000B
0000B 0000B 0000B 0000B 0000B 0000B 0000B 0000B 0000B 0000B 0000B 0000B 0000B 0000B 0000B 0000B
0000B 0000B 0000B 0000B 0000B 0000B 0000B 0000B 0000B 0000B 0000B 0000B 0000B 0000B 0000B 0000B
0000B 0000B 0000B 0000B 0000B 0000B 0000B 0000B 0000B 0000B 0000B 0000B 0000B 0000B 0000B 0000B
0000B 0000B 0000B 0000B 0000B 0000B 0000B 0000B 0000B 0000B 0000B 0000B 0000B 0000B 0000B 0000B
0000B 0000B 0000B 0000B 0000B 0000B 0000B 0000B 0000B 0000B 0000B 0000B 0000B 0000B 0000B 0000B
0000B 0000B 0000B 0000B 0000B 0000B 0000B 0000B 0000B 0000B 0000B 0000B 0000B 0000B 0000B 0000B
0000B 0000B 0000B 0000B 0000B 0000B 0000B 0000B 0000B 0000B 0000B 0000B 0000B 0000B 0000B 0000B
0000B 0000B 0000B 0000B 0000B 0000B 0000B 0000B 0000B 0000B 0000B 0000B 0000B 0000B 0000B 0000B
0000B 0000B 0000B 0000B 0000B 0000B 0000B 0000B 0000B 0000B 0000B 0000B 0000B 0000B 0000B 0000B
0000B 0000B 0000B 0000B 0000B 0000B 0000B 0000B 0000B 0000B 0000B 0000B 0000B 0000B 0000B 0000B
0000B 0000B 0000B 0000B 0000B 0000B 0000B 0000B 0000B 0000B 0000B 0000B 0000B 0000B 0000B 0000B
0000B 0000B 0000B 0000B 0000B 0000B 0000B 0000B 0000B 0000B 0000B 0000B 0000B 0000B 0000B 0000B
0000B 0000B 0000B 0000B 0000B 0000B 0000B 0000B 0000B 0000B 0000B 0000B 0000B 0000B 0000B 0000B
0000B 0000B 0000B 0000B 0000B 0000B 0000B 0000B 0000B 0000B 0000B 0000B 0000B 0000B 0000B 0000B
0000B 0000B 0000B 0000B 0000B 0000B 0000B 0000B 0000B 0000B 0000B 0000B 0000B 0000B 0000B 0000B
0000B 0000B 0000B 0000B 0000B 0000B 0000B 0000B 0000B 0000B 0000B 0000B 0000B 0000B 0000B 0000B
0000B 0000B 0000B 0000B 0000B 0000B 0000B 0000B 0000B 0000B 0000B 0000B 0000B 0000B 0000B 0000B
0000B 0000B 0000B 0000B 0000B 0000B 0000B 0000B 0000B 0000B 0000B 0000B 0000B 0000B 0000B 0000B
0000B 0000B 0000B 0000B 0000B 0000B 0000B 0000B 0000B 0000B 0000B 0000B 0000B 0000B 0000B 0000B
0000B 0000B 0000B 0000B 0000B 0000B 0000B 0000B 0000B 0000B 0000B 0000B 0000B 0000B 0000B 0000B
0000B 0000B 0000B 0000B 0000B 0000B 0000B 0000B 0000B 0000B 0000B 0000B 0000B 0000B 0000B 0000B
0000B 0000B 0000B 0000B 0000B 0000B 0000B 0000B 0000B 0000B 0000B 0000B 0000B 0000B 0000B 0000B
0000B 0000B 0000B 0000B 0000B 0000B 0000B 0000B 0000B 0000B 0000B 0000B 0000B 0000B 0000B 0000B
0000B 0000B 0000B 0000B 0000B 0000B 0000B 0000B 0000B 0000B 0000B 0000B 0000B 0000B 0000B 0000B
0000B 0000B 0000B 0000B 0000B 0000B 0000B 0000B 0000B 0000B 0000B 0000B 0000B 0000B 0000B 0000B
0000B 0000B 0000B 0000B 0000B 0000B 0000B 0000B 0000B 0000B 0000B 0000B 0000B 0000B 0000B 0000B
0000B 0000B 0000B 0000B 0000B 0000B 0000B 0000B 0000B 0000B 0000B 0000B 0000B 0000B 0000B 0000B
0000B 0000B 0000B 0000B 0000B 0000B 0000B 0000B 0000B 0000B 0000B 0000B 0000B 0000B 0000B 0000B
0000B 0000B 0000B 0000B 0000B 0000B 0000B 0000B 0000B 0000B 0000B 0000B 0000B 0000B 0000B 0000B
0000B 0000B 0000B 0000B 0000B 0000B 0000B 0000B 0000B 0000B 0000B 0000B 0000B 0000B 0000B 0000B
0000B 0000B 0000B 0000B 0000B 0000B 0000B 0000B 0000B 0000B 0000B 0000B 0000B 0000B 0000B 0000B
0000B 0000B 0000B 0000B 0000B 0000B 0000B 0000B 0000B 0000B 0000B 0000B 0000B 0000B 0000B 0000B
0000B 0000B 0000B 0000B 0000B 0000B 0000B 0000B 0000B 0000B 0000B 0000B 0000B 0000B 0000B 0000B
0000B 0000B 0000B 0000B 0000B 0000B 0000B 0000B 0000B 0000B 0000B 0000B 0000B 0000B 0000B 0000B
0000B 0000B 0000B 0000B 0000B 0000B 0000B 0000B 0000B 0000B 0000B 0000B 0000B 0000B 0000B 0000B
0000B 0000B 0000B 0000B 0000B 0000B 0000B 0000B 0000B 0000B 0000B 0000B 0000B 0000B 0000B 0000B
0000B 0000B 0000B 0000B 0000B 0000B 0000B 0000B 0000B 0000B 0000B 0000B 0000B 0000B 0000B 0000B
0000B 0000B 0000B 0000B 0000B 0000B 0000B 0000B 0000B 0000B 0000B 0000B 0000B 0000B 0000B 0000B
0000B 0000B 0000B 0000B 0000B 0000B 0000B 0000B 0000B 0000B 0000B 0000B 0000B 0000B 0000B 0000B
0000B 0000B 0000B 0000B 0000B 0000B 0000B 0000B 0000B 0000B 0000B 0000B 0000B 0000B 0000B 0000B
0000B 0000B 0000B 0000B 0000B 0000B 0000B 0000B 0000B 0000B 0000B 0000B 0000B 0000B 0000B 0000B
0000B 0000B 0000B 0000B 0000B 0000B 0000B 0000B 0000B 0000B 0000B 0000B 0000B 0000B 0000B 0000B
0000B 0000B 0000B 0000B 0000B 0000B 0000B 0000B 0000B 0000B 0000B 0000B 0000B 0000B 0000B 0000B
0000B 0000B 0000B 0000B 0000B 0000B 0000B 0000B 0000B 0000B 0000B 0000B 0000B 0000B 0000B 0000B
0000B 0000B 0000B 0000B 0000B 0000B 0000B 0000B 0000B 0000B 0000B 0000B 0000B 0000B 0000B 0000B
0000B 0000B 0000B 0000B 0000B 0000B 0000B 0000B 0000B 0000B 0000B 0000B 0000B 0000B 0000B 0000B
0000B 0000B 0000B 0000B 0000B 0000B 0000B 0000B 0000B 0000B 0000B 0000B 0000B 0000B 0000B 0000B
0000B 0000B 0000B 0000B 0000B 0000B 0000B 0000B 0000B 0000B 0000B 0000B 0000B 0000B 0000B 0000B
0000B 0000B 0000B 0000B 0000B 0000B 0000B 0000B 0000B 0000B 0000B 0000B 0000B 0000B 0000B 0000B
0000B 0000B 0000B 0000B 0000B 0000B 0000B 0000B 0000B 0000B 0000B 0000B 0000B 0000B 0000B 0000B
0000B 0000B 0000B 0000B 0000B 0000B 0000B 0000B 0000B 0000B 0000B 0000B 0000B 0000B 0000B 0000B
0000B 0000B 0000B 0000B 0000B 0000B 0000B 0000B 0000B 0000B 0000B 0000B 0000B 0000B 0000B 0000B
0000B 0000B 0000B 0000B 0000B 0000B 0000B 0000B 0000B 0000B 0000B 0000B 0000B 0000B 0000B 0000B
0000B 0000B 0000B 0000B 0000B 0000B 0000B 0000B 0000B 0000B 0000B 0000B 0000B 0000B 0000B 0000B
0000B 0000B 0000B 0000B 0000B 0000B 0000B 0000B 0000B 0000B 0000B 0000B 0000B 0000B 0000B 0000B
0000B 0000B 0000B 0000B 0000B 0000B 0000B 0000B 0000B 0000B 0000B 0000B 0000B 0000B 0000B 0000B
0000B 0000B 0000B 0000B 0000B 0000B 0000B 0000B 0000B 0000B 0000B 0000B 0000B 0000B 0000B 0000B
0000B 0000B 0000B 0000B 0000B 0000B 0000B 0000B 0000B 0000B 0000B 0000B 0000B 0000B 0000B 0000B
0000B 0000B 0000B 0000B 0000B 0000B 0000B 0000B 0000B 0000B 0000B 0000B 0000B 0000B 0000B 0000B
0000B 0000B 0000B 0000B 0000B 0000B 0000B 0000B 0000B 0000B 0000B 0000B 0000B 0000B 0000B 0000B
0000B 0000B 0000B 0000B 0000B 0000B 0000B 0000B 0000B 0000B 0000B 0000B 0000B 0000B 0000B 0000B
0000B 0000B 0000B 0000B 0000B 0000B 0000B 0000B 0000B 0000B 0000B 0000B 0000B 0000B 0000B 0000B
0000B 0000B 0000B 0000B 0000B 0000B 0000B 0000B 0000B 0000B 0000B 0000B 0000B 0000B 0000B 0000B
0000B 0000B 0000B 0000B 0000B 0000B 0000B 0000B 0000B 0000B 0000B 0000B 0000B 0000B 0000B 0000B
0000B 0000B 0000B 0000B 0000B 0000B 0000B 0000B 0000B 0000B 0000B 0000B 0000B 0000B 0000B 0000B
0000B 0000B 0000B 0000B 0000B 0000B 0000B 0000A 0000A 0000A 0000A 0000A 0000A 0000A 0000A 0000A
0000A 0000A 0000A 0000A 0000A 0000A 0000A 0000A 0000A 0000A 0000A 0000A 0000A 0000A 0000A 0000A
0000A 0000A 0000A 0000A 0000A 0000A 0000A 0000A 0000A 0000A 0000A 0000A 0000A 0000A 0000A 0000A
0000A 0000A 0000A 0000A 0000A 0000A 0000A 0000A 0000A 0000A 0000A 0000A 0000A 0000A 0000A 0000A
0000A 0000A 0000A 0000A 0000A 0000A 0000A 0000A 0000A 0000A 0000A 0000A 0000A 0000A 0000A 0000A
0000A 0000A 0000A 0000A 0000A 0000A 0000A 0000A 0000A 0000A 0000A 0000A 0000A 0000A 0000A 0000A
0000A 0000A 0000A 0000A 0000A 0000A 0000A 0000A 0000A 0000A 0000A 0000A 0000A 0000A 0000A 0000A
0000A 0000A 0000A 0000A 0000A 0000A 0000A 0000A 0000A 0000A 0000A 0000A 0000A 0000A 0000A 0000A
0000A 0000A 0000A 0000A 0000A 0000A 0000A 0000A 0000A 0000A 0000A 0000A 0000A 0000A 0000A 0000A
0000A 0000A 0000A 0000A 0000A 0000A 0000A 0000A 0000A 0000A 0000A 0000A 0000A 0000A 0000A 0000A
0000A 0000A 0000A 0000A 0000A 0000A 0000A 0000A 0000A 0000A 0000A 0000A 0000A 0000A 0000A 0000A
0000A 0000A 0000A 0000A 0000A 0000A 0000A 0000A 0000A 0000A 0000A 0000A 0000A 0000A 0000A 0000A
0000A 0000A 0000A 0000A 0000A 0000A 0000A 0000A 0000A 0000A 0000A 0000A 0000A 0000A 0000A 0000A
0000A 0000A 0000A 0000A 0000A 0000A 0000A 0000A 0000A 0000A 0000A 0000A 0000A 0000A 0000A 0000A
0000A 0000A 0000A 0000A 0000A 0000A 0000A 0000A 0000A 0000A 0000A 0000A 0000A 0000A 0000A 0000A
0000A 0000A 0000A 0000A 0000A 0000A 0000A 0000A 0000A 0000A 0000A 0000A 0000A 0000A 0000A 0000A
0000A 0000A 0000A 0000A 0000A 0000A 0000A 0000A 0000A 0000A 0000A 0000A 0000A 0000A 0000A 0000A
0000A 0000A 0000A 0000A 0000A 0000A 0000A 0000A 0000A 0000A 0000A 0000A 0000A 0000A 0000A 0000A
0000A 0000A 0000A 0000A 0000A 0000A 0000A 0000A 0000A 0000A 0000A 0000A 0000A 0000A 0000A 0000A
0000A 0000A 0000A 0000A 0000A 0000A 0000A 0000A 0000A 0000A 0000A 0000A 0000A 0000A 0000A 0000A
0000A 0000A 0000A 0000A 0000A 0000A 0000A 0000A 0000A 0000A 0000A 0000A 0000A 0000A 0000A 0000A
0000A 0000A 0000A 0000A 0000A 0000A 0000A 0000A 0000A 0000A 0000A 0000A 0000A 0000A 0000A 0000A
0000A 0000A 0000A 0000A 0000A 0000A 0000A 0000A 0000A 0000A 0000A 0000A 0000A 0000A 0000A 0000A
0000A 0000A 0000A 0000A 0000A 0000A 0000A 0000A 0000A 0000A 0000A 0000A 0000A 0000A 0000A 0000A
0000A 0000A 0000A 0000A 0000A 0000A 0000A 0000A 0000A 0000A 0000A 0000A 0000A 0000A 0000A 0000A
0000A 0000A 0000A 0000A 0000A 0000A 0000A 0000A 0000A 0000A 0000A 0000A 0000A 0000A 0000A 0000A
0000A 0000A 0000A 0000A 0000A 0000A 0000A 0000A 0000A 0000A 0000A 0000A 0000A 0000A 0000A 0000A
0000A 0000A 0000A 0000A 0000A 0000A 0000A 0000A 0000A 0000A 0000A 0000A 0000A 0000A 0000A 0000A
0000A 0000A 0000A 0000A 0000A 0000A 0000A 0000A 0000A 0000A 0000A 0000A 0000A 0000A 0000A 0000A
0000A 0000A 0000A 0000A 0000A 0000A 0000A 0000A 0000A 0000A 0000A 0000A 0000A 0000A 0000A 0000A
0000A 0000A 0000A 0000A 0000A 0000A 0000A 0000A 0000A 0000A 0000A 0000A 0000A 0000A 0000A 0000A
0000A 0000A 0000A 0000A 0000A 0000A 0000A 0000A 0000A 0000A 0000A 0000A 0000A 0000A 0000A 0000A
0000A 0000A 0000A 0000A 0000A 0000A 0000A 0000A 0000A 0000A 0000A 0000A 0000A 0000A 0000A 0000A
0000A 0000A 0000A 0000A 0000A 0000A 0000A 0000A 0000A 0000A 0000A 0000A 0000A 0000A 0000A 0000A
0000A 0000A 0000A 0000A 0000A 0000A 0000A 0000A 0000A 0000A 0000A 0000A 0000A 0000A 0000A 0000A
0000A 0000A 0000A 0000A 0000A 0000A 0000A 0000A 0000A 0000A 0000A 0000A 0000A 0000A 0000A 0000A
0000A 0000A 0000A 0000A 0000A 0000A 0000A 0000A 0000A 0000A 0000A 0000A 0000A 0000A 0000A 0000A
0000A 0000A 0000A 0000A 0000A 0000A 0000A 0000A 0000A 0000A 0000A 0000A 0000A 0000A 0000A 0000A
0000A 0000A 0000A 0000A 0000A 0000A 0000A 0000A 0000A 0000A 0000A 0000A 0000A 0000A 0000A 0000A
0000A 0000A 0000A 0000A 0000A 0000A 0000A 0000A 0000A 0000A 0000A 0000A 0000A 0000A 0000A 0000A
0000A 0000A 0000A 0000A 0000A 0000A 0000A 0000A 0000A 0000A 0000A 0000A 0000A 0000A 0000A 0000A
0000A 0000A 0000A 0000A 0000A 0000A 0000A 0000A 0000A 0000A 0000A 0000A 0000A 0000A 0000A 0000A
0000A 0000A 0000A 0000A 0000A 0000A 0000A 0000A 0000A 0000A 0000A 0000A 0000A 0000A 0000A 0000A
0000A 0000A 0000A 0000A 0000A 0000A 0000A 0000A 0000A 0000A 0000A 0000A 0000A 0000A 0000A 0000A
0000A 0000A 0000A 0000A 0000A 0000A 0000A 0000A 0000A 0000A 0000A 0000A 0000A 0000A 0000A 0000A
0000A 0000A 0000A 0000A 0000A 0000A 0000A 0000A 0000A 0000A 0000A 0000A 0000A 0000A 0000A 0000A
0000A 0000A 0000A 0000A 0000A 0000A 0000A 0000A 0000A 0000A 0000A 0000A 0000A 0000A 0000A 0000A
0000A 0000A 0000A 0000A 0000A 0000A 0000A 0000A 0000A 0000A 0000A 0000A 0000A 0000A 0000A 0000A
0000A 0000A 0000A 0000A 0000A 0000A 0000A 0000A 0000A 0000A 0000A 0000A 0000A 0000A 0000A 0000A
0000A 0000A 0000A 0000A 0000A 0000A 0000A 0000A 0000A 0000A 0000A 0000A 0000A 0000A 0000A 0000A
0000A 0000A 0000A 0000A 0000A 0000A 0000A 0000A 0000A 0000A 0000A 0000A 0000A 0000A 0000A 0000A
0000A 0000A 0000A 0000A 0000A 0000A 0000A 0000A 0000A 0000A 0000A 0000A 0000A 0000A 0000A 0000A
0000A 0000A 0000A 0000A 0000A 0000A 0000A 0000A 0000A 0000A 0000A 0000A 0000A 0000A 0000A 0000A
0000A 0000A 0000A 0000A 0000A 0000A 0000A 0000A 0000A 0000A 0000A 0000A 0000A 0000A 0000A 0000A
0000A 0000A 0000A 0000A 0000A 0000A 0000A 0000A 0000A 0000A 0000A 0000A 0000A 0000A 0000A 0000A
0000A 0000A 0000A 0000A 0000A 0000A 0000A 0000A 0000A 0000A 0000A 0000A 0000A 0000A 0000A 0000A
0000A 0000A 0000A 0000A 0000A 0000A 0000A 0000A 0000A 0000A 0000A 0000A 0000A 0000A 0000A 0000A
0000A 0000A 0000A 0000A 0000A 0000A 0000A 0000A 0000A 0000A 0000A 0000A 0000A 0000A 0000A 0000A
0000A 0000A 0000A 0000A 0000A 0000A 0000A 0000A 0000A 0000A 0000A 0000A 0000A 0000A 0000A 0000A
0000A 0000A 0000A 0000A 0000A 0000A 0000A 0000A 0000A 0000A 0000A 0000A 0000A 0000A 0000A 0000A
0000A 0000A 0000A 0000A 0000A 0000A 0000A 0000A 0000A 0000A 0000A 0000A 0000A 0000A 0000A 0000A
0000A 0000A 0000A 0000A 0000A 0000A 0000A 0000A 0000A 0000A 0000A 0000A 0000A 0000A 0000A 0000A
0000A 0000A 0000A 0000A 0000A 0000A 0000A 0000A 0000A 0000A 0000A 0000A 0000A 0000A 0000A 0000A
0000A 0000A 0000A 0000A 0000A 0000A 0000A 0000A 0000A 0000A 0000A 0000A 0000A 0000A 0000A 0000A
0000A 0000A 0000A 0000A 0000A 0000A 0000A 0000A 0000A 0000A 0000A 0000A 0000A 0000A 0000A 0000A
0000A 0000A 0000A 0000A 0000A 0000A 0000A 0000A 0000A 0000A 0000A 0000A 0000A 0000A 0000A 0000A
0000A 0000A 0000A 0000A 0000A 0000A 0000A 0000A 0000A 0000A 0000A 0000A 0000A 0000A 0000A 0000A
0000A 0000A 0000A 0000A 0000A 0000A 0000A 0000A 0000A 0000A 0000A 0000A 0000A 0000A 0000A 0000A
0000A 0000A 0000A 0000A 0000A 0000A 0000A 0000A 0000A 0000A 0000A 0000A 0000A 0000A 0000A 0000A
0000A 0000A 0000A 0000A 0000A 0000A 0000A 0000A 0000A 0000A 0000A 0000A 0000A 0000A 0000A 0000A
0000A 0000A 0000A 0000A 0000A 0000A 0000A 0000A 0000A 0000A 0000A 0000A 0000A 0000A 0000A 0000A
0000A 0000A 0000A 0000A 0000A 0000A 0000A 0000A 0000A 0000A 0000A 0000A 0000A 0000A 0000A 0000A
0000A 0000A 0000A 0000A 0000A 0000A 0000A 0000A 0000A 0000A 0000A 0000A 0000A 0000A 0000A 0000A
0000A 0000A 0000A 0000A 0000A 0000A 0000A 0000A 0000A 0000A 0000A 0000A 0000A 0000A 0000A 0000A
0000A 0000A 0000A 0000A 0000A 0000A 0000A 0000A 0000A 0000A 0000A 0000A 0000A 0000A 0000A 0000A
0000A 0000A 0000A 0000A 0000A 0000A 0000A 0000A 0000A 0000A 0000A 0000A 0000A 0000A 0000A 0000A
0000A 0000A 0000A 0000A 0000A 0000A 0000A 0000A 0000A 0000A 0000A 0000A 0000A 0000A 0000A 0000A
0000A 0000A 0000A 0000A 0000A 0000A 0000A 0000A 0000A 0000A 0000A 0000A 0000A 0000A 0000A 0000A
0000A 0000A 0000A 0000A 0000A 0000A 0000A 0000A 0000A 0000A 0000A 0000A 0000A 0000A 0000A 0000A
0000A 0000A 0000A 0000A 0000A 0000A 0000A 0000A 0000A 0000A 0000A 0000A 0000A 0000A 0000A 0000A
0000A 0000A 0000A 0000A 0000A 0000A 0000A 0000A 0000A 0000A 0000A 0000A 0000A 0000A 0000A 0000A
0000A 0000A 0000A 0000A 0000A 0000A 0000A 0000A 0000A 0000A 0000A 0000A 0000A 0000A 0000A 0000A
0000A 0000A 0000A 0000A 0000A 0000A 0000A 0000A 0000A 0000A 0000A 0000A 0000A 0000A 0000A 0000A
0000A 0000A 0000A 0000A 0000A 0000A 0000A 0000A 0000A 0000A 0000A 0000A 0000A 0000A 0000A 0000A
0000A 0000A 0000A 0000A 0000A 0000A 0000A 0000A 0000A 0000A 0000A 0000A 0000A 0000A 0000A 0000A
0000A 0000A 0000A 0000A 0000A 0000A 0000A 0000A 0000A 0000A 0000A 0000A 0000A 0000A 0000A 0000A
0000A 0000A 0000A 0000A 0000A 0000A 0000A 0000A 0000A 0000A 0000A 0000A 0000A 0000A 0000A 0000A
0000A 0000A 0000A 0000A 0000A 0000A 0000A 0000A 0000A 0000A 0000A 0000A 0000A 0000A 0000A 0000A
0000A 0000A 0000A 0000A 0000A 0000A 0000A 0000A 0000A 0000A 0000A 0000A 0000A 0000A 0000A 0000A
0000A 0000A 0000A 0000A 0000A 0000A 0000A 0000A 0000A 0000A 0000A 0000A 0000A 0000A 0000A 0000A
0000A 0000A 0000A 0000A 0000A 0000A 0000A 0000A 0000A 0000A 0000A 0000A 0000A 0000A 0000A 0000A
0000A 0000A 0000A 0000A 0000A 0000A 0000A 0000A 0000A 0000A 0000A 0000A 0000A 0000A 0000A 0000A
0000A 0000A 0000A 0000A 0000A 0000A 0000A 0000A 0000A 0000A 0000A 0000A 0000A 0000A 0000A 0000A
0000A 0000A 0000A 0000A 0000A 0000A 0000A 0000A 0000A 0000A 0000A 0000A 0000A 0000A 0000A 0000A
0000A 0000A 0000A 0000A 0000A 0000A 0000A 0000A 0000A 0000A 0000A 0000A 0000A 0000A 0000A 0000A
0000A 0000A 0000A 0000A 0000A 0000A 0000A 0000A 0000A 0000A 0000A 0000A 0000A 0000A 0000A 0000A
0000A 0000A 0000A 0000A 0000A 0000A 0000A 0000A 0000A 0000A 0000A 0000A 0000A 0000A 0000A 0000A
0000A 0000A 0000A 0000A 0000A 0000A 0000A 0000A 0000A 0000A 0000A 0000A 0000A 0000A 0000A 0000A
0000A 0000A 0000A 0000A 0000A 0000A 0000A 0000A 0000A 0000A 0000A 0000A 0000A 0000A 0000A 0000A
0000A 0000A 0000A 0000A 0000A 0000A 0000A 0000A 0000A 0000A 0000A 0000A 0000A 0000A 0000A 0000A
0000A 0000A 0000A 0000A 0000A 0000A 0000A 0000A 0000A 0000A 0000A 0000A 0000A 0000A 0000A 0000A
0000A 0000A 0000A 0000A 0000A 0000A 0000A 0000A 0000A 0000A 0000A 0000A 0000A 0000A 0000A 0000A
0000A 0000A 0000A 0000A 0000A 0000A 0000A 0000A 0000A 0000A 0000A 0000A 0000A 0000A 0000A 0000A
0000A 0000A 0000A 0000A 0000A 0000A 0000A 0000A 0000A 0000A 0000A 0000A 0000A 0000A 0000A 0000A
0000A 0000A 0000A 0000A 0000A 0000A 0000A 0000A 0000A 0000A 0000A 0000A 0000A 0000A 0000A 0000A
0000A 0000A 0000A 0000A 0000A 0000A 0000A 0000A 0000A 0000A 0000A 0000A 0000A 0000A 0000A 0000A
0000A 0000A 0000A 0000A 0000A 0000A 0000A 0000A 0000A 0000A 0000A 0000A 0000A 0000A 0000A 0000A
0000A 0000A 0000A 0000A 0000A 0000A 0000A 0000A 0000A 0000A 0000A 0000A 0000A 0000A 0000A 0000A
0000A 0000A 0000A 0000A 0000A 0000A 0000A 0000A 0000A 0000A 0000A 0000A 0000A 0000A 0000A 0000A
0000A 0000A 0000A 0000A 0000A 0000A 0000A 0000A 0000A 0000A 0000A 0000A 0000A 0000A 0000A 0000A
0000A 0000A 0000A 0000A 0000A 0000A 0000A 0000A 0000A 0000A 0000A 0000A 0000A 0000A 0000A 0000A
0000A 0000A 0000A 0000A 0000A 0000A 0000A 0000A 0000A 0000A 0000A 0000A 0000A 0000A 0000A 0000A
0000A 0000A 0000A 0000A 0000A 0000A 0000A 0000A 0000A 0000A 0000A 0000A 0000A 0000A 0000A 0000A
0000A 0000A 0000A 0000A 0000A 0000A 0000A 0000A 0000A 0000A 0000A 0000A 0000A 0000A 0000A 0000A
0000A 0000A 0000A 0000A 0000A 0000A 0000A 0000A 0000A 0000A 0000A 0000A 0000A 0000A 0000A 0000A
0000A 0000A 0000A 0000A 0000A 0000A 0000A 0000A 0000A 0000A 0000A 0000A 0000A 0000A 0000A 0000A
0000A 0000A 0000A 0000A 0000A 0000A 0000A 0000A 0000A 0000A 0000A 0000A 0000A 0000A 0000A 0000A
0000A 0000A 0000A 0000A 0000A 0000A 0000A 0000A 0000A 0000A 0000A 0000A 0000A 0000A 0000A 0000A
0000A 0000A 0000A 0000A 0000A 0000A 0000A 0000A 0000A 0000A 0000A 0000A 0000A 0000A 0000A 0000A
0000A 0000A 0000A 0000A 0000A 0000A 0000A 0000A 0000A 0000A 0000A 0000A 0000A 0000A 0000A 0000A
0000A 0000A 0000A 0000A 0000A 0000A 0000A 0000A 0000A 0000A 0000A 0000A 0000A 0000A 0000A 0000A
0000A 0000A 0000A 0000A 0000A 0000A 0000A 0000A 0000A 0000A 0000A 0000A 0000A 0000A 0000A 0000A
0000A 0000A 0000A 0000A 0000A 0000A 0000A 0000A 0000A 0000A 0000A 0000A 0000A 0000A 0000A 0000A
0000A 0000A 0000A 0000A 0000A 0000A 0000A 0000A 0000A 0000A 0000A 0000A 0000A 0000A 0000A 0000A
0000A 0000A 0000A 0000A 0000A 0000A 0000A 0000A 0000A 0000A 0000A 0000A 0000A 0000A 0000A 0000A
0000A 0000A 0000A 0000A 0000A 0000A 0000A 0000A 0000A 0000A 0000A 0000A 0000A 0000A 0000A 0000A
0000A 0000A 0000A 0000A 0000A 0000A 0000A 0000A 0000A 0000A 0000A 0000A 0000A 0000A 0000A 0000A
0000A 0000A 0000A 0000A 0000A 0000A 0000A 0000A 0000A 0000A 0000A 0000A 0000A 0000A 0000A 0000A
0000A 0000A 0000A 0000A 0000A 0000A 0000A 0000A 0000A 0000A 0000A 0000A 0000A 0000A 0000A 0000A
0000A 0000A 0000A 0000A 0000A 0000A 0000A 0000A 0000A 0000A 0000A 0000A 0000A 0000A 0000A 0000A
0000A 0000A 0000A 0000A 0000A 0000A 0000A 0000A 0000A 0000A 0000A 0000A 0000A 0000A 0000A 0000A
0000A 0000A 0000A 0000A 0000A 0000A 0000A 0000A 0000A 0000A 0000A 0000A 0000A 0000A 0000A 0000A
0000A 0000A 0000A 0000A 0000A 0000A 0000A 0000A 0000A 0000A 0000A 0000A 0000A 0000A 0000A 0000A
0000A 0000A 0000A 0000A 0000A 0000A 0000A 0000A 0000A 0000A 0000A 0000A 0000A 0000A 0000A 0000A
0000A 0000A 0000A 0000A 0000A 0000A 0000A 0000A 0000A 0000A 0000A 0000A 0000A 0000A 0000A 0000A
0000A 0000A 0000A 0000A 0000A 0000A 0000A 0000A 0000A 0000A 0000A 0000A 0000A 0000A 0000A 0000A
0000A 0000A 0000A 0000A 0000A 0000A 0000A 0000A 0000A 0000A 0000A 0000A 0000A 0000A 0000A 0000A
0000A 0000A 0000A 0000A 0000A 0000A 0000A 0000A 0000A 0000A 0000A 0000A 0000A 0000A 0000A 0000A
0000A 0000A 0000A 0000A 0000A 0000A 0000A 0000A 0000A 0000A 0000A 0000A 0000A 0000A 0000A 0000A
0000A 0000A 0000A 0000A 0000A 0000A 0000A 0000A 0000A 0000A 0000A 0000A 0000A 0000A 0000A 0000A
0000A 0000A 0000A 0000A 0000A 0000A 0000A 0000A 0000A 0000A 0000A 0000A 0000A 0000A 0000A 0000A
0000A 0000A 0000A 0000A 0000A 0000A 0000A 0000A 0000A 0000A 0000A 0000A 0000A 0000A 0000A 0000A
0000A 0000A 0000A 0000A 0000A 0000A 0000A 0000A 0000A 0000A 0000A 0000A 0000A 0000A 0000A 0000A
0000A 0000A 0000A 0000A 0000A 0000A 0000A 0000A 0000A 0000A 0000A 0000A 0000A 0000A 0000A 0000A
0000A 0000A 0000A 0000A 0000A 0000A 0000A 0000A 0000A 0000A 0000A 0000A 0000A 0000A 0000A 0000A
0000A 0000A 0000A 0000A 0000A 0000A 0000A 0000A 0000A 0000A 0000A 0000A 0000A 0000A 0000A 0000A
0000A 0000A 0000A 0000A 0000A 0000A 0000A 0000A 0000A 0000A 0000A 0000A 0000A 0000A 0000A 0000A
0000A 0000A 0000A 0000A 0000A 0000A 0000A 0000A 0000A 0000A 0000A 0000A 0000A 0000A 0000A 0000A
0000A 0000A 0000A 0000A 0000A 0000A 0000A 0000A 0000A 0000A 0000A 0000A 0000A 0000A 0000A 0000A
0000A 0000A 0000A 0000A 0000A 0000A 0000A 0000A 0000A 0000A 0000A 0000A 0000A 0000A 0000A 0000A
0000A 0000A 0000A 0000A 0000A 0000A 0000A 0000A 0000A 0000A 0000A 0000A 0000A 0000A 0000A 0000A
0000A 0000A 0000A 0000A 0000A 0000A 0000A 0000A 0000A 0000A 0000A 0000A 0000A 0000A 0000A 0000A
0000A 0000A 0000A 0000A 0000A 0000A 0000A 0000A 0000A 0000A 0000A 0000A 0000A 0000A 0000A 0000A
0000A 0000A 0000A 0000A 0000A 0000A 0000A 0000A 0000A 0000A 0000A 0000A 0000A 0000A 0000A 0000A
0000A 0000A 0000A 0000A 0000A 0000A 0000A 0000A 0000A 0000A 0000A 0000A 0000A 0000A 0000A 0000A
0000A 0000A 0000A 0000A 0000A 0000A 0000A 0000A 0000A 0000A 0000A 0000A 0000A 0000A 0000A 0000A
0000A 0000A 0000A 0000A 0000A 0000A 0000A 0000A 0000A 0000A 0000A 0000A 0000A 0000A 0000A 0000A
0000A 0000A 0000A 0000A 0000A 0000A 0000A 0000A 0000A 0000A 0000A 0000A 0000A 0000A 0000A 0000A
0000A 0000A 0000A 0000A 0000A 0000A 0000A 0000A 0000A 0000A 0000A 0000A 0000A 0000A 0000A 0000A
0000A 0000A 0000A 0000A 0000A 0000A 0000A 0000A 0000A 0000A 0000A 0000A 0000A 0000A 0000A 0000A
0000A 0000A 0000A 0000A 0000A 0000A 0000A 0000A 0000A 0000A 0000A 0000A 0000A 0000A 0000A 0000A
0000A 0000A 0000A 0000A 0000A 0000A 0000A 0000A 0000A 0000A 0000A 0000A 0000A 0000A 0000A 0000A
0000A 0000A 0000A 0000A 0000A 0000A 0000A 0000A 0000A 0000A 0000A 0000A 0000A 0000A 0000A 0000A
0000A 0000A 0000A 0000A 0000A 0000A 0000A 0000A 0000A 0000A 0000A 0000A 0000A 0000A 0000A 0000A
0000A 0000A 0000A 0000A 0000A 0000A 0000A 0000A 0000A 0000A 0000A 00009 00009 00009 00009 00009
00009 00009 00009 00009 00009 00009 00009 00009 00009 00009 00009 00009 00009 00009 00009 00009
00009 00009 00009 00009 00009 00009 00009 00009 00009 00009 00009 00009 00009 00009 00009 00009
00009 00009 00009 00009 00009 00009 00009 00009 00009 00009 00009 00009 00009 00009 00009 00009
00009 00009 00009 00009 00009 00009 00009 00009 00009 00009 00009 00009 00009 00009 00009 00009
00009 00009 00009 00009 00009 00009 00009 00009 00009 00009 00009 00009 00009 00009 00009 00009
00009 00009 00009 00009 00009 00009 00009 00009 00009 00009 00009 00009 00009 00009 00009 00009
00009 00009 00009 00009 00009 00009 00009 00009 00009 00009 00009 00009 00009 00009 00009 00009
00009 00009 00009 00009 00009 00009 00009 00009 00009 00009 00009 00009 00009 00009 00009 00009
00009 00009 00009 00009 00009 00009 00009 00009 00009 00009 00009 00009 00009 00009 00009 00009
00009 00009 00009 00009 00009 00009 00009 00009 00009 00009 00009 00009 00009 00009 00009 00009
00009 00009 00009 00009 00009 00009 00009 00009 00009 00009 00009 00009 00009 00009 00009 00009
00009 00009 00009 00009 00009 00009 00009 00009 00009 00009 00009 00009 00009 00009 00009 00009
00009 00009 00009 00009 00009 00009 00009 00009 00009 00009 00009 00009 00009 00009 00009 00009
00009 00009 00009 00009 00009 00009 00009 00009 00009 00009 00009 00009 00009 00009 00009 00009
00009 00009 00009 00009 00009 00009 00009 00009 00009 00009 00009 00009 00009 00009 00009 00009
00009 00009 00009 00009 00009 00009 00009 00009 00009 00009 00009 00009 00009 00009 00009 00009
00009 00009 00009 00009 00009 00009 00009 00009 00009 00009 00009 00009 00009 00009 00009 00009
00009 00009 00009 00009 00009 00009 00009 00009 00009 00009 00009 00009 00009 00009 00009 00009
00009 00009 00009 00009 00009 00009 00009 00009 00009 00009 00009 00009 00009 00009 00009 00009
00009 00009 00009 00009 00009 00009 00009 00009 00009 00009 00009 00009 00009 00009 00009 00009
00009 00009 00009 00009 00009 00009 00009 00009 00009 00009 00009 00009 00009 00009 00009 00009
00009 00009 00009 00009 00009 00009 00009 00009 00009 00009 00009 00009 00009 00009 00009 00009
00009 00009 00009 00009 00009 00009 00009 00009 00009 00009 00009 00009 00009 00009 00009 00009
00009 00009 00009 00009 00009 00009 00009 00009 00009 00009 00009 00009 00009 00009 00009 00009
00009 00009 00009 00009 00009 00009 00009 00009 00009 00009 00009 00009 00009 00009 00009 00009
00009 00009 00009 00009 00009 00009 00009 00009 00009 00009 00009 00009 00009 00009 00009 00009
00009 00009 00009 00009 00009 00009 00009 00009 00009 00009 00009 00009 00009 00009 00009 00009
00009 00009 00009 00009 00009 00009 00009 00009 00009 00009 00009 00009 00009 00009 00009 00009
00009 00009 00009 00009 00009 00009 00009 00009 00009 00009 00009 00009 00009 00009 00009 00009
00009 00009 00009 00009 00009 00009 00009 00009 00009 00009 00009 00009 00009 00009 00009 00009
00009 00009 00009 00009 00009 00009 00009 00009 00009 00009 00009 00009 00009 00009 00009 00009
00009 00009 00009 00009 00009 00009 00009 00009 00009 00009 00009 00009 00009 00009 00009 00009
00009 00009 00009 00009 00009 00009 00009 00009 00009 00009 00009 00009 00009 00009 00009 00009
00009 00009 00009 00009 00009 00009 00009 00009 00009 00009 00009 00009 00009 00009 00009 00009
00009 00009 00009 00009 00009 00009 00009 00009 00009 00009 00009 00009 00009 00009 00009 00009
00009 00009 00009 00009 00009 00009 00009 00009 00009 00009 00009 00009 00009 00009 00009 00009
00009 00009 00009 00009 00009 00009 00009 00009 00009 00009 00009 00009 00009 00009 00009 00009
00009 00009 00009 00009 00009 00009 00009 00009 00009 00009 00009 00009 00009 00009 00009 00009
00009 00009 00009 00009 00009 00009 00009 00009 00009 00009 00009 00009 00009 00009 00009 00009
00009 00009 00009 00009 00009 00009 00009 00009 00009 00009 00009 00009 00009 00009 00009 00009
00009 00009 00009 00009 00009 00009 00009 00009 00009 00009 00009 00009 00009 00009 00009 00009
00009 00009 00009 00009 00009 00009 00009 00009 00009 00009 00009 00009 00009 00009 00009 00009
00009 00009 00009 00009 00009 00009 00009 00009 00009 00009 00009 00009 00009 00009 00009 00009
00009 00009 00009 00009 00009 00009 00009 00009 00009 00009 00009 00009 00009 00009 00009 00009
00009 00009 00009 00009 00009 00009 00009 00009 00009 00009 00009 00009 00009 00009 00009 00009
00009 00009 00009 00009 00009 00009 00009 00009 00009 00009 00009 00009 00009 00009 00009 00009
00009 00009 00009 00009 00009 00009 00009 00009 00009 00009 00009 00009 00009 00009 00009 00009
00009 00009 00009 00009 00009 00009 00009 00009 00009 00009 00009 00009 00009 00009 00009 00009
00009 00009 00009 00009 00009 00009 00009 00009 00009 00009 00009 00009 00009 00009 00009 00009
00009 00009 00009 00009 00009 00009 00009 00009 00009 00009 00009 00009 00009 00009 00009 00009
00009 00009 00009 00009 00009 00009 00009 00009 00009 00009 00009 00009 00009 00009 00009 00009
00009 00009 00009 00009 00009 00009 00009 00009 00009 00009 00009 00009 00009 00009 00009 00009
00009 00009 00009 00009 00009 00009 00009 00009 00009 00009 00009 00009 00009 00009 00009 00009
00009 00009 00009 00009 00009 00009 00009 00009 00009 00009 00009 00009 00009 00009 00009 00009
00009 00009 00009 00009 00009 00009 00009 00009 00009 00009 00009 00009 00009 00009 00009 00009
00009 00009 00009 00009 00009 00009 00009 00009 00009 00009 00009 00009 00009 00009 00009 00009
00009 00009 00009 00009 00009 00009 00009 00009 00009 00009 00009 00009 00009 00009 00009 00009
00009 00009 00009 00009 00009 00009 00009 00009 00009 00009 00009 00009 00009 00009 00009 00009
00009 00009 00009 00009 00009 00009 00009 00009 00009 00009 00009 00009 00009 00009 00009 00009
00009 00009 00009 00009 00009 00009 00009 00009 00009 00009 00009 00009 00009 00009 00009 00009
00009 00009 00009 00009 00009 00009 00009 00009 00009 00009 00009 00009 00009 00009 00009 00009
00009 00009 00009 00009 00009 00009 00009 00009 00009 00009 00009 00009 00009 00009 00009 00009
00009 00009 00009 00009 00009 00009 00009 00009 00009 00009 00009 00009 00009 00009 00009 00009
00009 00009 00009 00009 00009 00009 00009 00009 00009 00009 00009 00009 00009 00009 00009 00009
00009 00009 00009 00009 00009 00009 00009 00009 00009 00009 00009 00009 00009 00009 00009 00009
00009 00009 00009 00009 00009 00009 00009 00009 00009 00009 00009 00009 00009 00009 00009 00009
00009 00009 00009 00009 00009 00009 00009 00009 00009 00009 00009 00009 00009 00009 00009 00009
00009 00009 00009 00009 00009 00009 00009 00009 00009 00009 00009 00009 00009 00009 00009 00009
00009 00009 00009 00009 00009 00009 00009 00009 00009 00009 00009 00009 00009 00009 00009 00009
00009 00009 00009 00009 00009 00009 00009 00009 00009 00009 00009 00009 00009 00009 00009 00009
00009 00009 00009 00009 00009 00009 00009 00009 00009 00009 00009 00009 00009 00009 00009 00009
00009 00009 00009 00009 00009 00009 00009 00009 00009 00009 00009 00009 00009 00009 00009 00009
00009 00009 00009 00009 00009 00009 00009 00009 00009 00009 00009 00009 00009 00009 00009 00009
00009 00009 00009 00009 00009 00009 00009 00009 00009 00009 00009 00009 00009 00009 00009 00009
00009 00009 00009 00009 00009 00009 00009 00009 00009 00009 00009 00009 00009 00009 00009 00009
00009 00009 00009 00009 00009 00009 00009 00009 00009 00009 00009 00009 00009 00009 00009 00009
00009 00009 00009 00009 00009 00009 00009 00009 00009 00009 00009 00009 00009 00009 00009 00009
00009 00009 00009 00009 00009 00009 00009 00009 00009 00009 00009 00009 00009 00009 00009 00009
00009 00009 00009 00009 00009 00009 00009 00009 00009 00009 00009 00009 00009 00009 00009 00009
00009 00009 00009 00009 00009 00009 00009 00009 00009 00009 00009 00009 00009 00009 00009 00009
00009 00009 00009 00009 00009 00009 00009 00009 00009 00009 00009 00009 00009 00009 00009 00009
00009 00009 00009 00009 00009 00009 00009 00009 00009 00009 00009 00009 00009 00009 00009 00009
00009 00009 00009 00009 00009 00009 00009 00009 00009 00009 00009 00009 00009 00009 00009 00009
00009 00009 00009 00009 00009 00009 00009 00009 00009 00009 00009 00009 00009 00009 00009 00009
00009 00009 00009 00009 00009 00009 00009 00009 00009 00009 00009 00009 00009 00009 00009 00009
00009 00009 00009 00009 00009 00009 00009 00009 00009 00009 00009 00009 00009 00009 00009 00009
00009 00009 00009 00009 00009 00009 00009 00009 00009 00009 00009 00009 00009 00009 00009 00009
00009 00009 00009 00009 00009 00009 00009 00009 00009 00009 00009 00009 00009 00009 00009 00009
00009 00009 00009 00009 00009 00009 00009 00009 00009 00009 00009 00009 00009 00009 00009 00009
00009 00009 00009 00009 00009 00009 00009 00009 00009 00009 00009 00009 00009 00009 00009 00009
00009 00009 00009 00009 00009 00009 00009 00009 00009 00009 00009 00009 00009 00009 00009 00009
00009 00009 00009 00009 00009 00009 00009 00009 00009 00009 00009 00009 00009 00009 00009 00009
00009 00009 00009 00009 00009 00009 00009 00009 00009 00009 00009 00009 00009 00009 00009 00009
00009 00009 00009 00009 00009 00009 00009 00009 00009 00009 00009 00009 00009 00009 00009 00009
00009 00009 00009 00009 00009 00009 00009 00009 00009 00009 00009 00009 00009 00009 00009 00009
00009 00009 00009 00009 00009 00009 00009 00009 00009 00009 00009 00009 00009 00009 00009 00009
00009 00009 00009 00009 00009 00009 00009 00009 00009 00009 00009 00009 00009 00009 00009 00009
00009 00009 00009 00009 00009 00009 00009 00009 00009 00009 00009 00009 00009 00009 00009 00009
00009 00009 00009 00009 00009 00009 00009 00009 00009 00009 00009 00009 00009 00009 00009 00009
00009 00009 00009 00009 00009 00009 00009 00009 00009 00009 00009 00009 00009 00009 00009 00009
00009 00009 00009 00009 00009 00009 00009 00009 00009 00009 00009 00009 00009 00009 00009 00009
00009 00009 00009 00009 00009 00009 00009 00009 00009 00009 00009 00009 00009 00009 00009 00009
00009 00009 00009 00009 00009 00009 00009 00009 00009 00009 00009 00009 00009 00009 00009 00009
00009 00009 00009 00009 00009 00009 00009 00009 00009 00009 00009 00009 00009 00009 00009 00009
00009 00009 00009 00009 00009 00009 00009 00009 00009 00009 00009 00009 00009 00009 00009 00009
00009 00009 00009 00009 00009 00009 00009 00009 00009 00009 00009 00009 00009 00009 00009 00009
00009 00009 00009 00009 00009 00009 00009 00009 00009 00009 00009 00009 00009 00009 00009 00009
00009 00009 00009 00009 00009 00009 00009 00009 00009 00009 00009 00009 00009 00009 00009 00009
00009 00009 00009 00009 00009 00009 00009 00009 00009 00009 00009 00009 00009 00009 00009 00009
00009 00009 00009 00009 00009 00009 00009 00009 00009 00009 00009 00009 00009 00009 00009 00009
00009 00009 00009 00009 00009 00009 00009 00009 00009 00009 00009 00009 00009 00009 00009 00009
00009 00009 00009 00009 00009 00009 00009 00009 00009 00009 00009 00009 00009 00009 00009 00009
00009 00009 00009 00009 00009 00009 00009 00009 00009 00009 00009 00009 00009 00009 00009 00009
00009 00009 00009 00009 00009 00009 00009 00009 00009 00009 00009 00009 00009 00009 00009 00009
00009 00009 00009 00009 00009 00009 00009 00009 00009 00009 00009 00009 00009 00009 00009 00009
00009 00009 00009 00009 00009 00009 00009 00009 00009 00009 00009 00009 00009 00009 00009 00009
00009 00009 00009 00009 00009 00009 00009 00009 00009 00009 00009 00009 00009 00009 00009 00009
00009 00009 00009 00009 00009 00009 00009 00009 00009 00009 00009 00009 00009 00009 00009 00009
00009 00009 00009 00009 00009 00009 00009 00009 00009 00009 00009 00009 00009 00009 00009 00009
00009 00009 00009 00009 00009 00009 00009 00009 00009 00009 00009 00009 00009 00009 00009 00009
00009 00009 00009 00009 00009 00009 00009 00009 00009 00009 00009 00009 00009 00009 00009 00009
00009 00009 00009 00009 00009 00009 00009 00009 00009 00009 00009 00009 00009 00009 00009 00009
00009 00009 00009 00009 00009 00009 00009 00009 00009 00009 00009 00009 00009 00009 00009 00009
00009 00009 00009 00009 00009 00009 00009 00009 00009 00009 00009 00009 00009 00009 00009 00009
00009 00009 00009 00009 00009 00009 00009 00009 00009 00009 00009 00009 00009 00009 00009 00009
00009 00009 00009 00009 00009 00009 00009 00009 00009 00009 00009 00009 00009 00009 00009 00009
00009 00009 00009 00009 00009 00009 00009 00009 00009 00009 00009 00009 00009 00009 00009 00009
00009 00009 00009 00009 00009 00009 00009 00009 00009 00009 00009 00009 00009 00009 00009 00009
00009 00009 00009 00009 00009 00009 00009 00009 00009 00009 00009 00009 00009 00009 00009 00009
00009 00009 00009 00009 00009 00009 00009 00009 00009 00009 00009 00009 00009 00009 00009 00009
00009 00009 00009 00009 00009 00009 00009 00009 00009 00009 00009 00009 00009 00009 00009 00009
00009 00009 00009 00009 00009 00009 00009 00009 00009 00009 00009 00009 00009 00009 00009 00009
00009 00009 00009 00009 00009 00009 00009 00009 00009 00009 00009 00009 00009 00009 00009 00009
00009 00009 00009 00009 00009 00009 00009 00009 00009 00009 00009 00009 00009 00009 00009 00009
00009 00009 00009 00009 00009 00009 00009 00009 00009 00009 00009 00009 00009 00009 00009 00009
00009 00009 00009 00009 00009 00009 00009 00009 00009 00009 00009 00009 00009 00009 00009 00009
00009 00009 00009 00009 00009 00009 00009 00009 00009 00009 00009 00009 00009 00009 00009 00009
00009 00009 00009 00009 00009 00009 00009 00009 00009 00009 00009 00009 00009 00009 00009 00009
00009 00009 00009 00009 00009 00009 00009 00009 00009 00009 00009 00009 00009 00009 00009 00009
00009 00009 00009 00009 00009 00009 00009 00009 00009 00009 00009 00009 00009 00009 00009 00009
00009 00009 00009 00009 00009 00009 00009 00009 00009 00009 00009 00009 00009 00009 00009 00009
00009 00009 00009 00009 00009 00009 00009 00009 00009 00009 00009 00009 00009 00009 00009 00009
00009 00009 00009 00009 00009 00009 00009 00009 00009 00009 00009 00009 00009 00009 00009 00009
00009 00009 00009 00009 00009 00009 00009 00009 00009 00009 00009 00009 00009 00009 00009 00009
00009 00009 00009 00009 00009 00009 00009 00009 00009 00009 00009 00009 00009 00009 00009 00009
00009 00009 00009 00009 00009 00009 00009 00009 00009 00009 00009 00009 00009 00009 00009 00009
00009 00009 00009 00009 00009 00009 00009 00009 00009 00009 00009 00009 00009 00009 00009 00009
00009 00009 00009 00009 00009 00009 00009 00009 00009 00009 00009 00009 00009 00009 00009 00009
00009 00009 00009 00009 00009 00009 00009 00009 00009 00009 00009 00009 00009 00009 00009 00009
00009 00009 00009 00009 00009 00009 00009 00009 00009 00009 00009 00009 00009 00009 00009 00009
00009 00009 00009 00009 00009 00009 00009 00009 00009 00009 00009 00009 00009 00009 00009 00009
00009 00009 00009 00009 00009 00009 00009 00009 00009 00009 00009 00009 00009 00009 00009 00009
00009 00009 00009 00009 00009 00009 00009 00009 00009 00009 00009 00009 00009 00009 00009 00009
00009 00009 00009 00009 00009 00009 00009 00009 00009 00009 00009 00009 00009 00009 00009 00009
00009 00009 00009 00009 00009 00009 00009 00009 00009 00009 00009 00009 00009 00009 00009 00009
00009 00009 00009 00009 00009 00009 00009 00009 00009 00009 00009 00009 00009 00009 00009 00009
00009 00009 00009 00009 00009 00009 00009 00009 00009 00009 00009 00009 00009 00009 00009 00009
00009 00009 00009 00009 00009 00009 00009 00009 00009 00009 00009 00009 00009 00009 00009 00009
00009 00009 00009 00009 00009 00009 00009 00009 00009 00009 00009 00009 00009 00009 00009 00009
00009 00009 00009 00009 00009 00009 00009 00009 00009 00009 00009 00009 00009 00009 00009 00009
00009 00009 00009 00009 00009 00009 00009 00009 00009 00009 00009 00009 00009 00009 00009 00009
00009 00009 00009 00009 00009 00009 00009 00009 00009 00009 00009 00009 00009 00009 00009 00009
00009 00009 00009 00009 00009 00009 00009 00009 00009 00009 00009 00009 00009 00009 00009 00009
00009 00009 00009 00009 00009 00009 00009 00009 00009 00009 00009 00009 00009 00009 00009 00009
00009 00009 00009 00009 00009 00009 00009 00009 00009 00009 00009 00009 00009 00009 00009 00009
00009 00009 00009 00009 00009 00009 00009 00009 00009 00009 00009 00009 00009 00009 00009 00009
00009 00009 00009 00009 00009 00009 00009 00009 00009 00009 00009 00009 00009 00009 00009 00009
00009 00009 00009 00009 00009 00009 00009 00009 00009 00009 00009 00009 00009 00009 00009 00009
00009 00009 00009 00009 00009 00009 00009 00009 00009 00009 00009 00009 00009 00009 00009 00009
00009 00009 00009 00009 00009 00009 00009 00009 00009 00009 00009 00009 00009 00009 00009 00009
00009 00009 00009 00009 00009 00009 00009 00009 00009 00009 00009 00009 00009 00009 00009 00009
00009 00009 00009 00009 00009 00009 00009 00009 00009 00009 00009 00009 00009 00009 00009 00009
00009 00009 00009 00009 00009 00009 00009 00009 00009 00009 00009 00009 00009 00009 00009 00009
00009 00009 00009 00009 00009 00009 00009 00009 00009 00009 00009 00009 00009 00009 00009 00009
00009 00009 00009 00009 00009 00009 00009 00009 00009 00009 00009 00009 00009 00009 00009 00009
00009 00009 00009 00009 00009 00009 00009 00009 00009 00009 00009 00009 00009 00009 00009 00009
00009 00009 00009 00009 00009 00009 00009 00009 00009 00009 00009 00009 00009 00009 00009 00009
00009 00009 00009 00009 00009 00009 00009 00009 00009 00009 00009 00009 00009 00009 00009 00009
00009 00009 00009 00009 00009 00009 00009 00009 00009 00009 00009 00009 00009 00009 00009 00009
00009 00009 00009 00009 00009 00009 00009 00009 00009 00009 00009 00009 00009 00009 00009 00009
00009 00009 00009 00009 00009 00009 00009 00009 00009 00009 00009 00009 00009 00009 00009 00009
00009 00009 00009 00009 00009 00009 00009 00009 00009 00009 00009 00009 00009 00009 00009 00009
00009 00009 00009 00009 00009 00009 00009 00009 00009 00009 00009 00009 00009 00009 00009 00009
00009 00009 00009 00009 00009 00009 00009 00009 00009 00009 00009 00009 00009 00009 00009 00009
00009 00009 00009 00009 00009 00009 00009 00009 00009 00009 00009 00009 00009 00009 00009 00009
00009 00009 00009 00009 00009 00009 00009 00009 00009 00009 00009 00009 00009 00009 00009 00009
00009 00009 00009 00009 00009 00009 00009 00009 00009 00009 00009 00009 00009 00009 00009 00009
00009 00009 00009 00009 00009 00009 00009 00009 00009 00009 00009 00009 00009 00009 00009 00009
00009 00009 00009 00009 00009 00009 00009 00009 00009 00009 00009 00009 00009 00009 00009 00009
00009 00009 00009 00009 00009 00009 00009 00009 00009 00009 00009 00009 00009 00009 00009 00009
00009 00009 00009 00009 00009 00009 00009 00009 00009 00009 00009 00009 00009 00009 00009 00009
00009 00009 00009 00009 00009 00009 00009 00009 00009 00009 00009 00009 00009 00009 00009 00009
00009 00009 00009 00009 00009 00009 00009 00009 00009 00009 00009 00009 00009 00009 00009 00009
00009 00009 00009 00009 00009 00009 00009 00009 00009 00009 00009 00009 00009 00009 00009 00009
00009 00009 00009 00009 00009 00009 00009 00009 00009 00009 00009 00009 00009 00009 00009 00009
00009 00009 00009 00009 00009 00009 00009 00009 00009 00009 00009 00009 00009 00009 00009 00009
00009 00009 00009 00009 00009 00009 00009 00009 00009 00009 00009 00009 00009 00009 00009 00009
00009 00009 00009 00009 00009 00009 00009 00009 00009 00009 00009 00009 00009 00009 00009 00009
00009 00009 00009 00009 00009 00009 00009 00009 00009 00009 00009 00009 00009 00009 00009 00009
00009 00009 00009 00009 00009 00009 00009 00009 00009 00009 00009 00009 00009 00009 00009 00009
00009 00009 00009 00009 00009 00009 00009 00009 00009 00009 00009 00009 00009 00009 00009 00009
00009 00009 00009 00009 00009 00009 00009 00009 00009 00009 00009 00009 00009 00009 00009 00009
00009 00009 00009 00009 00009 00009 00009 00009 00009 00008 00008 00008 00008 00008 00008 00008
00008 00008 00008 00008 00008 00008 00008 00008 00008 00008 00008 00008 00008 00008 00008 00008
00008 00008 00008 00008 00008 00008 00008 00008 00008 00008 00008 00008 00008 00008 00008 00008
00008 00008 00008 00008 00008 00008 00008 00008 00008 00008 00008 00008 00008 00008 00008 00008
00008 00008 00008 00008 00008 00008 00008 00008 00008 00008 00008 00008 00008 00008 00008 00008
00008 00008 00008 00008 00008 00008 00008 00008 00008 00008 00008 00008 00008 00008 00008 00008
00008 00008 00008 00008 00008 00008 00008 00008 00008 00008 00008 00008 00008 00008 00008 00008
00008 00008 00008 00008 00008 00008 00008 00008 00008 00008 00008 00008 00008 00008 00008 00008
00008 00008 00008 00008 00008 00008 00008 00008 00008 00008 00008 00008 00008 00008 00008 00008
00008 00008 00008 00008 00008 00008 00008 00008 00008 00008 00008 00008 00008 00008 00008 00008
00008 00008 00008 00008 00008 00008 00008 00008 00008 00008 00008 00008 00008 00008 00008 00008
00008 00008 00008 00008 00008 00008 00008 00008 00008 00008 00008 00008 00008 00008 00008 00008
00008 00008 00008 00008 00008 00008 00008 00008 00008 00008 00008 00008 00008 00008 00008 00008
00008 00008 00008 00008 00008 00008 00008 00008 00008 00008 00008 00008 00008 00008 00008 00008
00008 00008 00008 00008 00008 00008 00008 00008 00008 00008 00008 00008 00008 00008 00008 00008
00008 00008 00008 00008 00008 00008 00008 00008 00008 00008 00008 00008 00008 00008 00008 00008
00008 00008 00008 00008 00008 00008 00008 00008 00008 00008 00008 00008 00008 00008 00008 00008
00008 00008 00008 00008 00008 00008 00008 00008 00008 00008 00008 00008 00008 00008 00008 00008
00008 00008 00008 00008 00008 00008 00008 00008 00008 00008 00008 00008 00008 00008 00008 00008
00008 00008 00008 00008 00008 00008 00008 00008 00008 00008 00008 00008 00008 00008 00008 00008
00008 00008 00008 00008 00008 00008 00008 00008 00008 00008 00008 00008 00008 00008 00008 00008
00008 00008 00008 00008 00008 00008 00008 00008 00008 00008 00008 00008 00008 00008 00008 00008
00008 00008 00008 00008 00008 00008 00008 00008 00008 00008 00008 00008 00008 00008 00008 00008
00008 00008 00008 00008 00008 00008 00008 00008 00008 00008 00008 00008 00008 00008 00008 00008
00008 00008 00008 00008 00008 00008 00008 00008 00008 00008 00008 00008 00008 00008 00008 00008
00008 00008 00008 00008 00008 00008 00008 00008 00008 00008 00008 00008 00008 00008 00008 00008
00008 00008 00008 00008 00008 00008 00008 00008 00008 00008 00008 00008 00008 00008 00008 00008
00008 00008 00008 00008 00008 00008 00008 00008 00008 00008 00008 00008 00008 00008 00008 00008
00008 00008 00008 00008 00008 00008 00008 00008 00008 00008 00008 00008 00008 00008 00008 00008
00008 00008 00008 00008 00008 00008 00008 00008 00008 00008 00008 00008 00008 00008 00008 00008
00008 00008 00008 00008 00008 00008 00008 00008 00008 00008 00008 00008 00008 00008 00008 00008
00008 00008 00008 00008 00008 00008 00008 00008 00008 00008 00008 00008 00008 00008 00008 00008
00008 00008 00008 00008 00008 00008 00008 00008 00008 00008 00008 00008 00008 00008 00008 00008
00008 00008 00008 00008 00008 00008 00008 00008 00008 00008 00008 00008 00008 00008 00008 00008
00008 00008 00008 00008 00008 00008 00008 00008 00008 00008 00008 00008 00008 00008 00008 00008
00008 00008 00008 00008 00008 00008 00008 00008 00008 00008 00008 00008 00008 00008 00008 00008
00008 00008 00008 00008 00008 00008 00008 00008 00008 00008 00008 00008 00008 00008 00008 00008
00008 00008 00008 00008 00008 00008 00008 00008 00008 00008 00008 00008 00008 00008 00008 00008
00008 00008 00008 00008 00008 00008 00008 00008 00008 00008 00008 00008 00008 00008 00008 00008
00008 00008 00008 00008 00008 00008 00008 00008 00008 00008 00008 00008 00008 00008 00008 00008
00008 00008 00008 00008 00008 00008 00008 00008 00008 00008 00008 00008 00008 00008 00008 00008
00008 00008 00008 00008 00008 00008 00008 00008 00008 00008 00008 00008 00008 00008 00008 00008
00008 00008 00008 00008 00008 00008 00008 00008 00008 00008 00008 00008 00008 00008 00008 00008
00008 00008 00008 00008 00008 00008 00008 00008 00008 00008 00008 00008 00008 00008 00008 00008
00008 00008 00008 00008 00008 00008 00008 00008 00008 00008 00008 00008 00008 00008 00008 00008
00008 00008 00008 00008 00008 00008 00008 00008 00008 00008 00008 00008 00008 00008 00008 00008
00008 00008 00008 00008 00008 00008 00008 00008 00008 00008 00008 00008 00008 00008 00008 00008
00008 00008 00008 00008 00008 00008 00008 00008 00008 00008 00008 00008 00008 00008 00008 00008
00008 00008 00008 00008 00008 00008 00008 00008 00008 00008 00008 00008 00008 00008 00008 00008
00008 00008 00008 00008 00008 00008 00008 00008 00008 00008 00008 00008 00008 00008 00008 00008
00008 00008 00008 00008 00008 00008 00008 00008 00008 00008 00008 00008 00008 00008 00008 00008
00008 00008 00008 00008 00008 00008 00008 00008 00008 00008 00008 00008 00008 00008 00008 00008
00008 00008 00008 00008 00008 00008 00008 00008 00008 00008 00008 00008 00008 00008 00008 00008
00008 00008 00008 00008 00008 00008 00008 00008 00008 00008 00008 00008 00008 00008 00008 00008
00008 00008 00008 00008 00008 00008 00008 00008 00008 00008 00008 00008 00008 00008 00008 00008
00008 00008 00008 00008 00008 00008 00008 00008 00008 00008 00008 00008 00008 00008 00008 00008
00008 00008 00008 00008 00008 00008 00008 00008 00008 00008 00008 00008 00008 00008 00008 00008
00008 00008 00008 00008 00008 00008 00008 00008 00008 00008 00008 00008 00008 00008 00008 00008
00008 00008 00008 00008 00008 00008 00008 00008 00008 00008 00008 00008 00008 00008 00008 00008
00008 00008 00008 00008 00008 00008 00008 00008 00008 00008 00008 00008 00008 00008 00008 00008
00008 00008 00008 00008 00008 00008 00008 00008 00008 00008 00008 00008 00008 00008 00008 00008
00008 00008 00008 00008 00008 00008 00008 00008 00008 00008 00008 00008 00008 00008 00008 00008
00008 00008 00008 00008 00008 00008 00008 00008 00008 00008 00008 00008 00008 00008 00008 00008
00008 00008 00008 00008 00008 00008 00008 00008 00008 00008 00008 00008 00008 00008 00008 00008
00008 00008 00008 00008 00008 00008 00008 00008 00008 00008 00008 00008 00008 00008 00008 00008
00008 00008 00008 00008 00008 00008 00008 00008 00008 00008 00008 00008 00008 00008 00008 00008
00008 00008 00008 00008 00008 00008 00008 00008 00008 00008 00008 00008 00008 00008 00008 00008
00008 00008 00008 00008 00008 00008 00008 00008 00008 00008 00008 00008 00008 00008 00008 00008
00008 00008 00008 00008 00008 00008 00008 00008 00008 00008 00008 00008 00008 00008 00008 00008
00008 00008 00008 00008 00008 00008 00008 00008 00008 00008 00008 00008 00008 00008 00008 00008
00008 00008 00008 00008 00008 00008 00008 00008 00008 00008 00008 00008 00008 00008 00008 00008
00008 00008 00008 00008 00008 00008 00008 00008 00008 00008 00008 00008 00008 00008 00008 00008
00008 00008 00008 00008 00008 00008 00008 00008 00008 00008 00008 00008 00008 00008 00008 00008
00008 00008 00008 00008 00008 00008 00008 00008 00008 00008 00008 00008 00008 00008 00008 00008
00008 00008 00008 00008 00008 00008 00008 00008 00008 00008 00008 00008 00008 00008 00008 00008
00008 00008 00008 00008 00008 00008 00008 00008 00008 00008 00008 00008 00008 00008 00008 00008
00008 00008 00008 00008 00008 00008 00008 00008 00008 00008 00008 00008 00008 00008 00008 00008
00008 00008 00008 00008 00008 00008 00008 00008 00008 00008 00008 00008 00008 00008 00008 00008
00008 00008 00008 00008 00008 00008 00008 00008 00008 00008 00008 00008 00008 00008 00008 00008
00008 00008 00008 00008 00008 00008 00008 00008 00008 00008 00008 00008 00008 00008 00008 00008
00008 00008 00008 00008 00008 00008 00008 00008 00008 00008 00008 00008 00008 00008 00008 00008
00008 00008 00008 00008 00008 00008 00008 00008 00008 00008 00008 00008 00008 00008 00008 00008
00008 00008 00008 00008 00008 00008 00008 00008 00008 00008 00008 00008 00008 00008 00008 00008
00008 00008 00008 00008 00008 00008 00008 00008 00008 00008 00008 00008 00008 00008 00008 00008
00008 00008 00008 00008 00008 00008 00008 00008 00008 00008 00008 00008 00008 00008 00008 00008
00008 00008 00008 00008 00008 00008 00008 00008 00008 00008 00008 00008 00008 00008 00008 00008
00008 00008 00008 00008 00008 00008 00008 00008 00008 00008 00008 00008 00008 00008 00008 00008
00008 00008 00008 00008 00008 00008 00008 00008 00008 00008 00008 00008 00008 00008 00008 00008
00008 00008 00008 00008 00008 00008 00008 00008 00008 00008 00008 00008 00008 00008 00008 00008
00008 00008 00008 00008 00008 00008 00008 00008 00008 00008 00008 00008 00008 00008 00008 00008
00008 00008 00008 00008 00008 00008 00008 00008 00008 00008 00008 00008 00008 00008 00008 00008
00008 00008 00008 00008 00008 00008 00008 00008 00008 00008 00008 00008 00008 00008 00008 00008
00008 00008 00008 00008 00008 00008 00008 00008 00008 00008 00008 00008 00008 00008 00008 00008
00008 00008 00008 00008 00008 00008 00008 00008 00008 00008 00008 00008 00008 00008 00008 00008
00008 00008 00008 00008 00008 00008 00008 00008 00008 00008 00008 00008 00008 00008 00008 00008
00008 00008 00008 00008 00008 00008 00008 00008 00008 00008 00008 00008 00008 00008 00008 00008
00008 00008 00008 00008 00008 00008 00008 00008 00008 00008 00008 00008 00008 00008 00008 00008
00008 00008 00008 00008 00008 00008 00008 00008 00008 00008 00008 00008 00008 00008 00008 00008
00008 00008 00008 00008 00008 00008 00008 00008 00008 00008 00008 00008 00008 00008 00008 00008
00008 00008 00008 00008 00008 00008 00008 00008 00008 00008 00008 00008 00008 00008 00008 00008
00008 00008 00008 00008 00008 00008 00008 00008 00008 00008 00008 00008 00008 00008 00008 00008
00008 00008 00008 00008 00008 00008 00008 00008 00008 00008 00008 00008 00008 00008 00008 00008
00008 00008 00008 00008 00008 00008 00008 00008 00008 00008 00008 00008 00008 00008 00008 00008
00008 00008 00008 00008 00008 00008 00008 00008 00008 00008 00008 00008 00008 00008 00008 00008
00008 00008 00008 00008 00008 00008 00008 00008 00008 00008 00008 00008 00008 00008 00008 00008
00008 00008 00008 00008 00008 00008 00008 00008 00008 00008 00008 00008 00008 00008 00008 00008
00008 00008 00008 00008 00008 00008 00008 00008 00008 00008 00008 00008 00008 00008 00008 00008
00008 00008 00008 00008 00008 00008 00008 00008 00008 00008 00008 00008 00008 00008 00008 00008
00008 00008 00008 00008 00008 00008 00008 00008 00008 00008 00008 00008 00008 00008 00008 00008
00008 00008 00008 00008 00008 00008 00008 00008 00008 00008 00008 00008 00008 00008 00008 00008
00008 00008 00008 00008 00008 00008 00008 00008 00008 00008 00008 00008 00008 00008 00008 00008
00008 00008 00008 00008 00008 00008 00008 00008 00008 00008 00008 00008 00008 00008 00008 00008
00008 00008 00008 00008 00008 00008 00008 00008 00008 00008 00008 00008 00008 00008 00008 00008
00008 00008 00008 00008 00008 00008 00008 00008 00008 00008 00008 00008 00008 00008 00008 00008
00008 00008 00008 00008 00008 00008 00008 00008 00008 00008 00008 00008 00008 00008 00008 00008
00008 00008 00008 00008 00008 00008 00008 00008 00008 00008 00008 00008 00008 00008 00008 00008
00008 00008 00008 00008 00008 00008 00008 00008 00008 00008 00008 00008 00008 00008 00008 00008
00008 00008 00008 00008 00008 00008 00008 00008 00008 00008 00008 00008 00008 00008 00008 00008
00008 00008 00008 00008 00008 00008 00008 00008 00008 00008 00008 00008 00008 00008 00008 00008
00008 00008 00008 00008 00008 00008 00008 00008 00008 00008 00008 00008 00008 00008 00008 00008
00008 00008 00008 00008 00008 00008 00008 00008 00008 00008 00008 00008 00008 00008 00008 00008
00008 00008 00008 00008 00008 00008 00008 00008 00008 00008 00008 00008 00008 00008 00008 00008
00008 00008 00008 00008 00008 00008 00008 00008 00008 00008 00008 00008 00008 00008 00008 00008
00008 00008 00008 00008 00008 00008 00008 00008 00008 00008 00008 00008 00008 00008 00008 00008
00008 00008 00008 00008 00008 00008 00008 00008 00008 00008 00008 00008 00008 00008 00008 00008
00008 00008 00008 00008 00008 00008 00008 00008 00008 00008 00008 00008 00008 00008 00008 00008
00008 00008 00008 00008 00008 00008 00008 00008 00008 00008 00008 00008 00008 00008 00008 00008
00008 00008 00008 00008 00008 00008 00008 00008 00008 00008 00008 00008 00008 00008 00008 00008
00008 00008 00008 00008 00008 00008 00008 00008 00008 00008 00008 00008 00008 00008 00008 00008
00008 00008 00008 00008 00008 00008 00008 00008 00008 00008 00008 00008 00008 00008 00008 00008
00008 00008 00008 00008 00008 00008 00008 00008 00008 00008 00008 00008 00008 00008 00008 00008
00008 00008 00008 00008 00008 00008 00008 00008 00008 00008 00008 00008 00008 00008 00008 00008
00008 00008 00008 00008 00008 00008 00008 00008 00008 00008 00008 00008 00008 00008 00008 00008
00008 00008 00008 00008 00008 00008 00008 00008 00008 00008 00008 00008 00008 00008 00008 00008
00008 00008 00008 00008 00008 00008 00008 00008 00008 00008 00008 00008 00008 00008 00008 00008
00008 00008 00008 00008 00008 00008 00008 00008 00008 00008 00008 00008 00008 00008 00008 00008
00008 00008 00008 00008 00008 00008 00008 00008 00008 00008 00008 00008 00008 00008 00008 00008
00008 00008 00008 00008 00008 00008 00008 00008 00008 00008 00008 00008 00008 00008 00008 00008
00008 00008 00008 00008 00008 00008 00008 00008 00008 00008 00008 00008 00008 00008 00008 00008
00008 00008 00008 00008 00008 00008 00008 00008 00008 00008 00008 00008 00008 00008 00008 00008
00008 00008 00008 00008 00008 00008 00008 00008 00008 00008 00008 00008 00008 00008 00008 00008
00008 00008 00008 00008 00008 00008 00008 00008 00008 00008 00008 00008 00008 00008 00008 00008
00008 00008 00008 00008 00008 00008 00008 00008 00008 00008 00008 00008 00008 00008 00008 00008
00008 00008 00008 00008 00008 00008 00008 00008 00008 00008 00008 00008 00008 00008 00008 00008
00008 00008 00008 00008 00008 00008 00008 00008 00008 00008 00008 00008 00008 00008 00008 00008
00008 00008 00008 00008 00008 00008 00008 00008 00008 00008 00008 00008 00008 00008 00008 00008
00008 00008 00008 00008 00008 00008 00008 00008 00008 00008 00008 00008 00008 00008 00008 00008
00008 00008 00008 00008 00008 00008 00008 00008 00008 00008 00008 00008 00008 00008 00008 00008
00008 00008 00008 00008 00008 00008 00008 00008 00008 00008 00008 00008 00008 00008 00008 00008
00008 00008 00008 00008 00008 00008 00008 00008 00008 00008 00008 00008 00008 00008 00008 00008
00008 00008 00008 00008 00008 00008 00008 00008 00008 00008 00008 00008 00008 00008 00008 00008
00008 00008 00008 00008 00008 00008 00008 00008 00008 00008 00008 00008 00008 00008 00008 00008
00008 00008 00008 00008 00008 00008 00008 00008 00008 00008 00008 00008 00008 00008 00008 00008
00008 00008 00008 00008 00008 00008 00008 00008 00008 00008 00008 00008 00008 00008 00008 00008
00008 00008 00008 00008 00008 00008 00008 00008 00008 00008 00008 00008 00008 00008 00008 00008
00008 00008 00008 00008 00008 00008 00008 00008 00008 00008 00008 00008 00008 00008 00008 00008
00008 00008 00008 00008 00008 00008 00008 00008 00008 00008 00008 00008 00008 00008 00008 00008
00008 00008 00008 00008 00008 00008 00008 00008 00008 00008 00008 00008 00008 00008 00008 00008
00008 00008 00008 00008 00008 00008 00008 00008 00008 00008 00008 00008 00008 00008 00008 00008
00008 00008 00008 00008 00008 00008 00008 00008 00008 00008 00008 00008 00008 00008 00008 00008
00008 00008 00008 00008 00008 00008 00008 00008 00008 00008 00008 00008 00008 00008 00008 00008
00008 00008 00008 00008 00008 00008 00008 00008 00008 00008 00008 00008 00008 00008 00008 00008
00008 00008 00008 00008 00008 00008 00008 00008 00008 00008 00008 00008 00008 00008 00008 00008
00008 00008 00008 00008 00008 00008 00008 00008 00008 00008 00008 00008 00008 00008 00008 00008
00008 00008 00008 00008 00008 00008 00008 00008 00008 00008 00008 00008 00008 00008 00008 00008
00008 00008 00008 00008 00008 00008 00008 00008 00008 00008 00008 00008 00008 00008 00008 00008
00008 00008 00008 00008 00008 00008 00008 00008 00008 00008 00008 00008 00008 00008 00008 00008
00008 00008 00008 00008 00008 00008 00008 00008 00008 00008 00008 00008 00008 00008 00008 00008
00008 00008 00008 00008 00008 00008 00008 00008 00008 00008 00008 00008 00008 00008 00008 00008
00008 00008 00008 00008 00008 00008 00008 00008 00008 00008 00008 00008 00008 00008 00008 00008
00008 00008 00008 00008 00008 00008 00008 00008 00008 00008 00008 00008 00008 00008 00008 00008
00008 00008 00008 00008 00008 00008 00008 00008 00008 00008 00008 00008 00008 00008 00008 00008
00008 00008 00008 00008 00008 00008 00008 00008 00008 00008 00008 00008 00008 00008 00008 00008
00008 00008 00008 00008 00008 00008 00008 00008 00008 00008 00008 00008 00008 00008 00008 00008
00008 00008 00008 00008 00008 00008 00008 00008 00008 00008 00008 00008 00008 00008 00008 00008
00008 00008 00008 00008 00008 00008 00008 00008 00008 00008 00008 00008 00008 00008 00008 00008
00008 00008 00008 00008 00008 00008 00008 00008 00008 00008 00008 00008 00008 00008 00008 00008
00008 00008 00008 00008 00008 00008 00008 00008 00008 00008 00008 00008 00008 00008 00008 00008
00008 00008 00008 00008 00008 00008 00008 00008 00008 00008 00008 00008 00008 00008 00008 00008
00008 00008 00008 00008 00008 00008 00008 00008 00008 00008 00008 00008 00008 00008 00008 00008
00008 00008 00008 00008 00008 00008 00008 00008 00008 00008 00008 00008 00008 00008 00008 00008
00008 00008 00008 00008 00008 00008 00008 00008 00008 00008 00008 00008 00008 00008 00008 00008
00008 00008 00008 00008 00008 00008 00008 00008 00008 00008 00008 00008 00008 00008 00008 00008
00008 00008 00008 00008 00008 00008 00008 00008 00008 00008 00008 00008 00008 00008 00008 00008
00008 00008 00008 00008 00008 00008 00008 00008 00008 00008 00008 00008 00008 00008 00008 00008
00008 00008 00008 00008 00008 00008 00008 00008 00008 00008 00008 00008 00008 00008 00008 00008
00008 00008 00008 00008 00008 00008 00008 00008 00008 00008 00008 00008 00008 00008 00008 00008
00008 00008 00008 00008 00008 00008 00008 00008 00008 00008 00008 00008 00008 00008 00008 00008
00008 00008 00008 00008 00008 00008 00008 00008 00008 00008 00008 00008 00008 00008 00008 00008
00008 00008 00008 00008 00008 00008 00008 00008 00008 00008 00008 00008 00008 00008 00008 00008
00008 00008 00008 00008 00008 00008 00008 00008 00008 00008 00008 00008 00008 00008 00008 00008
00008 00008 00008 00008 00008 00008 00008 00008 00008 00008 00008 00008 00008 00008 00008 00008
00008 00008 00008 00008 00008 00008 00008 00008 00008 00008 00008 00008 00008 00008 00008 00008
00008 00008 00008 00008 00008 00008 00008 00008 00008 00008 00008 00008 00008 00008 00008 00008
00008 00008 00008 00008 00008 00008 00008 00008 00008 00008 00008 00008 00008 00008 00008 00008
00008 00008 00008 00008 00008 00008 00008 00008 00008 00008 00008 00008 00008 00008 00008 00008
00008 00008 00008 00008 00008 00008 00008 00008 00008 00008 00008 00008 00008 00008 00008 00008
00008 00008 00008 00008 00008 00008 00008 00008 00008 00008 00008 00008 00008 00008 00008 00008
00008 00008 00008 00008 00008 00008 00008 00008 00008 00008 00008 00008 00008 00008 00008 00008
00008 00008 00008 00008 00008 00008 00008 00008 00008 00008 00008 00008 00008 00008 00008 00008
00008 00008 00008 00008 00008 00008 00008 00008 00008 00008 00008 00008 00008 00008 00008 00008
00008 00008 00008 00008 00008 00008 00008 00008 00008 00008 00008 00008 00008 00008 00008 00008
00008 00008 00008 00008 00008 00008 00008 00008 00008 00008 00008 00008 00008 00008 00008 00008
00008 00008 00008 00008 00008 00008 00008 00008 00008 00008 00008 00008 00008 00008 00008 00008
00008 00008 00008 00008 00008 00008 00008 00008 00008 00008 00008 00008 00008 00008 00008 00008
00008 00008 00008 00008 00008 00008 00008 00008 00008 00008 00008 00008 00008 00008 00008 00008
00008 00008 00008 00008 00008 00008 00008 00008 00008 00008 00008 00008 00008 00008 00008 00008
00008 00008 00008 00008 00008 00008 00008 00008 00008 00008 00008 00008 00008 00008 00008 00008
00008 00008 00008 00008 00008 00008 00008 00008 00008 00008 00008 00008 00008 00008 00008 00008
00008 00008 00008 00008 00008 00008 00008 00008 00008 00008 00008 00008 00008 00008 00008 00008
00008 00008 00008 00008 00008 00008 00008 00008 00008 00008 00008 00008 00008 00008 00008 00008
00008 00008 00008 00008 00008 00008 00008 00008 00008 00008 00008 00008 00008 00008 00008 00008
00008 00008 00008 00008 00008 00008 00008 00008 00008 00008 00008 00008 00008 00008 00008 00008
00008 00008 00008 00008 00008 00008 00008 00008 00008 00008 00008 00008 00008 00008 00008 00008
00008 00008 00008 00008 00008 00008 00008 00008 00008 00008 00008 00008 00008 00008 00008 00008
00008 00008 00008 00008 00008 00008 00008 00008 00008 00008 00008 00008 00008 00008 00008 00008
00008 00008 00008 00008 00008 00008 00008 00008 00008 00008 00008 00008 00008 00008 00008 00008
00008 00008 00008 00008 00008 00008 00008 00008 00008 00008 00008 00008 00008 00008 00008 00008
00008 00008 00008 00008 00008 00008 00008 00008 00008 00008 00008 00008 00008 00008 00008 00008
00008 00008 00008 00008 00008 00008 00008 00008 00008 00008 00008 00008 00008 00008 00008 00008
00008 00008 00008 00008 00008 00008 00008 00008 00008 00008 00008 00008 00008 00008 00008 00008
00008 00008 00008 00008 00008 00008 00008 00008 00008 00008 00008 00008 00008 00008 00008 00008
00008 00008 00008 00008 00008 00008 00008 00008 00008 00008 00008 00008 00008 00008 00008 00008
00008 00008 00008 00008 00008 00008 00008 00008 00008 00008 00008 00008 00008 00008 00008 00008
00008 00008 00008 00008 00008 00008 00008 00008 00008 00008 00008 00008 00008 00008 00008 00008
00008 00008 00008 00008 00008 00008 00008 00008 00008 00008 00008 00008 00008 00008 00008 00008
00008 00008 00008 00008 00008 00008 00008 00008 00008 00008 00008 00008 00008 00008 00008 00008
00008 00008 00008 00008 00008 00008 00008 00008 00008 00008 00008 00008 00008 00008 00008 00008
00008 00008 00008 00008 00008 00008 00008 00008 00008 00008 00008 00008 00008 00008 00008 00008
00008 00008 00008 00008 00008 00008 00008 00008 00008 00008 00008 00008 00008 00008 00008 00008
00008 00008 00008 00008 00008 00008 00008 00008 00008 00008 00008 00008 00008 00008 00008 00008
00008 00008 00008 00008 00008 00008 00008 00008 00008 00008 00008 00008 00008 00008 00008 00008
00008 00008 00008 00008 00008 00008 00008 00008 00008 00008 00008 00008 00008 00008 00008 00008
00008 00008 00008 00008 00008 00008 00008 00008 00008 00008 00008 00008 00008 00008 00008 00008
00008 00008 00008 00008 00008 00008 00008 00008 00008 00008 00008 00008 00008 00008 00008 00008
00008 00008 00008 00008 00008 00008 00008 00008 00008 00008 00008 00008 00008 00008 00008 00008
00008 00008 00008 00008 00008 00008 00008 00008 00008 00008 00008 00008 00008 00008 00008 00008
00008 00008 00008 00008 00008 00008 00008 00008 00008 00008 00008 00008 00008 00008 00008 00008
00008 00008 00008 00008 00008 00008 00008 00008 00008 00008 00008 00008 00008 00008 00008 00008
00008 00008 00008 00008 00008 00008 00008 00008 00008 00008 00008 00008 00008 00008 00008 00008
00008 00008 00008 00008 00008 00008 00008 00008 00008 00008 00008 00008 00008 00008 00008 00008
00008 00008 00008 00008 00008 00008 00008 00008 00008 00008 00008 00008 00008 00008 00008 00008
00008 00008 00008 00008 00008 00008 00008 00008 00008 00008 00008 00008 00008 00008 00008 00008
00008 00008 00008 00008 00008 00008 00008 00008 00008 00008 00008 00008 00008 00008 00008 00008
00008 00008 00008 00008 00008 00008 00008 00008 00008 00008 00008 00008 00008 00008 00008 00008
00008 00008 00008 00008 00008 00008 00008 00008 00008 00008 00008 00008 00008 00008 00008 00008
00008 00008 00008 00008 00008 00008 00008 00008 00008 00008 00008 00008 00008 00008 00008 00008
00008 00008 00008 00008 00008 00008 00008 00008 00008 00008 00008 00008 00008 00008 00008 00008
00008 00008 00008 00008 00008 00008 00008 00008 00008 00008 00008 00008 00008 00008 00008 00008
00008 00008 00008 00008 00008 00008 00008 00008 00008 00008 00008 00008 00008 00008 00008 00008
00008 00008 00008 00008 00008 00008 00008 00008 00008 00008 00008 00008 00008 00008 00008 00008
00008 00008 00008 00008 00008 00008 00008 00008 00008 00008 00008 00008 00008 00008 00008 00008
00008 00008 00008 00008 00008 00008 00008 00008 00008 00008 00008 00008 00008 00008 00008 00008
00008 00008 00008 00008 00008 00008 00008 00008 00008 00008 00008 00008 00008 00008 00008 00008
00008 00008 00008 00008 00008 00008 00008 00008 00008 00008 00008 00008 00008 00008 00008 00008
00008 00008 00008 00008 00008 00008 00008 00008 00008 00008 00008 00008 00008 00008 00008 00008
00008 00008 00008 00008 00008 00008 00008 00008 00008 00008 00008 00008 00008 00008 00008 00008
00008 00008 00008 00008 00008 00008 00008 00008 00008 00007 00007 00007 00007 00007 00007 00007
00007 00007 00007 00007 00007 00007 00007 00007 00007 00007 00007 00007 00007 00007 00007 00007
00007 00007 00007 00007 00007 00007 00007 00007 00007 00007 00007 00007 00007 00007 00007 00007
00007 00007 00007 00007 00007 00007 00007 00007 00007 00007 00007 00007 00007 00007 00007 00007
00007 00007 00007 00007 00007 00007 00007 00007 00007 00007 00007 00007 00007 00007 00007 00007
00007 00007 00007 00007 00007 00007 00007 00007 00007 00007 00007 00007 00007 00007 00007 00007
00007 00007 00007 00007 00007 00007 00007 00007 00007 00007 00007 00007 00007 00007 00007 00007
00007 00007 00007 00007 00007 00007 00007 00007 00007 00007 00007 00007 00007 00007 00007 00007
00007 00007 00007 00007 00007 00007 00007 00007 00007 00007 00007 00007 00007 00007 00007 00007
00007 00007 00007 00007 00007 00007 00007 00007 00007 00007 00007 00007 00007 00007 00007 00007
00007 00007 00007 00007 00007 00007 00007 00007 00007 00007 00007 00007 00007 00007 00007 00007
00007 00007 00007 00007 00007 00007 00007 00007 00007 00007 00007 00007 00007 00007 00007 00007
00007 00007 00007 00007 00007 00007 00007 00007 00007 00007 00007 00007 00007 00007 00007 00007
00007 00007 00007 00007 00007 00007 00007 00007 00007 00007 00007 00007 00007 00007 00007 00007
00007 00007 00007 00007 00007 00007 00007 00007 00007 00007 00007 00007 00007 00007 00007 00007
00007 00007 00007 00007 00007 00007 00007 00007 00007 00007 00007 00007 00007 00007 00007 00007
00007 00007 00007 00007 00007 00007 00007 00007 00007 00007 00007 00007 00007 00007 00007 00007
00007 00007 00007 00007 00007 00007 00007 00007 00007 00007 00007 00007 00007 00007 00007 00007
00007 00007 00007 00007 00007 00007 00007 00007 00007 00007 00007 00007 00007 00007 00007 00007
00007 00007 00007 00007 00007 00007 00007 00007 00007 00007 00007 00007 00007 00007 00007 00007
00007 00007 00007 00007 00007 00007 00007 00007 00007 00007 00007 00007 00007 00007 00007 00007
00007 00007 00007 00007 00007 00007 00007 00007 00007 00007 00007 00007 00007 00007 00007 00007
00007 00007 00007 00007 00007 00007 00007 00007 00007 00007 00007 00007 00007 00007 00007 00007
00007 00007 00007 00007 00007 00007 00007 00007 00007 00007 00007 00007 00007 00007 00007 00007
00007 00007 00007 00007 00007 00007 00007 00007 00007 00007 00007 00007 00007 00007 00007 00007
00007 00007 00007 00007 00007 00007 00007 00007 00007 00007 00007 00007 00007 00007 00007 00007
00007 00007 00007 00007 00007 00007 00007 00007 00007 00007 00007 00007 00007 00007 00007 00007
00007 00007 00007 00007 00007 00007 00007 00007 00007 00007 00007 00007 00007 00007 00007 00007
00007 00007 00007 00007 00007 00007 00007 00007 00007 00007 00007 00007 00007 00007 00007 00007
00007 00007 00007 00007 00007 00007 00007 00007 00007 00007 00007 00007 00007 00007 00007 00007
00007 00007 00007 00007 00007 00007 00007 00007 00007 00007 00007 00007 00007 00007 00007 00007
00007 00007 00007 00007 00007 00007 00007 00007 00007 00007 00007 00007 00007 00007 00007 00007
00007 00007 00007 00007 00007 00007 00007 00007 00007 00007 00007 00007 00007 00007 00007 00007
00007 00007 00007 00007 00007 00007 00007 00007 00007 00007 00007 00007 00007 00007 00007 00007
00007 00007 00007 00007 00007 00007 00007 00007 00007 00007 00007 00007 00007 00007 00007 00007
00007 00007 00007 00007 00007 00007 00007 00007 00007 00007 00007 00007 00007 00007 00007 00007
00007 00007 00007 00007 00007 00007 00007 00007 00007 00007 00007 00007 00007 00007 00007 00007
00007 00007 00007 00007 00007 00007 00007 00007 00007 00007 00007 00007 00007 00007 00007 00007
00007 00007 00007 00007 00007 00007 00007 00007 00007 00007 00007 00007 00007 00007 00007 00007
00007 00007 00007 00007 00007 00007 00007 00007 00007 00007 00007 00007 00007 00007 00007 00007
00007 00007 00007 00007 00007 00007 00007 00007 00007 00007 00007 00007 00007 00007 00007 00007
00007 00007 00007 00007 00007 00007 00007 00007 00007 00007 00007 00007 00007 00007 00007 00007
00007 00007 00007 00007 00007 00007 00007 00007 00007 00007 00007 00007 00007 00007 00007 00007
00007 00007 00007 00007 00007 00007 00007 00007 00007 00007 00007 00007 00007 00007 00007 00007
00007 00007 00007 00007 00007 00007 00007 00007 00007 00007 00007 00007 00007 00007 00007 00007
00007 00007 00007 00007 00007 00007 00007 00007 00007 00007 00007 00007 00007 00007 00007 00007
00007 00007 00007 00007 00007 00007 00007 00007 00007 00007 00007 00007 00007 00007 00007 00007
00007 00007 00007 00007 00007 00007 00007 00007 00007 00007 00007 00007 00007 00007 00007 00007
00007 00007 00007 00007 00007 00007 00007 00007 00007 00007 00007 00007 00007 00007 00007 00007
00007 00007 00007 00007 00007 00007 00007 00007 00007 00007 00007 00007 00007 00007 00007 00007
00007 00007 00007 00007 00007 00007 00007 00007 00007 00007 00007 00007 00007 00007 00007 00007
00007 00007 00007 00007 00007 00007 00007 00007 00007 00007 00007 00007 00007 00007 00007 00007
00007 00007 00007 00007 00007 00007 00007 00007 00007 00007 00007 00007 00007 00007 00007 00007
00007 00007 00007 00007 00007 00007 00007 00007 00007 00007 00007 00007 00007 00007 00007 00007
00007 00007 00007 00007 00007 00007 00007 00007 00007 00007 00007 00007 00007 00007 00007 00007
00007 00007 00007 00007 00007 00007 00007 00007 00007 00007 00007 00007 00007 00007 00007 00007
00007 00007 00007 00007 00007 00007 00007 00007 00007 00007 00007 00007 00007 00007 00007 00007
00007 00007 00007 00007 00007 00007 00007 00007 00007 00007 00007 00007 00007 00007 00007 00007
00007 00007 00007 00007 00007 00007 00007 00007 00007 00007 00007 00007 00007 00007 00007 00007
00007 00007 00007 00007 00007 00007 00007 00007 00007 00007 00007 00007 00007 00007 00007 00007
00007 00007 00007 00007 00007 00007 00007 00007 00007 00007 00007 00007 00007 00007 00007 00007
00007 00007 00007 00007 00007 00007 00007 00007 00007 00007 00007 00007 00007 00007 00007 00007
00007 00007 00007 00007 00007 00007 00007 00007 00007 00007 00007 00007 00007 00007 00007 00007
00007 00007 00007 00007 00007 00007 00007 00007 00007 00007 00007 00007 00007 00007 00007 00007
00007 00007 00007 00007 00007 00007 00007 00007 00007 00007 00007 00007 00007 00007 00007 00007
00007 00007 00007 00007 00007 00007 00007 00007 00007 00007 00007 00007 00007 00007 00007 00007
00007 00007 00007 00007 00007 00007 00007 00007 00007 00007 00007 00007 00007 00007 00007 00007
00007 00007 00007 00007 00007 00007 00007 00007 00007 00007 00007 00007 00007 00007 00007 00007
00007 00007 00007 00007 00007 00007 00007 00007 00007 00007 00007 00007 00007 00007 00007 00007
00007 00007 00007 00007 00007 00007 00007 00007 00007 00007 00007 00007 00007 00007 00007 00007
00007 00007 00007 00007 00007 00007 00007 00007 00007 00007 00007 00007 00007 00007 00007 00007
00007 00007 00007 00007 00007 00007 00007 00007 00007 00007 00007 00007 00007 00007 00007 00007
00007 00007 00007 00007 00007 00007 00007 00007 00007 00007 00007 00007 00007 00007 00007 00007
00007 00007 00007 00007 00007 00007 00007 00007 00007 00007 00007 00007 00007 00007 00007 00007
00007 00007 00007 00007 00007 00007 00007 00007 00007 00007 00007 00007 00007 00007 00007 00007
00007 00007 00007 00007 00007 00007 00007 00007 00007 00007 00007 00007 00007 00007 00007 00007
00007 00007 00007 00007 00007 00007 00007 00007 00007 00007 00007 00007 00007 00007 00007 00007
00007 00007 00007 00007 00007 00007 00007 00007 00007 00007 00007 00007 00007 00007 00007 00007
00007 00007 00007 00007 00007 00007 00007 00007 00007 00007 00007 00007 00007 00007 00007 00007
00007 00007 00007 00007 00007 00007 00007 00007 00007 00007 00007 00007 00007 00007 00007 00007
00007 00007 00007 00007 00007 00007 00007 00007 00007 00007 00007 00007 00007 00007 00007 00007
00007 00007 00007 00007 00007 00007 00007 00007 00007 00007 00007 00007 00007 00007 00007 00007
00007 00007 00007 00007 00007 00007 00007 00007 00007 00007 00007 00007 00007 00007 00007 00007
00007 00007 00007 00007 00007 00007 00007 00007 00007 00007 00007 00007 00007 00007 00007 00007
00007 00007 00007 00007 00007 00007 00007 00007 00007 00007 00007 00007 00007 00007 00007 00007
00007 00007 00007 00007 00007 00007 00007 00007 00007 00007 00007 00007 00007 00007 00007 00007
00007 00007 00007 00007 00007 00007 00007 00007 00007 00007 00007 00007 00007 00007 00007 00007
00007 00007 00007 00007 00007 00007 00007 00007 00007 00007 00007 00007 00007 00007 00007 00007
00007 00007 00007 00007 00007 00007 00007 00007 00007 00007 00007 00007 00007 00007 00007 00007
00007 00007 00007 00007 00007 00007 00007 00007 00007 00007 00007 00007 00007 00007 00007 00007
00007 00007 00007 00007 00007 00007 00007 00007 00007 00007 00007 00007 00007 00007 00007 00007
00007 00007 00007 00007 00007 00007 00007 00007 00007 00007 00007 00007 00007 00007 00007 00007
00007 00007 00007 00007 00007 00007 00007 00007 00007 00007 00007 00007 00007 00007 00007 00007
00007 00007 00007 00007 00007 00007 00007 00007 00007 00007 00007 00007 00007 00007 00007 00007
00007 00007 00007 00007 00007 00007 00007 00007 00007 00007 00007 00007 00007 00007 00007 00007
00007 00007 00007 00007 00007 00007 00007 00007 00007 00007 00007 00007 00007 00007 00007 00007
00007 00007 00007 00007 00007 00007 00007 00007 00007 00007 00007 00007 00007 00007 00007 00007
00007 00007 00007 00007 00007 00007 00007 00007 00007 00007 00007 00007 00007 00007 00007 00007
00007 00007 00007 00007 00007 00007 00007 00007 00007 00007 00007 00007 00007 00007 00007 00007
00007 00007 00007 00007 00007 00007 00007 00007 00007 00007 00007 00007 00007 00007 00007 00007
00007 00007 00007 00007 00007 00007 00007 00007 00007 00007 00007 00007 00007 00007 00007 00007
00007 00007 00007 00007 00007 00007 00007 00007 00007 00007 00007 00007 00007 00007 00007 00007
00007 00007 00007 00007 00007 00007 00007 00007 00007 00007 00007 00007 00007 00007 00007 00007
00007 00007 00007 00007 00007 00007 00007 00007 00007 00007 00007 00007 00007 00007 00007 00007
00007 00007 00007 00007 00007 00007 00007 00007 00007 00007 00007 00007 00007 00007 00007 00007
00007 00007 00007 00007 00007 00007 00007 00007 00007 00007 00007 00007 00007 00007 00007 00007
00007 00007 00007 00007 00007 00007 00007 00007 00007 00007 00007 00007 00007 00007 00007 00007
00007 00007 00007 00007 00007 00007 00007 00007 00007 00007 00007 00007 00007 00007 00007 00007
00007 00007 00007 00007 00007 00007 00007 00007 00007 00007 00007 00007 00007 00007 00007 00007
00007 00007 00007 00007 00007 00007 00007 00007 00007 00007 00007 00007 00007 00007 00007 00007
00007 00007 00007 00007 00007 00007 00007 00007 00007 00007 00007 00007 00007 00007 00007 00007
00007 00007 00007 00007 00007 00007 00007 00007 00007 00007 00007 00007 00007 00007 00007 00007
00007 00007 00007 00007 00007 00007 00007 00007 00007 00007 00007 00007 00007 00007 00007 00007
00007 00007 00007 00007 00007 00007 00007 00007 00007 00007 00007 00007 00007 00007 00007 00007
00007 00007 00007 00007 00007 00007 00007 00007 00007 00007 00007 00007 00007 00007 00007 00007
00007 00007 00007 00007 00007 00007 00007 00007 00007 00007 00007 00007 00007 00007 00007 00007
00007 00007 00007 00007 00007 00007 00007 00007 00007 00007 00007 00007 00007 00007 00007 00007
00007 00007 00007 00007 00007 00007 00007 00007 00007 00007 00007 00007 00007 00007 00007 00007
00007 00007 00007 00007 00007 00007 00007 00007 00007 00007 00007 00007 00007 00007 00007 00007
00007 00007 00007 00007 00007 00007 00007 00007 00007 00007 00007 00007 00007 00007 00007 00007
00007 00007 00007 00007 00007 00007 00007 00007 00007 00007 00007 00007 00007 00007 00007 00007
00007 00007 00007 00007 00007 00007 00007 00007 00007 00007 00007 00007 00007 00007 00007 00007
00007 00007 00007 00007 00007 00007 00007 00007 00007 00007 00007 00007 00007 00007 00007 00007
00007 00007 00007 00007 00007 00007 00007 00007 00007 00007 00007 00007 00007 00007 00007 00007
00007 00007 00007 00007 00007 00007 00007 00007 00007 00007 00007 00007 00007 00007 00007 00007
00007 00007 00007 00007 00007 00007 00007 00007 00007 00007 00007 00007 00007 00007 00007 00007
00007 00007 00007 00007 00007 00007 00007 00007 00007 00007 00007 00007 00007 00007 00007 00007
00007 00007 00007 00007 00007 00007 00007 00007 00007 00007 00007 00007 00007 00007 00007 00007
00007 00007 00007 00007 00007 00007 00007 00007 00007 00007 00007 00007 00007 00007 00007 00007
00007 00007 00007 00007 00007 00007 00007 00007 00007 00007 00007 00007 00007 00007 00007 00007
00007 00007 00007 00007 00007 00007 00007 00007 00007 00007 00007 00007 00007 00007 00007 00007
00007 00007 00007 00007 00007 00007 00007 00007 00007 00007 00007 00007 00007 00007 00007 00007
00007 00007 00007 00007 00007 00007 00007 00007 00007 00007 00007 00007 00007 00007 00007 00007
00007 00007 00007 00007 00007 00007 00007 00007 00007 00007 00007 00007 00007 00007 00007 00007
00007 00007 00007 00007 00007 00007 00007 00007 00007 00007 00007 00007 00007 00007 00007 00007
00007 00007 00007 00007 00007 00007 00007 00007 00007 00007 00007 00007 00007 00007 00007 00007
00007 00007 00007 00007 00007 00007 00007 00007 00007 00007 00007 00007 00007 00007 00007 00007
00007 00007 00007 00007 00007 00007 00007 00007 00007 00007 00007 00007 00007 00007 00007 00007
00007 00007 00007 00007 00007 00007 00007 00007 00007 00007 00007 00007 00007 00007 00007 00007
00007 00007 00007 00007 00007 00007 00007 00007 00007 00007 00007 00007 00007 00007 00007 00007
00007 00007 00007 00007 00007 00007 00007 00007 00007 00007 00007 00007 00007 00007 00007 00007
00007 00007 00007 00007 00007 00007 00007 00007 00007 00007 00007 00007 00007 00007 00007 00007
00007 00007 00007 00007 00007 00007 00007 00007 00007 00007 00007 00007 00007 00007 00007 00007
00007 00007 00007 00007 00007 00007 00007 00007 00007 00007 00007 00007 00007 00007 00007 00007
00007 00007 00007 00007 00007 00007 00007 00007 00007 00007 00007 00007 00007 00007 00007 00007
00007 00007 00007 00007 00007 00007 00007 00007 00007 00007 00007 00007 00007 00007 00007 00007
00007 00007 00007 00007 00007 00007 00007 00007 00007 00007 00007 00007 00007 00007 00007 00007
00007 00007 00007 00007 00007 00007 00007 00007 00007 00007 00007 00007 00007 00007 00007 00007
00007 00007 00007 00007 00007 00007 00007 00007 00007 00007 00007 00007 00007 00007 00007 00007
00007 00007 00007 00007 00007 00007 00007 00007 00007 00007 00007 00007 00007 00007 00007 00007
00007 00007 00007 00007 00007 00007 00007 00007 00007 00007 00007 00007 00007 00007 00007 00007
00007 00007 00007 00007 00007 00007 00007 00007 00007 00007 00007 00007 00007 00007 00007 00007
00007 00007 00007 00007 00007 00007 00007 00007 00007 00007 00007 00007 00007 00007 00007 00007
00007 00007 00007 00007 00007 00007 00007 00007 00007 00007 00007 00007 00007 00007 00007 00007
00007 00007 00007 00007 00007 00007 00007 00007 00007 00007 00007 00007 00007 00007 00007 00007
00007 00007 00007 00007 00007 00007 00007 00007 00007 00007 00007 00007 00007 00007 00007 00007
00007 00007 00007 00007 00007 00007 00007 00007 00007 00007 00007 00007 00007 00007 00007 00007
00007 00007 00007 00007 00007 00007 00007 00007 00007 00007 00007 00007 00007 00007 00007 00007
00007 00007 00007 00007 00007 00007 00007 00007 00007 00007 00007 00007 00007 00007 00007 00007
00007 00007 00007 00007 00007 00007 00007 00007 00007 00007 00007 00007 00007 00007 00007 00007
00007 00007 00007 00007 00007 00007 00007 00007 00007 00007 00007 00007 00007 00007 00007 00007
00007 00007 00007 00007 00007 00007 00007 00007 00007 00007 00007 00007 00007 00007 00007 00007
00007 00007 00007 00007 00007 00007 00007 00007 00007 00007 00007 00007 00007 00007 00007 00007
00007 00007 00007 00007 00007 00007 00007 00007 00007 00007 00007 00007 00007 00007 00007 00007
00007 00007 00007 00007 00007 00007 00007 00007 00007 00007 00007 00007 00007 00007 00007 00007
00007 00007 00007 00007 00007 00007 00007 00007 00007 00007 00007 00007 00007 00007 00007 00007
00007 00007 00007 00007 00007 00007 00007 00007 00007 00007 00007 00007 00007 00007 00007 00007
00007 00007 00007 00007 00007 00007 00007 00007 00007 00007 00007 00007 00007 00007 00007 00007
00007 00007 00007 00007 00007 00007 00007 00007 00007 00007 00007 00007 00007 00007 00007 00007
00007 00007 00007 00007 00007 00007 00007 00007 00007 00007 00007 00007 00007 00007 00007 00007
00007 00007 00007 00007 00007 00007 00007 00007 00007 00007 00007 00007 00007 00007 00007 00007
00007 00007 00007 00007 00007 00007 00007 00007 00007 00007 00007 00007 00007 00007 00007 00007
00007 00007 00007 00007 00007 00007 00007 00007 00007 00007 00007 00007 00007 00007 00007 00007
00007 00007 00007 00007 00007 00007 00007 00007 00007 00007 00007 00007 00007 00007 00007 00007
00007 00007 00007 00007 00007 00007 00007 00007 00007 00007 00007 00007 00007 00007 00007 00007
00007 00007 00007 00007 00007 00007 00007 00007 00007 00007 00007 00007 00007 00007 00007 00007
00007 00007 00007 00007 00007 00007 00007 00007 00007 00007 00007 00007 00007 00007 00007 00007
00007 00007 00007 00007 00007 00007 00007 00007 00007 00007 00007 00007 00007 00007 00007 00007
00007 00007 00007 00007 00007 00007 00007 00007 00007 00007 00007 00007 00007 00007 00007 00007
00007 00007 00007 00007 00007 00007 00007 00007 00007 00007 00007 00007 00007 00007 00007 00007
00007 00007 00007 00007 00007 00007 00007 00007 00007 00007 00007 00007 00007 00007 00007 00007
00007 00007 00007 00007 00007 00007 00007 00007 00007 00007 00007 00007 00007 00007 00007 00007
00007 00007 00007 00007 00007 00007 00007 00007 00007 00007 00007 00007 00007 00007 00007 00007
00007 00007 00007 00007 00007 00007 00007 00007 00007 00007 00007 00007 00007 00007 00007 00007
00007 00007 00007 00007 00007 00007 00007 00007 00007 00007 00007 00007 00007 00007 00007 00007
00007 00007 00007 00007 00007 00007 00007 00007 00007 00007 00007 00007 00007 00007 00007 00007
00007 00007 00007 00007 00007 00007 00007 00007 00007 00007 00007 00007 00007 00007 00007 00007
00007 00007 00007 00007 00007 00007 00007 00007 00007 00007 00007 00007 00007 00007 00007 00007
00007 00007 00007 00007 00007 00007 00007 00007 00007 00007 00007 00007 00007 00007 00007 00007
00007 00007 00007 00007 00007 00007 00007 00007 00007 00007 00007 00007 00007 00007 00007 00007
00007 00007 00007 00007 00007 00007 00007 00007 00007 00007 00007 00007 00007 00007 00007 00007
00007 00007 00007 00007 00007 00007 00007 00007 00007 00007 00007 00007 00007 00007 00007 00007
00007 00007 00007 00007 00007 00007 00007 00007 00007 00007 00007 00007 00007 00007 00007 00007
00007 00007 00007 00007 00007 00007 00007 00007 00007 00007 00007 00007 00007 00007 00007 00007
00007 00007 00007 00007 00007 00007 00007 00007 00007 00007 00007 00007 00007 00007 00007 00007
00007 00007 00007 00007 00007 00007 00007 00007 00007 00007 00007 00007 00007 00007 00007 00007
00007 00007 00007 00007 00007 00007 00007 00007 00007 00007 00007 00007 00007 00007 00007 00007
00007 00007 00007 00007 00007 00007 00007 00007 00007 00007 00007 00007 00007 00007 00007 00007
00007 00007 00007 00007 00007 00007 00007 00007 00007 00007 00007 00007 00007 00007 00007 00007
00007 00007 00007 00007 00007 00007 00007 00007 00007 00007 00007 00007 00007 00007 00007 00007
00007 00007 00007 00007 00007 00007 00007 00007 00007 00007 00007 00007 00007 00007 00007 00007
00007 00007 00007 00007 00007 00007 00007 00007 00007 00007 00007 00007 00007 00007 00007 00007
00007 00007 00007 00007 00007 00007 00007 00007 00007 00007 00007 00007 00007 00007 00007 00007
00007 00007 00007 00007 00007 00007 00007 00007 00007 00007 00007 00007 00007 00007 00007 00007
00007 00007 00007 00007 00007 00007 00007 00007 00007 00007 00007 00007 00007 00007 00007 00007
00007 00007 00007 00007 00007 00007 00007 00007 00007 00007 00007 00007 00007 00007 00007 00007
00007 00007 00007 00007 00007 00007 00007 00007 00007 00007 00007 00007 00007 00007 00007 00007
00007 00007 00007 00007 00007 00007 00007 00007 00007 00007 00007 00007 00007 00007 00007 00007
00007 00007 00007 00007 00007 00007 00007 00007 00007 00007 00007 00007 00007 00007 00007 00007
00007 00007 00007 00007 00007 00007 00007 00007 00007 00007 00007 00007 00007 00007 00007 00007
00007 00007 00007 00007 00007 00007 00007 00007 00007 00007 00007 00007 00007 00007 00007 00007
00007 00007 00007 00007 00007 00007 00007 00007 00007 00007 00007 00007 00007 00007 00007 00007
00007 00007 00007 00007 00007 00007 00007 00007 00007 00007 00007 00007 00007 00007 00007 00007
00007 00007 00007 00007 00007 00007 00007 00007 00007 00007 00007 00007 00007 00007 00007 00007
00007 00007 00007 00007 00007 00007 00007 00007 00007 00007 00007 00007 00007 00007 00007 00007
00007 00007 00007 00007 00007 00007 00007 00007 00007 00007 00007 00007 00007 00007 00007 00007
00007 00007 00007 00007 00007 00007 00007 00007 00007 00007 00007 00007 00007 00007 00007 00007
00007 00007 00007 00007 00007 00007 00007 00007 00007 00007 00007 00007 00007 00007 00007 00007
00007 00007 00007 00007 00007 00007 00007 00007 00007 00007 00007 00007 00007 00007 00007 00007
00007 00007 00007 00007 00007 00007 00007 00007 00007 00007 00007 00007 00007 00007 00007 00007
00007 00007 00007 00007 00007 00007 00007 00007 00007 00007 00007 00007 00007 00007 00007 00007
00007 00007 00007 00007 00007 00007 00007 00007 00007 00007 00007 00007 00007 00007 00007 00007
00007 00007 00007 00007 00007 00007 00007 00007 00007 00007 00007 00007 00007 00007 00007 00007
00007 00007 00007 00007 00007 00007 00007 00007 00007 00007 00007 00007 00007 00007 00007 00007
00007 00007 00007 00007 00007 00007 00007 00007 00007 00007 00007 00007 00007 00007 00007 00007
00007 00007 00007 00007 00007 00007 00007 00007 00007 00007 00007 00007 00007 00007 00007 00007
00007 00007 00007 00007 00007 00007 00007 00007 00007 00007 00007 00007 00007 00007 00007 00007
00007 00007 00007 00007 00007 00007 00007 00007 00007 00007 00007 00007 00007 00007 00007 00007
00007 00007 00007 00007 00007 00007 00007 00007 00007 00007 00007 00007 00007 00007 00007 00007
00007 00007 00007 00007 00007 00007 00007 00007 00007 00007 00007 00007 00007 00007 00007 00007
00007 00007 00007 00007 00007 00007 00007 00007 00007 00007 00007 00007 00007 00007 00007 00007
00007 00007 00007 00007 00007 00007 00007 00007 00007 00007 00007 00007 00007 00007 00007 00007
00007 00007 00007 00007 00007 00007 00007 00007 00007 00007 00007 00007 00007 00007 00007 00007
00007 00007 00007 00007 00007 00007 00007 00007 00007 00007 00007 00007 00007 00007 00007 00007
00007 00007 00007 00007 00007 00007 00007 00007 00007 00007 00007 00007 00007 00007 00007 00007
00007 00007 00007 00007 00007 00007 00007 00007 00007 00007 00007 00007 00007 00007 00007 00007
00007 00007 00007 00007 00007 00007 00007 00007 00007 00007 00007 00007 00007 00007 00007 00007
00007 00007 00007 00007 00007 00007 00007 00007 00007 00007 00007 00007 00007 00007 00007 00007
00007 00007 00007 00007 00007 00007 00007 00007 00007 00007 00007 00007 00007 00007 00007 00007
00007 00007 00007 00007 00007 00007 00007 00007 00007 00007 00007 00007 00007 00007 00007 00007
00007 00007 00007 00007 00007 00007 00007 00007 00007 00007 00007 00007 00007 00007 00007 00007
00007 00007 00007 00007 00007 00007 00007 00007 00007 00007 00007 00007 00007 00007 00007 00007
00007 00007 00007 00007 00007 00007 00007 00007 00007 00007 00007 00007 00007 00007 00007 00007
00007 00007 00007 00007 00007 00007 00007 00007 00007 00007 00007 00007 00007 00007 00007 00007
00007 00007 00007 00007 00007 00007 00007 00007 00007 00007 00007 00007 00007 00007 00007 00007
00007 00007 00007 00007 00007 00007 00007 00007 00007 00007 00007 00007 00007 00007 00007 00007
00007 00007 00007 00007 00007 00007 00007 00007 00007 00007 00007 00007 00007 00007 00007 00007
00007 00007 00007 00007 00007 00007 00007 00007 00007 00007 00007 00007 00007 00007 00007 00007
00007 00007 00007 00007 00007 00007 00007 00007 00007 00007 00007 00007 00007 00007 00007 00007
00007 00007 00007 00007 00007 00007 00007 00007 00007 00007 00007 00007 00007 00007 00007 00007
00007 00007 00007 00007 00007 00007 00007 00007 00007 00007 00007 00007 00007 00007 00007 00007
00007 00007 00007 00007 00007 00007 00007 00007 00007 00007 00007 00007 00007 00007 00007 00007
00007 00007 00007 00007 00007 00007 00007 00007 00007 00007 00007 00007 00007 00007 00007 00007
00007 00007 00007 00007 00007 00007 00007 00007 00007 00007 00007 00007 00007 00007 00007 00007
00007 00007 00007 00007 00007 00007 00007 00007 00007 00007 00007 00007 00007 00007 00007 00007
00007 00007 00007 00007 00007 00007 00007 00007 00007 00007 00007 00007 00007 00007 00007 00007
00007 00007 00007 00007 00007 00007 00007 00007 00007 00007 00007 00007 00007 00007 00007 00007
00007 00007 00007 00007 00007 00007 00007 00007 00007 00007 00007 00007 00007 00007 00007 00007
00007 00007 00007 00007 00007 00007 00007 00007 00007 00007 00007 00007 00007 00007 00007 00007
00007 00007 00007 00007 00007 00007 00007 00007 00007 00007 00007 00007 00007 00007 00007 00007
00007 00007 00007 00007 00007 00007 00007 00007 00007 00007 00007 00007 00007 00007 00007 00007
00007 00007 00007 00007 00007 00007 00007 00007 00007 00007 00007 00007 00007 00007 00007 00007
00007 00007 00007 00007 00007 00007 00007 00007 00007 00007 00007 00007 00007 00007 00007 00007
00007 00007 00007 00007 00007 00007 00007 00007 00007 00007 00007 00007 00007 00007 00007 00007
00007 00007 00007 00007 00007 00007 00007 00007 00007 00007 00007 00007 00007 00007 00007 00007
00007 00007 00007 00007 00007 00007 00007 00007 00007 00007 00007 00007 00007 00007 00007 00007
00007 00007 00007 00007 00007 00007 00007 00007 00007 00007 00007 00007 00007 00007 00007 00007
00007 00007 00007 00007 00007 00007 00007 00007 00007 00007 00007 00007 00007 00007 00007 00007
00007 00007 00007 00007 00007 00007 00007 00007 00007 00007 00007 00007 00007 00007 00007 00007
00007 00007 00007 00007 00007 00007 00007 00007 00007 00007 00007 00007 00007 00007 00007 00007
00007 00007 00007 00007 00007 00007 00007 00007 00007 00007 00007 00007 00007 00007 00007 00007
00007 00007 00007 00007 00007 00007 00007 00007 00007 00007 00007 00007 00007 00007 00007 00007
00007 00007 00007 00007 00007 00007 00007 00007 00007 00007 00007 00007 00007 00007 00007 00007
00007 00007 00007 00007 00007 00007 00007 00007 00007 00007 00007 00007 00007 00007 00007 00007
00007 00007 00007 00007 00007 00007 00007 00007 00007 00007 00007 00007 00007 00007 00007 00007
00007 00007 00007 00007 00007 00007 00007 00007 00007 00007 00007 00007 00007 00007 00007 00007
00007 00007 00007 00007 00007 00007 00007 00007 00007 00007 00007 00007 00007 00007 00007 00007
00007 00007 00007 00007 00007 00007 00007 00007 00007 00007 00007 00007 00007 00007 00007 00007
00007 00007 00007 00007 00007 00007 00007 00007 00007 00007 00007 00007 00007 00007 00007 00007
00007 00007 00007 00007 00007 00007 00007 00007 00007 00007 00007 00007 00007 00007 00007 00007
00007 00007 00007 00007 00007 00007 00007 00007 00007 00007 00007 00007 00007 00007 00007 00007
00007 00007 00007 00007 00007 00007 00007 00007 00007 00007 00007 00007 00007 00007 00007 00007
00007 00007 00007 00007 00007 00007 00007 00007 00007 00007 00007 00007 00007 00007 00007 00007
00007 00007 00007 00007 00007 00007 00007 00007 00007 00007 00007 00007 00007 00007 00007 00007
00007 00007 00007 00007 00007 00007 00007 00007 00007 00007 00007 00007 00007 00007 00007 00007
00007 00007 00007 00007 00007 00007 00007 00007 00007 00007 00007 00007 00007 00007 00007 00007
00007 00007 00007 00007 00007 00007 00007 00007 00007 00007 00007 00007 00007 00007 00007 00007
00007 00007 00007 00007 00007 00007 00007 00007 00007 00007 00007 00007 00007 00007 00007 00007
00007 00007 00007 00007 00007 00007 00007 00007 00007 00007 00007 00007 00007 00007 00007 00007
00007 00007 00007 00007 00007 00007 00007 00007 00007 00007 00007 00007 00007 00007 00007 00007
00007 00007 00007 00007 00007 00007 00007 00007 00007 00007 00007 00007 00007 00007 00007 00007
00007 00007 00007 00007 00007 00007 00007 00007 00007 00007 00007 00007 00007 00007 00007 00007
00007 00007 00007 00007 00007 00007 00007 00007 00007 00007 00007 00007 00007 00007 00007 00007
00007 00007 00007 00007 00007 00007 00007 00007 00007 00007 00007 00007 00007 00007 00007 00007
00007 00007 00007 00007 00007 00007 00007 00007 00007 00007 00007 00007 00007 00007 00007 00007
00007 00007 00007 00007 00007 00007 00007 00007 00007 00007 00007 00007 00007 00007 00007 00007
00007 00007 00007 00007 00007 00007 00007 00007 00007 00007 00007 00007 00007 00007 00007 00007
00007 00007 00007 00007 00007 00007 00007 00007 00007 00007 00007 00007 00007 00007 00007 00007
00007 00007 00007 00007 00007 00007 00007 00007 00007 00007 00007 00007 00007 00007 00007 00007
00007 00007 00007 00007 00007 00007 00007 00007 00007 00007 00007 00007 00007 00007 00007 00007
00007 00007 00007 00007 00007 00007 00007 00007 00007 00007 00007 00007 00007 00007 00007 00007
00007 00007 00007 00007 00007 00007 00007 00007 00007 00007 00007 00007 00007 00007 00007 00007
00007 00007 00007 00007 00007 00007 00007 00007 00007 00007 00007 00007 00007 00007 00007 00007
00007 00007 00007 00007 00007 00007 00007 00007 00007 00007 00007 00007 00007 00007 00007 00007
00007 00007 00007 00007 00007 00007 00007 00007 00007 00007 00007 00007 00007 00007 00007 00007
00007 00007 00007 00007 00007 00007 00007 00007 00007 00007 00007 00007 00007 00007 00007 00007
00007 00007 00007 00007 00007 00007 00007 00007 00007 00007 00007 00007 00007 00007 00007 00007
00007 00007 00007 00007 00007 00007 00007 00007 00007 00007 00007 00007 00007 00007 00007 00007
00007 00007 00007 00007 00007 00007 00007 00007 00007 00007 00007 00007 00007 00007 00007 00007
00007 00007 00007 00007 00007 00007 00007 00007 00007 00007 00007 00007 00007 00007 00007 00007
00007 00007 00007 00007 00007 00007 00007 00007 00007 00007 00007 00007 00007 00007 00007 00007
00007 00007 00007 00007 00007 00007 00007 00007 00007 00007 00007 00007 00007 00007 00007 00007
00007 00007 00007 00007 00007 00007 00007 00007 00007 00007 00007 00007 00007 00007 00007 00007
00007 00007 00007 00007 00007 00007 00007 00007 00007 00007 00007 00007 00007 00007 00007 00007
00007 00007 00007 00007 00007 00007 00007 00007 00007 00007 00007 00007 00007 00007 00007 00007
00007 00007 00007 00007 00007 00007 00007 00007 00007 00007 00007 00007 00007 00007 00007 00007
00007 00007 00007 00007 00007 00007 00007 00007 00007 00007 00007 00007 00007 00007 00007 00007
00007 00007 00007 00007 00007 00007 00007 00007 00007 00007 00007 00007 00007 00007 00007 00007
00007 00007 00007 00007 00007 00007 00007 00007 00007 00007 00007 00007 00007 00007 00007 00007
00007 00007 00007 00007 00007 00007 00007 00007 00007 00007 00007 00007 00007 00007 00007 00007
00007 00007 00007 00007 00007 00007 00007 00007 00007 00007 00007 00007 00007 00007 00007 00007
00007 00007 00007 00007 00007 00007 00007 00007 00007 00007 00007 00007 00007 00007 00007 00007
00007 00007 00007 00007 00007 00007 00007 00007 00007 00007 00007 00007 00007 00007 00007 00007
00007 00007 00007 00007 00007 00007 00007 00007 00007 00007 00007 00007 00007 00007 00007 00007
00007 00007 00007 00007 00007 00007 00007 00007 00007 00007 00007 00007 00007 00007 00007 00007
00007 00007 00007 00007 00007 00007 00007 00007 00007 00007 00007 00007 00007 00007 00007 00007
00007 00007 00007 00007 00007 00007 00007 00007 00007 00007 00007 00007 00007 00007 00007 00007
00007 00007 00007 00007 00007 00007 00007 00007 00007 00007 00007 00007 00007 00007 00007 00007
00007 00007 00007 00007 00007 00007 00007 00007 00007 00007 00007 00007 00007 00007 00007 00007
00007 00007 00007 00007 00007 00007 00007 00007 00007 00007 00007 00007 00007 00007 00007 00007
00007 00007 00007 00007 00007 00007 00007 00007 00007 00007 00007 00007 00007 00007 00007 00007
00007 00007 00007 00007 00007 00007 00007 00007 00007 00007 00007 00007 00007 00007 00007 00007
00007 00007 00007 00007 00007 00007 00007 00007 00007 00007 00007 00007 00007 00007 00007 00007
00007 00007 00007 00007 00007 00007 00007 00007 00007 00007 00007 00007 00007 00007 00007 00007
00007 00007 00007 00007 00007 00007 00007 00007 00007 00007 00007 00007 00007 00007 00007 00007
00007 00007 00007 00007 00007 00007 00007 00007 00007 00007 00007 00007 00007 00007 00007 00007
00007 00007 00007 00007 00007 00007 00007 00007 00007 00007 00006 00006 00006 00006 00006 00006
00006 00006 00006 00006 00006 00006 00006 00006 00006 00006 00006 00006 00006 00006 00006 00006
00006 00006 00006 00006 00006 00006 00006 00006 00006 00006 00006 00006 00006 00006 00006 00006
00006 00006 00006 00006 00006 00006 00006 00006 00006 00006 00006 00006 00006 00006 00006 00006
00006 00006 00006 00006 00006 00006 00006 00006 00006 00006 00006 00006 00006 00006 00006 00006
00006 00006 00006 00006 00006 00006 00006 00006 00006 00006 00006 00006 00006 00006 00006 00006
00006 00006 00006 00006 00006 00006 00006 00006 00006 00006 00006 00006 00006 00006 00006 00006
00006 00006 00006 00006 00006 00006 00006 00006 00006 00006 00006 00006 00006 00006 00006 00006
00006 00006 00006 00006 00006 00006 00006 00006 00006 00006 00006 00006 00006 00006 00006 00006
00006 00006 00006 00006 00006 00006 00006 00006 00006 00006 00006 00006 00006 00006 00006 00006
00006 00006 00006 00006 00006 00006 00006 00006 00006 00006 00006 00006 00006 00006 00006 00006
00006 00006 00006 00006 00006 00006 00006 00006 00006 00006 00006 00006 00006 00006 00006 00006
00006 00006 00006 00006 00006 00006 00006 00006 00006 00006 00006 00006 00006 00006 00006 00006
00006 00006 00006 00006 00006 00006 00006 00006 00006 00006 00006 00006 00006 00006 00006 00006
00006 00006 00006 00006 00006 00006 00006 00006 00006 00006 00006 00006 00006 00006 00006 00006
00006 00006 00006 00006 00006 00006 00006 00006 00006 00006 00006 00006 00006 00006 00006 00006
00006 00006 00006 00006 00006 00006 00006 00006 00006 00006 00006 00006 00006 00006 00006 00006
00006 00006 00006 00006 00006 00006 00006 00006 00006 00006 00006 00006 00006 00006 00006 00006
00006 00006 00006 00006 00006 00006 00006 00006 00006 00006 00006 00006 00006 00006 00006 00006
00006 00006 00006 00006 00006 00006 00006 00006 00006 00006 00006 00006 00006 00006 00006 00006
00006 00006 00006 00006 00006 00006 00006 00006 00006 00006 00006 00006 00006 00006 00006 00006
00006 00006 00006 00006 00006 00006 00006 00006 00006 00006 00006 00006 00006 00006 00006 00006
00006 00006 00006 00006 00006 00006 00006 00006 00006 00006 00006 00006 00006 00006 00006 00006
00006 00006 00006 00006 00006 00006 00006 00006 00006 00006 00006 00006 00006 00006 00006 00006
00006 00006 00006 00006 00006 00006 00006 00006 00006 00006 00006 00006 00006 00006 00006 00006
00006 00006 00006 00006 00006 00006 00006 00006 00006 00006 00006 00006 00006 00006 00006 00006
00006 00006 00006 00006 00006 00006 00006 00006 00006 00006 00006 00006 00006 00006 00006 00006
00006 00006 00006 00006 00006 00006 00006 00006 00006 00006 00006 00006 00006 00006 00006 00006
00006 00006 00006 00006 00006 00006 00006 00006 00006 00006 00006 00006 00006 00006 00006 00006
00006 00006 00006 00006 00006 00006 00006 00006 00006 00006 00006 00006 00006 00006 00006 00006
00006 00006 00006 00006 00006 00006 00006 00006 00006 00006 00006 00006 00006 00006 00006 00006
00006 00006 00006 00006 00006 00006 00006 00006 00006 00006 00006 00006 00006 00006 00006 00006
00006 00006 00006 00006 00006 00006 00006 00006 00006 00006 00006 00006 00006 00006 00006 00006
00006 00006 00006 00006 00006 00006 00006 00006 00006 00006 00006 00006 00006 00006 00006 00006
00006 00006 00006 00006 00006 00006 00006 00006 00006 00006 00006 00006 00006 00006 00006 00006
00006 00006 00006 00006 00006 00006 00006 00006 00006 00006 00006 00006 00006 00006 00006 00006
00006 00006 00006 00006 00006 00006 00006 00006 00006 00006 00006 00006 00006 00006 00006 00006
00006 00006 00006 00006 00006 00006 00006 00006 00006 00006 00006 00006 00006 00006 00006 00006
00006 00006 00006 00006 00006 00006 00006 00006 00006 00006 00006 00006 00006 00006 00006 00006
00006 00006 00006 00006 00006 00006 00006 00006 00006 00006 00006 00006 00006 00006 00006 00006
00006 00006 00006 00006 00006 00006 00006 00006 00006 00006 00006 00006 00006 00006 00006 00006
00006 00006 00006 00006 00006 00006 00006 00006 00006 00006 00006 00006 00006 00006 00006 00006
00006 00006 00006 00006 00006 00006 00006 00006 00006 00006 00006 00006 00006 00006 00006 00006
00006 00006 00006 00006 00006 00006 00006 00006 00006 00006 00006 00006 00006 00006 00006 00006
00006 00006 00006 00006 00006 00006 00006 00006 00006 00006 00006 00006 00006 00006 00006 00006
00006 00006 00006 00006 00006 00006 00006 00006 00006 00006 00006 00006 00006 00006 00006 00006
00006 00006 00006 00006 00006 00006 00006 00006 00006 00006 00006 00006 00006 00006 00006 00006
00006 00006 00006 00006 00006 00006 00006 00006 00006 00006 00006 00006 00006 00006 00006 00006
00006 00006 00006 00006 00006 00006 00006 00006 00006 00006 00006 00006 00006 00006 00006 00006
00006 00006 00006 00006 00006 00006 00006 00006 00006 00006 00006 00006 00006 00006 00006 00006
00006 00006 00006 00006 00006 00006 00006 00006 00006 00006 00006 00006 00006 00006 00006 00006
00006 00006 00006 00006 00006 00006 00006 00006 00006 00006 00006 00006 00006 00006 00006 00006
00006 00006 00006 00006 00006 00006 00006 00006 00006 00006 00006 00006 00006 00006 00006 00006
00006 00006 00006 00006 00006 00006 00006 00006 00006 00006 00006 00006 00006 00006 00006 00006
00006 00006 00006 00006 00006 00006 00006 00006 00006 00006 00006 00006 00006 00006 00006 00006
00006 00006 00006 00006 00006 00006 00006 00006 00006 00006 00006 00006 00006 00006 00006 00006
00006 00006 00006 00006 00006 00006 00006 00006 00006 00006 00006 00006 00006 00006 00006 00006
00006 00006 00006 00006 00006 00006 00006 00006 00006 00006 00006 00006 00006 00006 00006 00006
00006 00006 00006 00006 00006 00006 00006 00006 00006 00006 00006 00006 00006 00006 00006 00006
00006 00006 00006 00006 00006 00006 00006 00006 00006 00006 00006 00006 00006 00006 00006 00006
00006 00006 00006 00006 00006 00006 00006 00006 00006 00006 00006 00006 00006 00006 00006 00006
00006 00006 00006 00006 00006 00006 00006 00006 00006 00006 00006 00006 00006 00006 00006 00006
00006 00006 00006 00006 00006 00006 00006 00006 00006 00006 00006 00006 00006 00006 00006 00006
00006 00006 00006 00006 00006 00006 00006 00006 00006 00006 00006 00006 00006 00006 00006 00006
00006 00006 00006 00006 00006 00006 00006 00006 00006 00006 00006 00006 00006 00006 00006 00006
00006 00006 00006 00006 00006 00006 00006 00006 00006 00006 00006 00006 00006 00006 00006 00006
00006 00006 00006 00006 00006 00006 00006 00006 00006 00006 00006 00006 00006 00006 00006 00006
00006 00006 00006 00006 00006 00006 00006 00006 00006 00006 00006 00006 00006 00006 00006 00006
00006 00006 00006 00006 00006 00006 00006 00006 00006 00006 00006 00006 00006 00006 00006 00006
00006 00006 00006 00006 00006 00006 00006 00006 00006 00006 00006 00006 00006 00006 00006 00006
00006 00006 00006 00006 00006 00006 00006 00006 00006 00006 00006 00006 00006 00006 00006 00006
00006 00006 00006 00006 00006 00006 00006 00006 00006 00006 00006 00006 00006 00006 00006 00006
00006 00006 00006 00006 00006 00006 00006 00006 00006 00006 00006 00006 00006 00006 00006 00006
00006 00006 00006 00006 00006 00006 00006 00006 00006 00006 00006 00006 00006 00006 00006 00006
00006 00006 00006 00006 00006 00006 00006 00006 00006 00006 00006 00006 00006 00006 00006 00006
00006 00006 00006 00006 00006 00006 00006 00006 00006 00006 00006 00006 00006 00006 00006 00006
00006 00006 00006 00006 00006 00006 00006 00006 00006 00006 00006 00006 00006 00006 00006 00006
00006 00006 00006 00006 00006 00006 00006 00006 00006 00006 00006 00006 00006 00006 00006 00006
00006 00006 00006 00006 00006 00006 00006 00006 00006 00006 00006 00006 00006 00006 00006 00006
00006 00006 00006 00006 00006 00006 00006 00006 00006 00006 00006 00006 00006 00006 00006 00006
00006 00006 00006 00006 00006 00006 00006 00006 00006 00006 00006 00006 00006 00006 00006 00006
00006 00006 00006 00006 00006 00006 00006 00006 00006 00006 00006 00006 00006 00006 00006 00006
00006 00006 00006 00006 00006 00006 00006 00006 00006 00006 00006 00006 00006 00006 00006 00006
00006 00006 00006 00006 00006 00006 00006 00006 00006 00006 00006 00006 00006 00006 00006 00006
00006 00006 00006 00006 00006 00006 00006 00006 00006 00006 00006 00006 00006 00006 00006 00006
00006 00006 00006 00006 00006 00006 00006 00006 00006 00006 00006 00006 00006 00006 00006 00006
00006 00006 00006 00006 00006 00006 00006 00006 00006 00006 00006 00006 00006 00006 00006 00006
00006 00006 00006 00006 00006 00006 00006 00006 00006 00006 00006 00006 00006 00006 00006 00006
00006 00006 00006 00006 00006 00006 00006 00006 00006 00006 00006 00006 00006 00006 00006 00006
00006 00006 00006 00006 00006 00006 00006 00006 00006 00006 00006 00006 00006 00006 00006 00006
00006 00006 00006 00006 00006 00006 00006 00006 00006 00006 00006 00006 00006 00006 00006 00006
00006 00006 00006 00006 00006 00006 00006 00006 00006 00006 00006 00006 00006 00006 00006 00006
00006 00006 00006 00006 00006 00006 00006 00006 00006 00006 00006 00006 00006 00006 00006 00006
00006 00006 00006 00006 00006 00006 00006 00006 00006 00006 00006 00006 00006 00006 00006 00006
00006 00006 00006 00006 00006 00006 00006 00006 00006 00006 00006 00006 00006 00006 00006 00006
00006 00006 00006 00006 00006 00006 00006 00006 00006 00006 00006 00006 00006 00006 00006 00006
00006 00006 00006 00006 00006 00006 00006 00006 00006 00006 00006 00006 00006 00006 00006 00006
00006 00006 00006 00006 00006 00006 00006 00006 00006 00006 00006 00006 00006 00006 00006 00006
00006 00006 00006 00006 00006 00006 00006 00006 00006 00006 00006 00006 00006 00006 00006 00006
00006 00006 00006 00006 00006 00006 00006 00006 00006 00006 00006 00006 00006 00006 00006 00006
00006 00006 00006 00006 00006 00006 00006 00006 00006 00006 00006 00006 00006 00006 00006 00006
00006 00006 00006 00006 00006 00006 00006 00006 00006 00006 00006 00006 00006 00006 00006 00006
00006 00006 00006 00006 00006 00006 00006 00006 00006 00006 00006 00006 00006 00006 00006 00006
00006 00006 00006 00006 00006 00006 00006 00006 00006 00006 00006 00006 00006 00006 00006 00006
00006 00006 00006 00006 00006 00006 00006 00006 00006 00006 00006 00006 00006 00006 00006 00006
00006 00006 00006 00006 00006 00006 00006 00006 00006 00006 00006 00006 00006 00006 00006 00006
00006 00006 00006 00006 00006 00006 00006 00006 00006 00006 00006 00006 00006 00006 00006 00006
00006 00006 00006 00006 00006 00006 00006 00006 00006 00006 00006 00006 00006 00006 00006 00006
00006 00006 00006 00006 00006 00006 00006 00006 00006 00006 00006 00006 00006 00006 00006 00006
00006 00006 00006 00006 00006 00006 00006 00006 00006 00006 00006 00006 00006 00006 00006 00006
00006 00006 00006 00006 00006 00006 00006 00006 00006 00006 00006 00006 00006 00006 00006 00006
00006 00006 00006 00006 00006 00006 00006 00006 00006 00006 00006 00006 00006 00006 00006 00006
00006 00006 00006 00006 00006 00006 00006 00006 00006 00006 00006 00006 00006 00006 00006 00006
00006 00006 00006 00006 00006 00006 00006 00006 00006 00006 00006 00006 00006 00006 00006 00006
00006 00006 00006 00006 00006 00006 00006 00006 00006 00006 00006 00006 00006 00006 00006 00006
00006 00006 00006 00006 00006 00006 00006 00006 00006 00006 00006 00006 00006 00006 00006 00006
00006 00006 00006 00006 00006 00006 00006 00006 00006 00006 00006 00006 00006 00006 00006 00006
00006 00006 00006 00006 00006 00006 00006 00006 00006 00006 00006 00006 00006 00006 00006 00006
00006 00006 00006 00006 00006 00006 00006 00006 00006 00006 00006 00006 00006 00006 00006 00006
00006 00006 00006 00006 00006 00006 00006 00006 00006 00006 00006 00006 00006 00006 00006 00006
00006 00006 00006 00006 00006 00006 00006 00006 00006 00006 00006 00006 00006 00006 00006 00006
00006 00006 00006 00006 00006 00006 00006 00006 00006 00006 00006 00006 00006 00006 00006 00006
00006 00006 00006 00006 00006 00006 00006 00006 00006 00006 00006 00006 00006 00006 00006 00006
00006 00006 00006 00006 00006 00006 00006 00006 00006 00006 00006 00006 00006 00006 00006 00006
00006 00006 00006 00006 00006 00006 00006 00006 00006 00006 00006 00006 00006 00006 00006 00006
00006 00006 00006 00006 00006 00006 00006 00006 00006 00006 00006 00006 00006 00006 00006 00006
00006 00006 00006 00006 00006 00006 00006 00006 00006 00006 00006 00006 00006 00006 00006 00006
00006 00006 00006 00006 00006 00006 00006 00006 00006 00006 00006 00006 00006 00006 00006 00006
00006 00006 00006 00006 00006 00006 00006 00006 00006 00006 00006 00006 00006 00006 00006 00006
00006 00006 00006 00006 00006 00006 00006 00006 00006 00006 00006 00006 00006 00006 00006 00006
00006 00006 00006 00006 00006 00006 00006 00006 00006 00006 00006 00006 00006 00006 00006 00006
00006 00006 00006 00006 00006 00006 00006 00006 00006 00006 00006 00006 00006 00006 00006 00006
00006 00006 00006 00006 00006 00006 00006 00006 00006 00006 00006 00006 00006 00006 00006 00006
00006 00006 00006 00006 00006 00006 00006 00006 00006 00006 00006 00006 00006 00006 00006 00006
00006 00006 00006 00006 00006 00006 00006 00006 00006 00006 00006 00006 00006 00006 00006 00006
00006 00006 00006 00006 00006 00006 00006 00006 00006 00006 00006 00006 00006 00006 00006 00006
00006 00006 00006 00006 00006 00006 00006 00006 00006 00006 00006 00006 00006 00006 00006 00006
00006 00006 00006 00006 00006 00006 00006 00006 00006 00006 00006 00006 00006 00006 00006 00006
00006 00006 00006 00006 00006 00006 00006 00006 00006 00006 00006 00006 00006 00006 00006 00006
00006 00006 00006 00006 00006 00006 00006 00006 00006 00006 00006 00006 00006 00006 00006 00006
00006 00006 00006 00006 00006 00006 00006 00006 00006 00006 00006 00006 00006 00006 00006 00006
00006 00006 00006 00006 00006 00006 00006 00006 00006 00006 00006 00006 00006 00006 00006 00006
00006 00006 00006 00006 00006 00006 00006 00006 00006 00006 00006 00006 00006 00006 00006 00006
00006 00006 00006 00006 00006 00006 00006 00006 00006 00006 00006 00006 00006 00006 00006 00006
00006 00006 00006 00006 00006 00006 00006 00006 00006 00006 00006 00006 00006 00006 00006 00006
00006 00006 00006 00006 00006 00006 00006 00006 00006 00006 00006 00006 00006 00006 00006 00006
00006 00006 00006 00006 00006 00006 00006 00006 00006 00006 00006 00006 00006 00006 00006 00006
00006 00006 00006 00006 00006 00006 00006 00006 00006 00006 00006 00006 00006 00006 00006 00006
00006 00006 00006 00006 00006 00006 00006 00006 00006 00006 00006 00006 00006 00006 00006 00006
00006 00006 00006 00006 00006 00006 00006 00006 00006 00006 00006 00006 00006 00006 00006 00006
00006 00006 00006 00006 00006 00006 00006 00006 00006 00006 00006 00006 00006 00006 00006 00006
00006 00006 00006 00006 00006 00006 00006 00006 00006 00006 00006 00006 00006 00006 00006 00006
00006 00006 00006 00006 00006 00006 00006 00006 00006 00006 00006 00006 00006 00006 00006 00006
00006 00006 00006 00006 00006 00006 00006 00006 00006 00006 00006 00006 00006 00006 00006 00006
00006 00006 00006 00006 00006 00006 00006 00006 00006 00006 00006 00006 00006 00006 00006 00006
00006 00006 00006 00006 00006 00006 00006 00006 00006 00006 00006 00006 00006 00006 00006 00006
00006 00006 00006 00006 00006 00006 00006 00006 00006 00006 00006 00006 00006 00006 00006 00006
00006 00006 00006 00006 00006 00006 00006 00006 00006 00006 00006 00006 00006 00006 00006 00006
00006 00006 00006 00006 00006 00006 00006 00006 00006 00006 00006 00006 00006 00006 00006 00006
00006 00006 00006 00006 00006 00006 00006 00006 00006 00006 00006 00006 00006 00006 00006 00006
00006 00006 00006 00006 00006 00006 00006 00006 00006 00006 00006 00006 00006 00006 00006 00006
00006 00006 00006 00006 00006 00006 00006 00006 00006 00006 00006 00006 00006 00006 00006 00006
00006 00006 00006 00006 00006 00006 00006 00006 00006 00006 00006 00006 00006 00006 00006 00006
00006 00006 00006 00006 00006 00006 00006 00006 00006 00006 00006 00006 00006 00006 00006 00006
00006 00006 00006 00006 00006 00006 00006 00006 00006 00006 00006 00006 00006 00006 00006 00006
00006 00006 00006 00006 00006 00006 00006 00006 00006 00006 00006 00006 00006 00006 00006 00006
00006 00006 00006 00006 00006 00006 00006 00006 00006 00006 00006 00006 00006 00006 00006 00006
00006 00006 00006 00006 00006 00006 00006 00006 00006 00006 00006 00006 00006 00006 00006 00006
00006 00006 00006 00006 00006 00006 00006 00006 00006 00006 00006 00006 00006 00006 00006 00006
00006 00006 00006 00006 00006 00006 00006 00006 00006 00006 00006 00006 00006 00006 00006 00006
00006 00006 00006 00006 00006 00006 00006 00006 00006 00006 00006 00006 00006 00006 00006 00006
00006 00006 00006 00006 00006 00006 00006 00006 00006 00006 00006 00006 00006 00006 00006 00006
00006 00006 00006 00006 00006 00006 00006 00006 00006 00006 00006 00006 00006 00006 00006 00006
00006 00006 00006 00006 00006 00006 00006 00006 00006 00006 00006 00006 00006 00006 00006 00006
00006 00006 00006 00006 00006 00006 00006 00006 00006 00006 00006 00006 00006 00006 00006 00006
00006 00006 00006 00006 00006 00006 00006 00006 00006 00006 00006 00006 00006 00006 00006 00006
00006 00006 00006 00006 00006 00006 00006 00006 00006 00006 00006 00006 00006 00006 00006 00006
00006 00006 00006 00006 00006 00006 00006 00006 00006 00006 00006 00006 00006 00006 00006 00006
00006 00006 00006 00006 00006 00006 00006 00006 00006 00006 00006 00006 00006 00006 00006 00006
00006 00006 00006 00006 00006 00006 00006 00006 00006 00006 00006 00006 00006 00006 00006 00006
00006 00006 00006 00006 00006 00006 00006 00006 00006 00006 00006 00006 00006 00006 00006 00006
00006 00006 00006 00006 00006 00006 00006 00006 00006 00006 00006 00006 00006 00006 00006 00006
00006 00006 00006 00006 00006 00006 00006 00006 00006 00006 00006 00006 00006 00006 00006 00006
00006 00006 00006 00006 00006 00006 00006 00006 00006 00006 00006 00006 00006 00006 00006 00006
00006 00006 00006 00006 00006 00006 00006 00006 00006 00006 00006 00006 00006 00006 00006 00006
00006 00006 00006 00006 00006 00006 00006 00006 00006 00006 00006 00006 00006 00006 00006 00006
00006 00006 00006 00006 00006 00006 00006 00006 00006 00006 00006 00006 00006 00006 00006 00006
00006 00006 00006 00006 00006 00006 00006 00006 00006 00006 00006 00006 00006 00006 00006 00006
00006 00006 00006 00006 00006 00006 00006 00006 00006 00006 00006 00006 00006 00006 00006 00006
00006 00006 00006 00006 00006 00006 00006 00006 00006 00006 00006 00006 00006 00006 00006 00006
00006 00006 00006 00006 00006 00006 00006 00006 00006 00006 00006 00006 00006 00006 00006 00006
00006 00006 00006 00006 00006 00006 00006 00006 00006 00006 00006 00006 00006 00006 00006 00006
00006 00006 00006 00006 00006 00006 00006 00006 00006 00006 00006 00006 00006 00006 00006 00006
00006 00006 00006 00006 00006 00006 00006 00006 00006 00006 00006 00006 00006 00006 00006 00006
00006 00006 00006 00006 00006 00006 00006 00006 00006 00006 00006 00006 00006 00006 00006 00006
00006 00006 00006 00006 00006 00006 00006 00006 00006 00006 00006 00006 00006 00006 00006 00006
00006 00006 00006 00006 00006 00006 00006 00006 00006 00006 00006 00006 00006 00006 00006 00006
00006 00006 00006 00006 00006 00006 00006 00006 00006 00006 00006 00006 00006 00006 00006 00006
00006 00006 00006 00006 00006 00006 00006 00006 00006 00006 00006 00006 00006 00006 00006 00006
00006 00006 00006 00006 00006 00006 00006 00006 00006 00006 00006 00006 00006 00006 00006 00006
00006 00006 00006 00006 00006 00006 00006 00006 00006 00006 00006 00006 00006 00006 00006 00006
00006 00006 00006 00006 00006 00006 00006 00006 00006 00006 00006 00006 00006 00006 00006 00006
00006 00006 00006 00006 00006 00006 00006 00006 00006 00006 00006 00006 00006 00006 00006 00006
00006 00006 00006 00006 00006 00006 00006 00006 00006 00006 00006 00006 00006 00006 00006 00006
00006 00006 00006 00006 00006 00006 00006 00006 00006 00006 00006 00006 00006 00006 00006 00006
00006 00006 00006 00006 00006 00006 00006 00006 00006 00006 00006 00006 00006 00006 00006 00006
00006 00006 00006 00006 00006 00006 00006 00006 00006 00006 00006 00006 00006 00006 00006 00006
00006 00006 00006 00006 00006 00006 00006 00006 00006 00006 00006 00006 00006 00006 00006 00006
00006 00006 00006 00006 00006 00006 00006 00006 00006 00006 00006 00006 00006 00006 00006 00006
00006 00006 00006 00006 00006 00006 00006 00006 00006 00006 00006 00006 00006 00006 00006 00006
00006 00006 00006 00006 00006 00006 00006 00006 00006 00006 00006 00006 00006 00006 00006 00006
00006 00006 00006 00006 00006 00006 00006 00006 00006 00006 00006 00006 00006 00006 00006 00006
00006 00006 00006 00006 00006 00006 00006 00006 00006 00006 00006 00006 00006 00006 00006 00006
00006 00006 00006 00006 00006 00006 00006 00006 00006 00006 00006 00006 00006 00006 00006 00006
00006 00006 00006 00006 00006 00006 00006 00006 00006 00006 00006 00006 00006 00006 00006 00006
00006 00006 00006 00006 00006 00006 00006 00006 00006 00006 00006 00006 00006 00006 00006 00006
00006 00006 00006 00006 00006 00006 00006 00006 00006 00006 00006 00006 00006 00006 00006 00006
00006 00006 00006 00006 00006 00006 00006 00006 00006 00006 00006 00006 00006 00006 00006 00006
00006 00006 00006 00006 00006 00006 00006 00006 00006 00006 00006 00006 00006 00006 00006 00006
00006 00006 00006 00006 00006 00006 00006 00006 00006 00006 00006 00006 00006 00006 00006 00006
00006 00006 00006 00006 00006 00006 00006 00006 00006 00006 00006 00006 00006 00006 00006 00006
00006 00006 00006 00006 00006 00006 00006 00006 00006 00006 00006 00006 00006 00006 00006 00006
00006 00006 00006 00006 00006 00006 00006 00006 00006 00006 00006 00006 00006 00006 00006 00006
00006 00006 00006 00006 00006 00006 00006 00006 00006 00006 00006 00006 00006 00006 00006 00006
00006 00006 00006 00006 00006 00006 00006 00006 00006 00006 00006 00006 00006 00006 00006 00006
00006 00006 00006 00006 00006 00006 00006 00006 00006 00006 00006 00006 00006 00006 00006 00006
00006 00006 00006 00006 00006 00006 00006 00006 00006 00006 00006 00006 00006 00006 00006 00006
00006 00006 00006 00006 00006 00006 00006 00006 00006 00006 00006 00006 00006 00006 00006 00006
00006 00006 00006 00006 00006 00006 00006 00006 00006 00006 00006 00006 00006 00006 00006 00006
00006 00006 00006 00006 00006 00006 00006 00006 00006 00006 00006 00006 00006 00006 00006 00006
00006 00006 00006 00006 00006 00006 00006 00006 00006 00006 00006 00006 00006 00006 00006 00006
00006 00006 00006 00006 00006 00006 00006 00006 00006 00006 00006 00006 00006 00006 00006 00006
00006 00006 00006 00006 00006 00006 00006 00006 00006 00006 00006 00006 00006 00006 00006 00006
00006 00006 00006 00006 00006 00006 00006 00006 00006 00006 00006 00006 00006 00006 00006 00006
00006 00006 00006 00006 00006 00006 00006 00006 00006 00006 00006 00006 00006 00006 00006 00006
00006 00006 00006 00006 00006 00006 00006 00006 00006 00006 00006 00006 00006 00006 00006 00006
00006 00006 00006 00006 00006 00006 00006 00006 00006 00006 00006 00006 00006 00006 00006 00006
00006 00006 00006 00006 00006 00006 00006 00006 00006 00006 00006 00006 00006 00006 00006 00006
00006 00006 00006 00006 00006 00006 00006 00006 00006 00006 00006 00006 00006 00006 00006 00006
00006 00006 00006 00006 00006 00006 00006 00006 00006 00006 00006 00006 00006 00006 00006 00006
00006 00006 00006 00006 00006 00006 00006 00006 00006 00006 00006 00006 00006 00006 00006 00006
00006 00006 00006 00006 00006 00006 00006 00006 00006 00006 00006 00006 00006 00006 00006 00006
00006 00006 00006 00006 00006 00006 00006 00006 00006 00006 00006 00006 00006 00006 00006 00006
00006 00006 00006 00006 00006 00006 00006 00006 00006 00006 00006 00006 00006 00006 00006 00006
00006 00006 00006 00006 00006 00006 00006 00006 00006 00006 00006 00006 00006 00006 00006 00006
00006 00006 00006 00006 00006 00006 00006 00006 00006 00006 00006 00006 00006 00006 00006 00006
00006 00006 00006 00006 00006 00006 00006 00006 00006 00006 00006 00006 00006 00006 00006 00006
00006 00006 00006 00006 00006 00006 00006 00006 00006 00006 00006 00006 00006 00006 00006 00006
00006 00006 00006 00006 00006 00006 00006 00006 00006 00006 00006 00006 00006 00006 00006 00006
00006 00006 00006 00006 00006 00006 00006 00006 00006 00006 00006 00006 00006 00006 00006 00006
00006 00006 00006 00006 00006 00006 00006 00006 00006 00006 00006 00006 00006 00006 00006 00006
00006 00006 00006 00006 00006 00006 00006 00006 00006 00006 00006 00006 00006 00006 00006 00006
00006 00006 00006 00006 00006 00006 00006 00006 00006 00006 00006 00006 00006 00006 00006 00006
00006 00006 00006 00006 00006 00006 00006 00006 00006 00006 00006 00006 00006 00006 00006 00006
00006 00006 00006 00006 00006 00006 00006 00006 00006 00006 00006 00006 00006 00006 00006 00006
00006 00006 00006 00006 00006 00006 00006 00006 00006 00006 00006 00006 00006 00006 00006 00006
00006 00006 00006 00006 00006 00006 00006 00006 00006 00006 00006 00006 00006 00006 00006 00006
00006 00006 00006 00006 00006 00006 00006 00006 00006 00006 00006 00006 00006 00006 00006 00006
00006 00006 00006 00006 00006 00006 00006 00006 00006 00006 00006 00006 00006 00006 00006 00006
00006 00006 00006 00006 00006 00006 00006 00006 00006 00006 00006 00006 00006 00006 00006 00006
00006 00006 00006 00006 00006 00006 00006 00006 00006 00006 00006 00006 00006 00006 00006 00006
00006 00006 00006 00006 00006 00006 00006 00006 00006 00006 00006 00006 00006 00006 00006 00006
00006 00006 00006 00006 00006 00006 00006 00006 00006 00006 00006 00006 00006 00006 00006 00006
00006 00006 00006 00006 00006 00006 00006 00006 00006 00006 00006 00006 00006 00006 00006 00006
00006 00006 00006 00006 00006 00006 00006 00006 00006 00006 00006 00006 00006 00006 00006 00006
00006 00006 00006 00006 00006 00006 00006 00006 00006 00006 00006 00006 00006 00006 00006 00006
00006 00006 00006 00006 00006 00006 00006 00006 00006 00006 00006 00006 00006 00006 00006 00006
00006 00006 00006 00006 00006 00006 00006 00006 00006 00006 00006 00006 00006 00006 00006 00006
00006 00006 00006 00006 00006 00006 00006 00006 00006 00006 00006 00006 00006 00006 00006 00006
00006 00006 00006 00006 00006 00006 00006 00006 00006 00006 00006 00006 00006 00006 00006 00006
00006 00006 00006 00006 00006 00006 00006 00006 00006 00006 00006 00006 00006 00006 00006 00006
00006 00006 00006 00006 00006 00006 00006 00006 00006 00006 00006 00006 00006 00006 00006 00006
00006 00006 00006 00006 00006 00006 00006 00006 00006 00006 00006 00006 00006 00006 00006 00006
00006 00006 00006 00006 00006 00006 00006 00006 00006 00006 00006 00006 00006 00006 00006 00006
00006 00006 00006 00006 00006 00006 00006 00006 00006 00006 00006 00006 00006 00006 00006 00006
00006 00006 00006 00006 00006 00006 00006 00006 00006 00006 00006 00006 00006 00006 00006 00006
00006 00006 00006 00006 00006 00006 00006 00006 00006 00006 00006 00006 00006 00006 00006 00006
00006 00006 00006 00006 00006 00006 00006 00006 00006 00006 00006 00006 00006 00006 00006 00006
00006 00006 00006 00006 00006 00006 00006 00006 00006 00006 00006 00006 00006 00006 00006 00006
00006 00006 00006 00006 00006 00006 00006 00006 00006 00006 00006 00006 00006 00006 00006 00006
00006 00006 00006 00006 00006 00006 00006 00006 00006 00006 00006 00006 00006 00006 00006 00006
00006 00006 00006 00006 00006 00006 00006 00006 00006 00006 00006 00006 00006 00006 00006 00006
00006 00006 00006 00006 00006 00006 00006 00006 00006 00006 00006 00006 00006 00006 00006 00006
00006 00006 00006 00006 00006 00006 00006 00006 00006 00006 00006 00006 00006 00006 00006 00006
00006 00006 00006 00006 00006 00006 00006 00006 00006 00006 00006 00006 00006 00006 00006 00006
00006 00006 00006 00006 00006 00006 00006 00006 00006 00006 00006 00006 00006 00006 00006 00006
00006 00006 00006 00006 00006 00006 00006 00006 00006 00006 00006 00006 00006 00006 00006 00006
00006 00006 00006 00006 00006 00006 00006 00006 00006 00006 00006 00006 00006 00006 00006 00006
00006 00006 00006 00006 00006 00006 00006 00006 00006 00006 00006 00006 00006 00006 00006 00006
00006 00006 00006 00006 00006 00006 00006 00006 00006 00006 00006 00006 00006 00006 00006 00006
00006 00006 00006 00006 00006 00006 00006 00006 00006 00006 00006 00006 00006 00006 00006 00006
00006 00006 00006 00006 00006 00006 00006 00006 00006 00006 00006 00006 00006 00006 00006 00006
00006 00006 00006 00006 00006 00006 00006 00006 00006 00006 00006 00006 00006 00006 00006 00006
00006 00006 00006 00006 00006 00006 00006 00006 00006 00006 00006 00006 00006 00006 00006 00006
00006 00006 00006 00006 00006 00006 00006 00006 00006 00006 00006 00006 00006 00006 00006 00006
00006 00006 00006 00006 00006 00006 00006 00006 00006 00006 00006 00006 00006 00006 00006 00006
00006 00006 00006 00006 00006 00006 00006 00006 00006 00006 00006 00006 00006 00006 00006 00006
00006 00006 00006 00006 00006 00006 00006 00006 00006 00006 00006 00006 00006 00006 00006 00006
00006 00006 00006 00006 00006 00006 00006 00006 00006 00006 00006 00006 00006 00006 00006 00006
00006 00006 00006 00006 00006 00006 00006 00006 00006 00006 00006 00006 00006 00006 00006 00006
00006 00006 00006 00006 00006 00006 00006 00006 00006 00006 00006 00006 00006 00006 00006 00006
00006 00006 00006 00006 00006 00006 00006 00006 00006 00006 00006 00006 00006 00006 00006 00006
00006 00006 00006 00006 00006 00006 00006 00006 00006 00006 00006 00006 00006 00006 00006 00006
00006 00006 00006 00006 00006 00006 00006 00006 00006 00006 00006 00006 00006 00006 00006 00006
00006 00006 00006 00006 00006 00006 00006 00006 00006 00006 00006 00006 00006 00006 00006 00006
00006 00006 00006 00006 00006 00006 00006 00006 00006 00006 00006 00006 00006 00006 00006 00006
00006 00006 00006 00006 00006 00006 00006 00006 00006 00006 00006 00006 00006 00006 00006 00006
00006 00006 00006 00006 00006 00006 00006 00006 00006 00006 00006 00006 00006 00006 00006 00006
00006 00006 00006 00006 00006 00006 00006 00006 00006 00006 00006 00006 00006 00006 00006 00006
00006 00006 00006 00006 00006 00006 00006 00006 00006 00006 00006 00006 00006 00006 00006 00006
00006 00006 00006 00006 00006 00006 00006 00006 00006 00006 00006 00006 00006 00006 00006 00006
00006 00006 00006 00006 00006 00006 00006 00006 00006 00006 00006 00006 00006 00006 00006 00006
00006 00006 00006 00006 00006 00006 00006 00006 00006 00006 00006 00006 00006 00006 00006 00006
00006 00006 00006 00006 00006 00006 00006 00006 00006 00006 00006 00006 00006 00006 00006 00006
00006 00006 00006 00006 00006 00006 00006 00006 00006 00006 00006 00006 00006 00006 00006 00006
00006 00006 00006 00006 00006 00006 00006 00006 00006 00006 00006 00006 00006 00006 00006 00006
00006 00006 00006 00006 00006 00006 00006 00006 00006 00006 00006 00006 00006 00006 00006 00006
00006 00006 00006 00006 00006 00006 00006 00006 00006 00006 00006 00006 00006 00006 00006 00006
00006 00006 00006 00006 00006 00006 00006 00006 00006 00006 00006 00006 00006 00006 00006 00006
00006 00006 00006 00006 00006 00006 00006 00006 00006 00006 00006 00006 00006 00006 00006 00006
00006 00006 00006 00006 00006 00006 00006 00006 00006 00006 00006 00006 00006 00006 00006 00006
00006 00006 00006 00006 00006 00006 00006 00006 00006 00006 00006 00006 00006 00006 00006 00006
00006 00006 00006 00006 00006 00006 00006 00006 00006 00006 00006 00006 00006 00006 00006 00006
00006 00006 00006 00006 00006 00006 00006 00006 00006 00006 00006 00006 00006 00006 00006 00006
00006 00006 00006 00006 00006 00006 00006 00006 00006 00006 00006 00006 00006 00006 00006 00006
00006 00006 00006 00006 00006 00006 00006 00006 00006 00006 00006 00006 00006 00006 00006 00006
00006 00006 00006 00006 00006 00006 00006 00006 00006 00006 00006 00006 00006 00006 00006 00006
00006 00006 00006 00006 00006 00006 00006 00006 00006 00006 00006 00006 00006 00006 00006 00006
00006 00006 00006 00006 00006 00006 00006 00006 00006 00006 00006 00006 00006 00006 00006 00006
00006 00006 00006 00006 00006 00006 00006 00006 00006 00006 00006 00006 00006 00006 00006 00006
00006 00006 00006 00006 00006 00006 00006 00006 00006 00006 00006 00006 00006 00006 00006 00006
00006 00006 00006 00006 00006 00006 00006 00006 00006 00006 00006 00006 00006 00006 00006 00006
00006 00006 00006 00006 00006 00006 00006 00006 00006 00006 00006 00006 00006 00006 00006 00006
00006 00006 00006 00006 00006 00006 00006 00006 00006 00006 00006 00006 00006 00006 00006 00006
00006 00006 00006 00006 00006 00006 00006 00006 00006 00006 00006 00006 00006 00006 00006 00006
00006 00006 00006 00006 00006 00006 00006 00006 00006 00006 00006 00006 00006 00006 00006 00006
00006 00006 00006 00006 00006 00006 00006 00006 00006 00006 00006 00006 00006 00006 00006 00006
00006 00006 00006 00006 00006 00006 00006 00006 00006 00006 00006 00006 00006 00006 00006 00006
00006 00006 00006 00006 00006 00006 00006 00006 00006 00006 00006 00006 00006 00006 00006 00006
00006 00006 00006 00006 00006 00006 00006 00006 00006 00006 00006 00006 00006 00006 00006 00006
00006 00006 00006 00006 00006 00006 00006 00006 00006 00006 00006 00006 00006 00006 00006 00006
00006 00006 00006 00006 00006 00006 00006 00006 00006 00006 00006 00006 00006 00006 00006 00006
00006 00006 00006 00006 00006 00006 00006 00006 00006 00006 00006 00006 00006 00006 00006 00006
00006 00006 00006 00006 00006 00006 00006 00006 00006 00006 00006 00006 00006 00006 00006 00006
00006 00006 00006 00006 00006 00006 00006 00006 00006 00006 00006 00006 00006 00006 00006 00006
00006 00006 00006 00006 00006 00006 00006 00006 00006 00006 00006 00006 00006 00006 00006 00006
00006 00006 00006 00006 00006 00006 00006 00006 00006 00006 00006 00006 00006 00006 00006 00006
00006 00006 00006 00006 00006 00006 00006 00006 00006 00006 00006 00006 00006 00006 00006 00006
00006 00006 00006 00006 00006 00006 00006 00006 00006 00006 00006 00006 00006 00006 00006 00006
00006 00006 00006 00006 00006 00006 00006 00006 00006 00006 00006 00006 00006 00006 00006 00006
00006 00006 00006 00006 00006 00006 00006 00006 00006 00006 00006 00006 00006 00006 00006 00006
00006 00006 00006 00006 00006 00006 00006 00006 00006 00006 00006 00006 00006 00006 00006 00006
00006 00006 00006 00006 00006 00006 00006 00006 00006 00006 00006 00006 00006 00006 00006 00006
00006 00006 00006 00006 00006 00006 00006 00006 00006 00006 00006 00006 00006 00006 00006 00006
00006 00006 00006 00006 00006 00006 00006 00006 00006 00006 00006 00006 00006 00006 00006 00006
00006 00006 00006 00006 00006 00006 00006 00006 00006 00006 00006 00006 00006 00006 00006 00006
00006 00006 00006 00006 00006 00006 00006 00006 00006 00006 00006 00006 00006 00006 00006 00006
00006 00006 00006 00006 00006 00006 00006 00006 00006 00006 00006 00006 00006 00006 00006 00006
00006 00006 00006 00006 00006 00006 00006 00006 00006 00006 00006 00006 00006 00006 00006 00006
00006 00006 00006 00006 00006 00006 00006 00006 00006 00006 00006 00006 00006 00006 00006 00006
00006 00006 00006 00006 00006 00006 00006 00006 00006 00006 00006 00006 00006 00006 00006 00006
00006 00006 00006 00006 00006 00006 00006 00006 00006 00006 00006 00006 00006 00006 00006 00006
00006 00006 00006 00006 00006 00006 00006 00006 00006 00006 00006 00006 00006 00006 00006 00006
00006 00006 00006 00006 00006 00006 00006 00006 00006 00006 00006 00006 00006 00006 00006 00006
00006 00006 00006 00006 00006 00006 00006 00006 00006 00006 00006 00006 00006 00006 00006 00006
00006 00006 00006 00006 00006 00006 00006 00006 00006 00006 00006 00006 00006 00006 00006 00006
00006 00006 00006 00006 00006 00006 00006 00006 00006 00006 00006 00006 00006 00006 00006 00006
00006 00006 00006 00006 00006 00006 00006 00006 00006 00006 00006 00006 00006 00006 00006 00006
00006 00006 00006 00006 00006 00006 00006 00006 00006 00006 00006 00006 00006 00006 00006 00006
00006 00006 00006 00006 00006 00006 00006 00006 00006 00006 00006 00006 00006 00006 00006 00006
00006 00006 00006 00006 00006 00006 00006 00006 00006 00006 00006 00006 00006 00006 00006 00006
00006 00006 00006 00006 00006 00006 00006 00006 00006 00006 00006 00006 00006 00006 00006 00006
00006 00006 00006 00006 00006 00006 00006 00006 00006 00006 00006 00006 00006 00006 00006 00006
00006 00006 00006 00006 00006 00006 00006 00006 00006 00006 00006 00006 00006 00006 00006 00006
00006 00006 00006 00006 00006 00006 00006 00006 00006 00006 00006 00006 00006 00006 00006 00006
00006 00006 00006 00006 00006 00006 00006 00006 00006 00006 00006 00006 00006 00006 00006 00006
00006 00006 00006 00006 00006 00006 00006 00006 00006 00006 00006 00006 00006 00006 00006 00006
00006 00006 00006 00006 00006 00006 00006 00006 00006 00006 00006 00006 00006 00006 00006 00006
00006 00006 00006 00006 00006 00006 00006 00006 00006 00006 00006 00006 00006 00006 00006 00006
00006 00006 00006 00006 00006 00006 00006 00006 00006 00006 00006 00006 00006 00006 00006 00006
00006 00006 00006 00006 00006 00006 00006 00006 00006 00006 00006 00006 00006 00006 00006 00006
00006 00006 00006 00006 00006 00006 00006 00006 00006 00006 00006 00006 00006 00006 00006 00006
00006 00006 00006 00006 00006 00006 00006 00006 00006 00006 00006 00006 00006 00006 00006 00006
00006 00006 00006 00006 00006 00006 00006 00006 00006 00006 00006 00006 00006 00006 00006 00006
00006 00006 00006 00006 00006 00006 00006 00006 00006 00006 00006 00006 00006 00006 00006 00006
00006 00006 00006 00006 00006 00006 00006 00006 00006 00006 00006 00006 00006 00006 00006 00006
00006 00006 00006 00006 00006 00006 00006 00006 00006 00006 00006 00006 00006 00006 00006 00006
00006 00006 00006 00006 00006 00006 00006 00006 00006 00006 00006 00006 00006 00006 00006 00006
00006 00006 00006 00006 00006 00006 00006 00006 00006 00006 00006 00006 00006 00006 00006 00006
00006 00006 00006 00006 00006 00006 00006 00006 00006 00006 00006 00006 00006 00006 00006 00006
00006 00006 00006 00006 00006 00006 00006 00006 00006 00006 00006 00006 00006 00006 00006 00006
00006 00006 00006 00006 00006 00006 00006 00006 00006 00006 00006 00006 00006 00006 00006 00006
00006 00006 00006 00006 00006 00006 00006 00006 00006 00006 00006 00006 00006 00006 00006 00006
00006 00006 00006 00006 00006 00006 00006 00006 00006 00006 00006 00006 00006 00006 00006 00006
00006 00006 00006 00006 00006 00006 00006 00006 00006 00006 00006 00006 00006 00006 00006 00006
00006 00006 00006 00006 00006 00006 00006 00006 00006 00006 00006 00006 00006 00006 00006 00006
00006 00006 00006 00006 00006 00006 00006 00006 00006 00006 00006 00006 00006 00006 00006 00006
00006 00006 00006 00006 00006 00006 00006 00006 00006 00006 00006 00006 00006 00006 00006 00006
00006 00006 00006 00006 00006 00006 00006 00006 00006 00006 00006 00006 00006 00006 00006 00006
00006 00006 00006 00006 00006 00006 00006 00006 00006 00006 00006 00006 00006 00006 00006 00006
00006 00006 00006 00006 00006 00006 00006 00006 00006 00006 00006 00006 00006 00006 00006 00006
00006 00006 00006 00006 00006 00006 00006 00006 00006 00006 00006 00006 00006 00006 00006 00006
00006 00006 00006 00006 00006 00006 00006 00006 00006 00006 00006 00006 00006 00006 00006 00006
00006 00006 00006 00006 00006 00006 00006 00006 00006 00006 00006 00006 00006 00006 00006 00006
00006 00006 00006 00006 00006 00006 00006 00006 00006 00006 00006 00006 00006 00006 00006 00006
00006 00006 00006 00006 00006 00006 00006 00006 00006 00006 00006 00006 00006 00006 00006 00006
00006 00006 00006 00006 00006 00006 00006 00006 00006 00006 00006 00006 00006 00006 00006 00006
00006 00006 00006 00006 00006 00006 00006 00006 00006 00006 00006 00006 00006 00006 00006 00006
00006 00006 00006 00006 00006 00006 00006 00006 00006 00006 00006 00006 00006 00006 00006 00006
00006 00006 00006 00006 00006 00006 00006 00006 00006 00006 00006 00006 00006 00006 00006 00006
00006 00006 00006 00006 00006 00006 00006 00006 00006 00006 00006 00006 00006 00006 00006 00006
00006 00006 00006 00006 00006 00006 00006 00006 00006 00006 00006 00006 00006 00006 00006 00006
00006 00006 00006 00006 00006 00006 00006 00006 00006 00006 00006 00006 00006 00006 00006 00006
00006 00006 00006 00006 00006 00006 00006 00006 00006 00006 00006 00006 00006 00006 00006 00006
00006 00006 00006 00006 00006 00006 00006 00006 00006 00006 00006 00006 00006 00006 00006 00006
00006 00006 00006 00006 00006 00006 00006 00006 00006 00006 00006 00006 00006 00006 00006 00006
00006 00006 00006 00006 00006 00006 00006 00006 00006 00006 00006 00006 00006 00006 00006 00006
00006 00006 00006 00006 00006 00006 00006 00006 00006 00006 00006 00006 00006 00006 00006 00006
00006 00006 00006 00006 00006 00006 00006 00006 00006 00006 00006 00006 00006 00006 00006 00006
00006 00006 00006 00006 00006 00006 00006 00006 00006 00006 00006 00006 00006 00006 00006 00006
00006 00006 00006 00006 00006 00006 00006 00006 00006 00006 00006 00006 00006 00006 00006 00006
00006 00006 00006 00006 00006 00006 00006 00006 00006 00006 00006 00006 00006 00006 00006 00006
00006 00006 00006 00006 00006 00006 00006 00006 00006 00006 00006 00006 00006 00006 00006 00006
00006 00006 00006 00006 00006 00006 00006 00006 00006 00006 00006 00006 00006 00006 00006 00006
00006 00006 00006 00006 00006 00006 00006 00006 00006 00006 00006 00006 00006 00006 00006 00006
00006 00006 00006 00006 00006 00006 00006 00006 00006 00006 00006 00006 00006 00006 00006 00006
00006 00006 00006 00006 00006 00006 00006 00006 00006 00006 00006 00006 00006 00006 00006 00006
00006 00006 00006 00006 00006 00006 00006 00006 00006 00006 00006 00006 00006 00006 00006 00006
00006 00006 00006 00006 00006 00006 00006 00006 00006 00006 00006 00006 00006 00006 00006 00006
00006 00006 00006 00006 00006 00006 00006 00006 00006 00006 00006 00006 00006 00006 00006 00006
00006 00006 00006 00006 00006 00006 00006 00006 00006 00006 00006 00006 00006 00006 00006 00006
00006 00006 00006 00006 00006 00006 00006 00006 00006 00006 00006 00006 00006 00006 00006 00006
00006 00006 00006 00006 00006 00006 00006 00006 00006 00006 00006 00006 00006 00006 00006 00006
00006 00006 00006 00006 00006 00006 00006 00006 00006 00006 00006 00006 00006 00006 00006 00006
00006 00006 00006 00006 00006 00006 00006 00006 00006 00006 00006 00006 00006 00006 00006 00006
00006 00006 00006 00006 00006 00006 00006 00006 00006 00006 00006 00006 00006 00006 00006 00006
00006 00006 00006 00006 00006 00006 00006 00006 00006 00006 00006 00006 00006 00006 00006 00006
00006 00006 00006 00006 00006 00006 00006 00006 00006 00006 00006 00006 00006 00006 00006 00006
00006 00006 00006 00006 00006 00006 00006 00006 00006 00006 00006 00006 00006 00006 00006 00006
00006 00006 00006 00006 00006 00006 00006 00006 00006 00006 00006 00006 00006 00006 00006 00006
00006 00006 00006 00006 00006 00006 00006 00006 00006 00006 00006 00006 00006 00006 00006 00006
00006 00006 00006 00006 00006 00006 00006 00006 00006 00006 00006 00006 00006 00006 00006 00006
00006 00006 00006 00006 00006 00006 00006 00006 00006 00006 00006 00006 00006 00006 00006 00006
00006 00006 00006 00006 00006 00006 00006 00006 00006 00006 00006 00006 00006 00006 00006 00006
00006 00006 00006 00006 00006 00006 00006 00006 00006 00006 00006 00006 00006 00006 00006 00006
00006 00006 00006 00006 00006 00006 00006 00006 00006 00006 00006 00006 00006 00006 00006 00006
00006 00006 00006 00006 00006 00006 00006 00006 00006 00006 00006 00006 00006 00006 00006 00006
00006 00006 00006 00006 00006 00006 00006 00006 00006 00006 00006 00006 00006 00006 00006 00006
00006 00006 00006 00006 00006 00006 00006 00006 00006 00006 00006 00006 00006 00006 00006 00006
00006 00006 00006 00006 00006 00006 00006 00006 00006 00006 00006 00006 00006 00006 00006 00006
00006 00006 00006 00006 00006 00006 00006 00006 00006 00006 00006 00006 00006 00006 00006 00006
00006 00006 00006 00006 00006 00006 00006 00006 00006 00006 00006 00006 00006 00006 00006 00006
00006 00006 00006 00006 00006 00006 00006 00006 00006 00006 00006 00006 00006 00006 00006 00006
00006 00006 00006 00006 00006 00006 00006 00006 00006 00006 00006 00006 00006 00006 00006 00006
00006 00006 00006 00006 00006 00006 00006 00006 00006 00006 00006 00006 00006 00006 00006 00006
00006 00006 00006 00006 00006 00006 00006 00006 00006 00006 00006 00006 00006 00006 00006 00006
00006 00006 00006 00006 00006 00006 00006 00006 00006 00006 00006 00006 00006 00006 00006 00006
00006 00006 00006 00006 00006 00006 00006 00006 00006 00006 00006 00006 00006 00006 00006 00006
00006 00006 00006 00006 00006 00006 00006 00006 00006 00006 00006 00006 00006 00006 00006 00005
00005 00005 00005 00005 00005 00005 00005 00005 00005 00005 00005 00005 00005 00005 00005 00005
00005 00005 00005 00005 00005 00005 00005 00005 00005 00005 00005 00005 00005 00005 00005 00005
00005 00005 00005 00005 00005 00005 00005 00005 00005 00005 00005 00005 00005 00005 00005 00005
00005 00005 00005 00005 00005 00005 00005 00005 00005 00005 00005 00005 00005 00005 00005 00005
00005 00005 00005 00005 00005 00005 00005 00005 00005 00005 00005 00005 00005 00005 00005 00005
00005 00005 00005 00005 00005 00005 00005 00005 00005 00005 00005 00005 00005 00005 00005 00005
00005 00005 00005 00005 00005 00005 00005 00005 00005 00005 00005 00005 00005 00005 00005 00005
00005 00005 00005 00005 00005 00005 00005 00005 00005 00005 00005 00005 00005 00005 00005 00005
00005 00005 00005 00005 00005 00005 00005 00005 00005 00005 00005 00005 00005 00005 00005 00005
00005 00005 00005 00005 00005 00005 00005 00005 00005 00005 00005 00005 00005 00005 00005 00005
00005 00005 00005 00005 00005 00005 00005 00005 00005 00005 00005 00005 00005 00005 00005 00005
00005 00005 00005 00005 00005 00005 00005 00005 00005 00005 00005 00005 00005 00005 00005 00005
00005 00005 00005 00005 00005 00005 00005 00005 00005 00005 00005 00005 00005 00005 00005 00005
00005 00005 00005 00005 00005 00005 00005 00005 00005 00005 00005 00005 00005 00005 00005 00005
00005 00005 00005 00005 00005 00005 00005 00005 00005 00005 00005 00005 00005 00005 00005 00005
00005 00005 00005 00005 00005 00005 00005 00005 00005 00005 00005 00005 00005 00005 00005 00005
00005 00005 00005 00005 00005 00005 00005 00005 00005 00005 00005 00005 00005 00005 00005 00005
00005 00005 00005 00005 00005 00005 00005 00005 00005 00005 00005 00005 00005 00005 00005 00005
00005 00005 00005 00005 00005 00005 00005 00005 00005 00005 00005 00005 00005 00005 00005 00005
00005 00005 00005 00005 00005 00005 00005 00005 00005 00005 00005 00005 00005 00005 00005 00005
00005 00005 00005 00005 00005 00005 00005 00005 00005 00005 00005 00005 00005 00005 00005 00005
00005 00005 00005 00005 00005 00005 00005 00005 00005 00005 00005 00005 00005 00005 00005 00005
00005 00005 00005 00005 00005 00005 00005 00005 00005 00005 00005 00005 00005 00005 00005 00005
00005 00005 00005 00005 00005 00005 00005 00005 00005 00005 00005 00005 00005 00005 00005 00005
00005 00005 00005 00005 00005 00005 00005 00005 00005 00005 00005 00005 00005 00005 00005 00005
00005 00005 00005 00005 00005 00005 00005 00005 00005 00005 00005 00005 00005 00005 00005 00005
00005 00005 00005 00005 00005 00005 00005 00005 00005 00005 00005 00005 00005 00005 00005 00005
00005 00005 00005 00005 00005 00005 00005 00005 00005 00005 00005 00005 00005 00005 00005 00005
00005 00005 00005 00005 00005 00005 00005 00005 00005 00005 00005 00005 00005 00005 00005 00005
00005 00005 00005 00005 00005 00005 00005 00005 00005 00005 00005 00005 00005 00005 00005 00005
00005 00005 00005 00005 00005 00005 00005 00005 00005 00005 00005 00005 00005 00005 00005 00005
00005 00005 00005 00005 00005 00005 00005 00005 00005 00005 00005 00005 00005 00005 00005 00005
00005 00005 00005 00005 00005 00005 00005 00005 00005 00005 00005 00005 00005 00005 00005 00005
00005 00005 00005 00005 00005 00005 00005 00005 00005 00005 00005 00005 00005 00005 00005 00005
00005 00005 00005 00005 00005 00005 00005 00005 00005 00005 00005 00005 00005 00005 00005 00005
00005 00005 00005 00005 00005 00005 00005 00005 00005 00005 00005 00005 00005 00005 00005 00005
00005 00005 00005 00005 00005 00005 00005 00005 00005 00005 00005 00005 00005 00005 00005 00005
00005 00005 00005 00005 00005 00005 00005 00005 00005 00005 00005 00005 00005 00005 00005 00005
00005 00005 00005 00005 00005 00005 00005 00005 00005 00005 00005 00005 00005 00005 00005 00005
00005 00005 00005 00005 00005 00005 00005 00005 00005 00005 00005 00005 00005 00005 00005 00005
00005 00005 00005 00005 00005 00005 00005 00005 00005 00005 00005 00005 00005 00005 00005 00005
00005 00005 00005 00005 00005 00005 00005 00005 00005 00005 00005 00005 00005 00005 00005 00005
00005 00005 00005 00005 00005 00005 00005 00005 00005 00005 00005 00005 00005 00005 00005 00005
00005 00005 00005 00005 00005 00005 00005 00005 00005 00005 00005 00005 00005 00005 00005 00005
00005 00005 00005 00005 00005 00005 00005 00005 00005 00005 00005 00005 00005 00005 00005 00005
00005 00005 00005 00005 00005 00005 00005 00005 00005 00005 00005 00005 00005 00005 00005 00005
00005 00005 00005 00005 00005 00005 00005 00005 00005 00005 00005 00005 00005 00005 00005 00005
00005 00005 00005 00005 00005 00005 00005 00005 00005 00005 00005 00005 00005 00005 00005 00005
00005 00005 00005 00005 00005 00005 00005 00005 00005 00005 00005 00005 00005 00005 00005 00005
00005 00005 00005 00005 00005 00005 00005 00005 00005 00005 00005 00005 00005 00005 00005 00005
00005 00005 00005 00005 00005 00005 00005 00005 00005 00005 00005 00005 00005 00005 00005 00005
00005 00005 00005 00005 00005 00005 00005 00005 00005 00005 00005 00005 00005 00005 00005 00005
00005 00005 00005 00005 00005 00005 00005 00005 00005 00005 00005 00005 00005 00005 00005 00005
00005 00005 00005 00005 00005 00005 00005 00005 00005 00005 00005 00005 00005 00005 00005 00005
00005 00005 00005 00005 00005 00005 00005 00005 00005 00005 00005 00005 00005 00005 00005 00005
00005 00005 00005 00005 00005 00005 00005 00005 00005 00005 00005 00005 00005 00005 00005 00005
00005 00005 00005 00005 00005 00005 00005 00005 00005 00005 00005 00005 00005 00005 00005 00005
00005 00005 00005 00005 00005 00005 00005 00005 00005 00005 00005 00005 00005 00005 00005 00005
00005 00005 00005 00005 00005 00005 00005 00005 00005 00005 00005 00005 00005 00005 00005 00005
00005 00005 00005 00005 00005 00005 00005 00005 00005 00005 00005 00005 00005 00005 00005 00005
00005 00005 00005 00005 00005 00005 00005 00005 00005 00005 00005 00005 00005 00005 00005 00005
00005 00005 00005 00005 00005 00005 00005 00005 00005 00005 00005 00005 00005 00005 00005 00005
00005 00005 00005 00005 00005 00005 00005 00005 00005 00005 00005 00005 00005 00005 00005 00005
00005 00005 00005 00005 00005 00005 00005 00005 00005 00005 00005 00005 00005 00005 00005 00005
00005 00005 00005 00005 00005 00005 00005 00005 00005 00005 00005 00005 00005 00005 00005 00005
00005 00005 00005 00005 00005 00005 00005 00005 00005 00005 00005 00005 00005 00005 00005 00005
00005 00005 00005 00005 00005 00005 00005 00005 00005 00005 00005 00005 00005 00005 00005 00005
00005 00005 00005 00005 00005 00005 00005 00005 00005 00005 00005 00005 00005 00005 00005 00005
00005 00005 00005 00005 00005 00005 00005 00005 00005 00005 00005 00005 00005 00005 00005 00005
00005 00005 00005 00005 00005 00005 00005 00005 00005 00005 00005 00005 00005 00005 00005 00005
00005 00005 00005 00005 00005 00005 00005 00005 00005 00005 00005 00005 00005 00005 00005 00005
00005 00005 00005 00005 00005 00005 00005 00005 00005 00005 00005 00005 00005 00005 00005 00005
00005 00005 00005 00005 00005 00005 00005 00005 00005 00005 00005 00005 00005 00005 00005 00005
00005 00005 00005 00005 00005 00005 00005 00005 00005 00005 00005 00005 00005 00005 00005 00005
00005 00005 00005 00005 00005 00005 00005 00005 00005 00005 00005 00005 00005 00005 00005 00005
00005 00005 00005 00005 00005 00005 00005 00005 00005 00005 00005 00005 00005 00005 00005 00005
00005 00005 00005 00005 00005 00005 00005 00005 00005 00005 00005 00005 00005 00005 00005 00005
00005 00005 00005 00005 00005 00005 00005 00005 00005 00005 00005 00005 00005 00005 00005 00005
00005 00005 00005 00005 00005 00005 00005 00005 00005 00005 00005 00005 00005 00005 00005 00005
00005 00005 00005 00005 00005 00005 00005 00005 00005 00005 00005 00005 00005 00005 00005 00005
00005 00005 00005 00005 00005 00005 00005 00005 00005 00005 00005 00005 00005 00005 00005 00005
00005 00005 00005 00005 00005 00005 00005 00005 00005 00005 00005 00005 00005 00005 00005 00005
00005 00005 00005 00005 00005 00005 00005 00005 00005 00005 00005 00005 00005 00005 00005 00005
00005 00005 00005 00005 00005 00005 00005 00005 00005 00005 00005 00005 00005 00005 00005 00005
00005 00005 00005 00005 00005 00005 00005 00005 00005 00005 00005 00005 00005 00005 00005 00005
00005 00005 00005 00005 00005 00005 00005 00005 00005 00005 00005 00005 00005 00005 00005 00005
00005 00005 00005 00005 00005 00005 00005 00005 00005 00005 00005 00005 00005 00005 00005 00005
00005 00005 00005 00005 00005 00005 00005 00005 00005 00005 00005 00005 00005 00005 00005 00005
00005 00005 00005 00005 00005 00005 00005 00005 00005 00005 00005 00005 00005 00005 00005 00005
00005 00005 00005 00005 00005 00005 00005 00005 00005 00005 00005 00005 00005 00005 00005 00005
00005 00005 00005 00005 00005 00005 00005 00005 00005 00005 00005 00005 00005 00005 00005 00005
00005 00005 00005 00005 00005 00005 00005 00005 00005 00005 00005 00005 00005 00005 00005 00005
00005 00005 00005 00005 00005 00005 00005 00005 00005 00005 00005 00005 00005 00005 00005 00005
00005 00005 00005 00005 00005 00005 00005 00005 00005 00005 00005 00005 00005 00005 00005 00005
00005 00005 00005 00005 00005 00005 00005 00005 00005 00005 00005 00005 00005 00005 00005 00005
00005 00005 00005 00005 00005 00005 00005 00005 00005 00005 00005 00005 00005 00005 00005 00005
00005 00005 00005 00005 00005 00005 00005 00005 00005 00005 00005 00005 00005 00005 00005 00005
00005 00005 00005 00005 00005 00005 00005 00005 00005 00005 00005 00005 00005 00005 00005 00005
00005 00005 00005 00005 00005 00005 00005 00005 00005 00005 00005 00005 00005 00005 00005 00005
00005 00005 00005 00005 00005 00005 00005 00005 00005 00005 00005 00005 00005 00005 00005 00005
00005 00005 00005 00005 00005 00005 00005 00005 00005 00005 00005 00005 00005 00005 00005 00005
00005 00005 00005 00005 00005 00005 00005 00005 00005 00005 00005 00005 00005 00005 00005 00005
00005 00005 00005 00005 00005 00005 00005 00005 00005 00005 00005 00005 00005 00005 00005 00005
00005 00005 00005 00005 00005 00005 00005 00005 00005 00005 00005 00005 00005 00005 00005 00005
00005 00005 00005 00005 00005 00005 00005 00005 00005 00005 00005 00005 00005 00005 00005 00005
00005 00005 00005 00005 00005 00005 00005 00005 00005 00005 00005 00005 00005 00005 00005 00005
00005 00005 00005 00005 00005 00005 00005 00005 00005 00005 00005 00005 00005 00005 00005 00005
00005 00005 00005 00005 00005 00005 00005 00005 00005 00005 00005 00005 00005 00005 00005 00005
00005 00005 00005 00005 00005 00005 00005 00005 00005 00005 00005 00005 00005 00005 00005 00005
00005 00005 00005 00005 00005 00005 00005 00005 00005 00005 00005 00005 00005 00005 00005 00005
00005 00005 00005 00005 00005 00005 00005 00005 00005 00005 00005 00005 00005 00005 00005 00005
00005 00005 00005 00005 00005 00005 00005 00005 00005 00005 00005 00005 00005 00005 00005 00005
00005 00005 00005 00005 00005 00005 00005 00005 00005 00005 00005 00005 00005 00005 00005 00005
00005 00005 00005 00005 00005 00005 00005 00005 00005 00005 00005 00005 00005 00005 00005 00005
00005 00005 00005 00005 00005 00005 00005 00005 00005 00005 00005 00005 00005 00005 00005 00005
00005 00005 00005 00005 00005 00005 00005 00005 00005 00005 00005 00005 00005 00005 00005 00005
00005 00005 00005 00005 00005 00005 00005 00005 00005 00005 00005 00005 00005 00005 00005 00005
00005 00005 00005 00005 00005 00005 00005 00005 00005 00005 00005 00005 00005 00005 00005 00005
00005 00005 00005 00005 00005 00005 00005 00005 00005 00005 00005 00005 00005 00005 00005 00005
00005 00005 00005 00005 00005 00005 00005 00005 00005 00005 00005 00005 00005 00005 00005 00005
00005 00005 00005 00005 00005 00005 00005 00005 00005 00005 00005 00005 00005 00005 00005 00005
00005 00005 00005 00005 00005 00005 00005 00005 00005 00005 00005 00005 00005 00005 00005 00005
00005 00005 00005 00005 00005 00005 00005 00005 00005 00005 00005 00005 00005 00005 00005 00005
00005 00005 00005 00005 00005 00005 00005 00005 00005 00005 00005 00005 00005 00005 00005 00005
00005 00005 00005 00005 00005 00005 00005 00005 00005 00005 00005 00005 00005 00005 00005 00005
00005 00005 00005 00005 00005 00005 00005 00005 00005 00005 00005 00005 00005 00005 00005 00005
00005 00005 00005 00005 00005 00005 00005 00005 00005 00005 00005 00005 00005 00005 00005 00005
00005 00005 00005 00005 00005 00005 00005 00005 00005 00005 00005 00005 00005 00005 00005 00005
00005 00005 00005 00005 00005 00005 00005 00005 00005 00005 00005 00005 00005 00005 00005 00005
00005 00005 00005 00005 00005 00005 00005 00005 00005 00005 00005 00005 00005 00005 00005 00005
00005 00005 00005 00005 00005 00005 00005 00005 00005 00005 00005 00005 00005 00005 00005 00005
00005 00005 00005 00005 00005 00005 00005 00005 00005 00005 00005 00005 00005 00005 00005 00005
00005 00005 00005 00005 00005 00005 00005 00005 00005 00005 00005 00005 00005 00005 00005 00005
00005 00005 00005 00005 00005 00005 00005 00005 00005 00005 00005 00005 00005 00005 00005 00005
00005 00005 00005 00005 00005 00005 00005 00005 00005 00005 00005 00005 00005 00005 00005 00005
00005 00005 00005 00005 00005 00005 00005 00005 00005 00005 00005 00005 00005 00005 00005 00005
00005 00005 00005 00005 00005 00005 00005 00005 00005 00005 00005 00005 00005 00005 00005 00005
00005 00005 00005 00005 00005 00005 00005 00005 00005 00005 00005 00005 00005 00005 00005 00005
00005 00005 00005 00005 00005 00005 00005 00005 00005 00005 00005 00005 00005 00005 00005 00005
00005 00005 00005 00005 00005 00005 00005 00005 00005 00005 00005 00005 00005 00005 00005 00005
00005 00005 00005 00005 00005 00005 00005 00005 00005 00005 00005 00005 00005 00005 00005 00005
00005 00005 00005 00005 00005 00005 00005 00005 00005 00005 00005 00005 00005 00005 00005 00005
00005 00005 00005 00005 00005 00005 00005 00005 00005 00005 00005 00005 00005 00005 00005 00005
00005 00005 00005 00005 00005 00005 00005 00005 00005 00005 00005 00005 00005 00005 00005 00005
00005 00005 00005 00005 00005 00005 00005 00005 00005 00005 00005 00005 00005 00005 00005 00005
00005 00005 00005 00005 00005 00005 00005 00005 00005 00005 00005 00005 00005 00005 00005 00005
00005 00005 00005 00005 00005 00005 00005 00005 00005 00005 00005 00005 00005 00005 00005 00005
00005 00005 00005 00005 00005 00005 00005 00005 00005 00005 00005 00005 00005 00005 00005 00005
00005 00005 00005 00005 00005 00005 00005 00005 00005 00005 00005 00005 00005 00005 00005 00005
00005 00005 00005 00005 00005 00005 00005 00005 00005 00005 00005 00005 00005 00005 00005 00005
00005 00005 00005 00005 00005 00005 00005 00005 00005 00005 00005 00005 00005 00005 00005 00005
00005 00005 00005 00005 00005 00005 00005 00005 00005 00005 00005 00005 00005 00005 00005 00005
00005 00005 00005 00005 00005 00005 00005 00005 00005 00005 00005 00005 00005 00005 00005 00005
00005 00005 00005 00005 00005 00005 00005 00005 00005 00005 00005 00005 00005 00005 00005 00005
00005 00005 00005 00005 00005 00005 00005 00005 00005 00005 00005 00005 00005 00005 00005 00005
00005 00005 00005 00005 00005 00005 00005 00005 00005 00005 00005 00005 00005 00005 00005 00005
00005 00005 00005 00005 00005 00005 00005 00005 00005 00005 00005 00005 00005 00005 00005 00005
00005 00005 00005 00005 00005 00005 00005 00005 00005 00005 00005 00005 00005 00005 00005 00005
00005 00005 00005 00005 00005 00005 00005 00005 00005 00005 00005 00005 00005 00005 00005 00005
00005 00005 00005 00005 00005 00005 00005 00005 00005 00005 00005 00005 00005 00005 00005 00005
00005 00005 00005 00005 00005 00005 00005 00005 00005 00005 00005 00005 00005 00005 00005 00005
00005 00005 00005 00005 00005 00005 00005 00005 00005 00005 00005 00005 00005 00005 00005 00005
00005 00005 00005 00005 00005 00005 00005 00005 00005 00005 00005 00005 00005 00005 00005 00005
00005 00005 00005 00005 00005 00005 00005 00005 00005 00005 00005 00005 00005 00005 00005 00005
00005 00005 00005 00005 00005 00005 00005 00005 00005 00005 00005 00005 00005 00005 00005 00005
00005 00005 00005 00005 00005 00005 00005 00005 00005 00005 00005 00005 00005 00005 00005 00005
00005 00005 00005 00005 00005 00005 00005 00005 00005 00005 00005 00005 00005 00005 00005 00005
00005 00005 00005 00005 00005 00005 00005 00005 00005 00005 00005 00005 00005 00005 00005 00005
00005 00005 00005 00005 00005 00005 00005 00005 00005 00005 00005 00005 00005 00005 00005 00005
00005 00005 00005 00005 00005 00005 00005 00005 00005 00005 00005 00005 00005 00005 00005 00005
00005 00005 00005 00005 00005 00005 00005 00005 00005 00005 00005 00005 00005 00005 00005 00005
00005 00005 00005 00005 00005 00005 00005 00005 00005 00005 00005 00005 00005 00005 00005 00005
00005 00005 00005 00005 00005 00005 00005 00005 00005 00005 00005 00005 00005 00005 00005 00005
00005 00005 00005 00005 00005 00005 00005 00005 00005 00005 00005 00005 00005 00005 00005 00005
00005 00005 00005 00005 00005 00005 00005 00005 00005 00005 00005 00005 00005 00005 00005 00005
00005 00005 00005 00005 00005 00005 00005 00005 00005 00005 00005 00005 00005 00005 00005 00005
00005 00005 00005 00005 00005 00005 00005 00005 00005 00005 00005 00005 00005 00005 00005 00005
00005 00005 00005 00005 00005 00005 00005 00005 00005 00005 00005 00005 00005 00005 00005 00005
00005 00005 00005 00005 00005 00005 00005 00005 00005 00005 00005 00005 00005 00005 00005 00005
00005 00005 00005 00005 00005 00005 00005 00005 00005 00005 00005 00005 00005 00005 00005 00005
00005 00005 00005 00005 00005 00005 00005 00005 00005 00005 00005 00005 00005 00005 00005 00005
00005 00005 00005 00005 00005 00005 00005 00005 00005 00005 00005 00005 00005 00005 00005 00005
00005 00005 00005 00005 00005 00005 00005 00005 00005 00005 00005 00005 00005 00005 00005 00005
00005 00005 00005 00005 00005 00005 00005 00005 00005 00005 00005 00005 00005 00005 00005 00005
00005 00005 00005 00005 00005 00005 00005 00005 00005 00005 00005 00005 00005 00005 00005 00005
00005 00005 00005 00005 00005 00005 00005 00005 00005 00005 00005 00005 00005 00005 00005 00005
00005 00005 00005 00005 00005 00005 00005 00005 00005 00005 00005 00005 00005 00005 00005 00005
00005 00005 00005 00005 00005 00005 00005 00005 00005 00005 00005 00005 00005 00005 00005 00005
00005 00005 00005 00005 00005 00005 00005 00005 00005 00005 00005 00005 00005 00005 00005 00005
00005 00005 00005 00005 00005 00005 00005 00005 00005 00005 00005 00005 00005 00005 00005 00005
00005 00005 00005 00005 00005 00005 00005 00005 00005 00005 00005 00005 00005 00005 00005 00005
00005 00005 00005 00005 00005 00005 00005 00005 00005 00005 00005 00005 00005 00005 00005 00005
00005 00005 00005 00005 00005 00005 00005 00005 00005 00005 00005 00005 00005 00005 00005 00005
00005 00005 00005 00005 00005 00005 00005 00005 00005 00005 00005 00005 00005 00005 00005 00005
00005 00005 00005 00005 00005 00005 00005 00005 00005 00005 00005 00005 00005 00005 00005 00005
00005 00005 00005 00005 00005 00005 00005 00005 00005 00005 00005 00005 00005 00005 00005 00005
00005 00005 00005 00005 00005 00005 00005 00005 00005 00005 00005 00005 00005 00005 00005 00005
00005 00005 00005 00005 00005 00005 00005 00005 00005 00005 00005 00005 00005 00005 00005 00005
00005 00005 00005 00005 00005 00005 00005 00005 00005 00005 00005 00005 00005 00005 00005 00005
00005 00005 00005 00005 00005 00005 00005 00005 00005 00005 00005 00005 00005 00005 00005 00005
00005 00005 00005 00005 00005 00005 00005 00005 00005 00005 00005 00005 00005 00005 00005 00005
00005 00005 00005 00005 00005 00005 00005 00005 00005 00005 00005 00005 00005 00005 00005 00005
00005 00005 00005 00005 00005 00005 00005 00005 00005 00005 00005 00005 00005 00005 00005 00005
00005 00005 00005 00005 00005 00005 00005 00005 00005 00005 00005 00005 00005 00005 00005 00005
00005 00005 00005 00005 00005 00005 00005 00005 00005 00005 00005 00005 00005 00005 00005 00005
00005 00005 00005 00005 00005 00005 00005 00005 00005 00005 00005 00005 00005 00005 00005 00005
00005 00005 00005 00005 00005 00005 00005 00005 00005 00005 00005 00005 00005 00005 00005 00005
00005 00005 00005 00005 00005 00005 00005 00005 00005 00005 00005 00005 00005 00005 00005 00005
00005 00005 00005 00005 00005 00005 00005 00005 00005 00005 00005 00005 00005 00005 00005 00005
00005 00005 00005 00005 00005 00005 00005 00005 00005 00005 00005 00005 00005 00005 00005 00005
00005 00005 00005 00005 00005 00005 00005 00005 00005 00005 00005 00005 00005 00005 00005 00005
00005 00005 00005 00005 00005 00005 00005 00005 00005 00005 00005 00005 00005 00005 00005 00005
00005 00005 00005 00005 00005 00005 00005 00005 00005 00005 00005 00005 00005 00005 00005 00005
00005 00005 00005 00005 00005 00005 00005 00005 00005 00005 00005 00005 00005 00005 00005 00005
00005 00005 00005 00005 00005 00005 00005 00005 00005 00005 00005 00005 00005 00005 00005 00005
00005 00005 00005 00005 00005 00005 00005 00005 00005 00005 00005 00005 00005 00005 00005 00005
00005 00005 00005 00005 00005 00005 00005 00005 00005 00005 00005 00005 00005 00005 00005 00005
00005 00005 00005 00005 00005 00005 00005 00005 00005 00005 00005 00005 00005 00005 00005 00005
00005 00005 00005 00005 00005 00005 00005 00005 00005 00005 00005 00005 00005 00005 00005 00005
00005 00005 00005 00005 00005 00005 00005 00005 00005 00005 00005 00005 00005 00005 00005 00005
00005 00005 00005 00005 00005 00005 00005 00005 00005 00005 00005 00005 00005 00005 00005 00005
00005 00005 00005 00005 00005 00005 00005 00005 00005 00005 00005 00005 00005 00005 00005 00005
00005 00005 00005 00005 00005 00005 00005 00005 00005 00005 00005 00005 00005 00005 00005 00005
00005 00005 00005 00005 00005 00005 00005 00005 00005 00005 00005 00005 00005 00005 00005 00005
00005 00005 00005 00005 00005 00005 00005 00005 00005 00005 00005 00005 00005 00005 00005 00005
00005 00005 00005 00005 00005 00005 00005 00005 00005 00005 00005 00005 00005 00005 00005 00005
00005 00005 00005 00005 00005 00005 00005 00005 00005 00005 00005 00005 00005 00005 00005 00005
00005 00005 00005 00005 00005 00005 00005 00005 00005 00005 00005 00005 00005 00005 00005 00005
00005 00005 00005 00005 00005 00005 00005 00005 00005 00005 00005 00005 00005 00005 00005 00005
00005 00005 00005 00005 00005 00005 00005 00005 00005 00005 00005 00005 00005 00005 00005 00005
00005 00005 00005 00005 00005 00005 00005 00005 00005 00005 00005 00005 00005 00005 00005 00005
00005 00005 00005 00005 00005 00005 00005 00005 00005 00005 00005 00005 00005 00005 00005 00005
00005 00005 00005 00005 00005 00005 00005 00005 00005 00005 00005 00005 00005 00005 00005 00005
00005 00005 00005 00005 00005 00005 00005 00005 00005 00005 00005 00005 00005 00005 00005 00005
00005 00005 00005 00005 00005 00005 00005 00005 00005 00005 00005 00005 00005 00005 00005 00005
00005 00005 00005 00005 00005 00005 00005 00005 00005 00005 00005 00005 00005 00005 00005 00005
00005 00005 00005 00005 00005 00005 00005 00005 00005 00005 00005 00005 00005 00005 00005 00005
00005 00005 00005 00005 00005 00005 00005 00005 00005 00005 00005 00005 00005 00005 00005 00005
00005 00005 00005 00005 00005 00005 00005 00005 00005 00005 00005 00005 00005 00005 00005 00005
00005 00005 00005 00005 00005 00005 00005 00005 00005 00005 00005 00005 00005 00005 00005 00005
00005 00005 00005 00005 00005 00005 00005 00005 00005 00005 00005 00005 00005 00005 00005 00005
00005 00005 00005 00005 00005 00005 00005 00005 00005 00005 00005 00005 00005 00005 00005 00005
00005 00005 00005 00005 00005 00005 00005 00005 00005 00005 00005 00005 00005 00005 00005 00005
00005 00005 00005 00005 00005 00005 00005 00005 00005 00005 00005 00005 00005 00005 00005 00005
00005 00005 00005 00005 00005 00005 00005 00005 00005 00005 00005 00005 00005 00005 00005 00005
00005 00005 00005 00005 00005 00005 00005 00005 00005 00005 00005 00005 00005 00005 00005 00005
00005 00005 00005 00005 00005 00005 00005 00005 00005 00005 00005 00005 00005 00005 00005 00005
00005 00005 00005 00005 00005 00005 00005 00005 00005 00005 00005 00005 00005 00005 00005 00005
00005 00005 00005 00005 00005 00005 00005 00005 00005 00005 00005 00005 00005 00005 00005 00005
00005 00005 00005 00005 00005 00005 00005 00005 00005 00005 00005 00005 00005 00005 00005 00005
00005 00005 00005 00005 00005 00005 00005 00005 00005 00005 00005 00005 00005 00005 00005 00005
00005 00005 00005 00005 00005 00005 00005 00005 00005 00005 00005 00005 00005 00005 00005 00005
00005 00005 00005 00005 00005 00005 00005 00005 00005 00005 00005 00005 00005 00005 00005 00005
00005 00005 00005 00005 00005 00005 00005 00005 00005 00005 00005 00005 00005 00005 00005 00005
00005 00005 00005 00005 00005 00005 00005 00005 00005 00005 00005 00005 00005 00005 00005 00005
00005 00005 00005 00005 00005 00005 00005 00005 00005 00005 00005 00005 00005 00005 00005 00005
00005 00005 00005 00005 00005 00005 00005 00005 00005 00005 00005 00005 00005 00005 00005 00005
00005 00005 00005 00005 00005 00005 00005 00005 00005 00005 00005 00005 00005 00005 00005 00005
00005 00005 00005 00005 00005 00005 00005 00005 00005 00005 00005 00005 00005 00005 00005 00005
00005 00005 00005 00005 00005 00005 00005 00005 00005 00005 00005 00005 00005 00005 00005 00005
00005 00005 00005 00005 00005 00005 00005 00005 00005 00005 00005 00005 00005 00005 00005 00005
00005 00005 00005 00005 00005 00005 00005 00005 00005 00005 00005 00005 00005 00005 00005 00005
00005 00005 00005 00005 00005 00005 00005 00005 00005 00005 00005 00005 00005 00005 00005 00005
00005 00005 00005 00005 00005 00005 00005 00005 00005 00005 00005 00005 00005 00005 00005 00005
00005 00005 00005 00005 00005 00005 00005 00005 00005 00005 00005 00005 00005 00005 00005 00005
00005 00005 00005 00005 00005 00005 00005 00005 00005 00005 00005 00005 00005 00005 00005 00005
00005 00005 00005 00005 00005 00005 00005 00005 00005 00005 00005 00005 00005 00005 00005 00005
00005 00005 00005 00005 00005 00005 00005 00005 00005 00005 00005 00005 00005 00005 00005 00005
00005 00005 00005 00005 00005 00005 00005 00005 00005 00005 00005 00005 00005 00005 00005 00005
00005 00005 00005 00005 00005 00005 00005 00005 00005 00005 00005 00005 00005 00005 00005 00005
00005 00005 00005 00005 00005 00005 00005 00005 00005 00005 00005 00005 00005 00005 00005 00005
00005 00005 00005 00005 00005 00005 00005 00005 00005 00005 00005 00005 00005 00005 00005 00005
00005 00005 00005 00005 00005 00005 00005 00005 00005 00005 00005 00005 00005 00005 00005 00005
00005 00005 00005 00005 00005 00005 00005 00005 00005 00005 00005 00005 00005 00005 00005 00005
00005 00005 00005 00005 00005 00005 00005 00005 00005 00005 00005 00005 00005 00005 00005 00005
00005 00005 00005 00005 00005 00005 00005 00005 00005 00005 00005 00005 00005 00005 00005 00005
00005 00005 00005 00005 00005 00005 00005 00005 00005 00005 00005 00005 00005 00005 00005 00005
00005 00005 00005 00005 00005 00005 00005 00005 00005 00005 00005 00005 00005 00005 00005 00005
00005 00005 00005 00005 00005 00005 00005 00005 00005 00005 00005 00005 00005 00005 00005 00005
00005 00005 00005 00005 00005 00005 00005 00005 00005 00005 00005 00005 00005 00005 00005 00005
00005 00005 00005 00005 00005 00005 00005 00005 00005 00005 00005 00005 00005 00005 00005 00005
00005 00005 00005 00005 00005 00005 00005 00005 00005 00005 00005 00005 00005 00005 00005 00005
00005 00005 00005 00005 00005 00005 00005 00005 00005 00005 00005 00005 00005 00005 00005 00005
00005 00005 00005 00005 00005 00005 00005 00005 00005 00005 00005 00005 00005 00005 00005 00005
00005 00005 00005 00005 00005 00005 00005 00005 00005 00005 00005 00005 00005 00005 00005 00005
00005 00005 00005 00005 00005 00005 00005 00005 00005 00005 00005 00005 00005 00005 00005 00005
00005 00005 00005 00005 00005 00005 00005 00005 00005 00005 00005 00005 00005 00005 00005 00005
00005 00005 00005 00005 00005 00005 00005 00005 00005 00005 00005 00005 00005 00005 00005 00005
00005 00005 00005 00005 00005 00005 00005 00005 00005 00005 00005 00005 00005 00005 00005 00005
00005 00005 00005 00005 00005 00005 00005 00005 00005 00005 00005 00005 00005 00005 00005 00005
00005 00005 00005 00005 00005 00005 00005 00005 00005 00005 00005 00005 00005 00005 00005 00005
00005 00005 00005 00005 00005 00005 00005 00005 00005 00005 00005 00005 00005 00005 00005 00005
00005 00005 00005 00005 00005 00005 00005 00005 00005 00005 00005 00005 00005 00005 00005 00005
00005 00005 00005 00005 00005 00005 00005 00005 00005 00005 00005 00005 00005 00005 00005 00005
00005 00005 00005 00005 00005 00005 00005 00005 00005 00005 00005 00005 00005 00005 00005 00005
00005 00005 00005 00005 00005 00005 00005 00005 00005 00005 00005 00005 00005 00005 00005 00005
00005 00005 00005 00005 00005 00005 00005 00005 00005 00005 00005 00005 00005 00005 00005 00005
00005 00005 00005 00005 00005 00005 00005 00005 00005 00005 00005 00005 00005 00005 00005 00005
00005 00005 00005 00005 00005 00005 00005 00005 00005 00005 00005 00005 00005 00005 00005 00005
00005 00005 00005 00005 00005 00005 00005 00005 00005 00005 00005 00005 00005 00005 00005 00005
00005 00005 00005 00005 00005 00005 00005 00005 00005 00005 00005 00005 00005 00005 00005 00005
00005 00005 00005 00005 00005 00005 00005 00005 00005 00005 00005 00005 00005 00005 00005 00005
00005 00005 00005 00005 00005 00005 00005 00005 00005 00005 00005 00005 00005 00005 00005 00005
00005 00005 00005 00005 00005 00005 00005 00005 00005 00005 00005 00005 00005 00005 00005 00005
00005 00005 00005 00005 00005 00005 00005 00005 00005 00005 00005 00005 00005 00005 00005 00005
00005 00005 00005 00005 00005 00005 00005 00005 00005 00005 00005 00005 00005 00005 00005 00005
00005 00005 00005 00005 00005 00005 00005 00005 00005 00005 00005 00005 00005 00005 00005 00005
00005 00005 00005 00005 00005 00005 00005 00005 00005 00005 00005 00005 00005 00005 00005 00005
00005 00005 00005 00005 00005 00005 00005 00005 00005 00005 00005 00005 00005 00005 00005 00005
00005 00005 00005 00005 00005 00005 00005 00005 00005 00005 00005 00005 00005 00005 00005 00005
00005 00005 00005 00005 00005 00005 00005 00005 00005 00005 00005 00005 00005 00005 00005 00005
00005 00005 00005 00005 00005 00005 00005 00005 00005 00005 00005 00005 00005 00005 00005 00005
00005 00005 00005 00005 00005 00005 00005 00005 00005 00005 00005 00005 00005 00005 00005 00005
00005 00005 00005 00005 00005 00005 00005 00005 00005 00005 00005 00005 00005 00005 00005 00005
00005 00005 00005 00005 00005 00005 00005 00005 00005 00005 00005 00005 00005 00005 00005 00005
00005 00005 00005 00005 00005 00005 00005 00005 00005 00005 00005 00005 00005 00005 00005 00005
00005 00005 00005 00005 00005 00005 00005 00005 00005 00005 00005 00005 00005 00005 00005 00005
00005 00005 00005 00005 00005 00005 00005 00005 00005 00005 00005 00005 00005 00005 00005 00005
00005 00005 00005 00005 00005 00005 00005 00005 00005 00005 00005 00005 00005 00005 00005 00005
00005 00005 00005 00005 00005 00005 00005 00005 00005 00005 00005 00005 00005 00005 00005 00005
00005 00005 00005 00005 00005 00005 00005 00005 00005 00005 00005 00005 00005 00005 00005 00005
00005 00005 00005 00005 00005 00005 00005 00005 00005 00005 00005 00005 00005 00005 00005 00005
00005 00005 00005 00005 00005 00005 00005 00005 00005 00005 00005 00005 00005 00005 00005 00005
00005 00005 00005 00005 00005 00005 00005 00005 00005 00005 00005 00005 00005 00005 00005 00005
00005 00005 00005 00005 00005 00005 00005 00005 00005 00005 00005 00005 00005 00005 00005 00005
00005 00005 00005 00005 00005 00005 00005 00005 00005 00005 00005 00005 00005 00005 00005 00005
00005 00005 00005 00005 00005 00005 00005 00005 00005 00005 00005 00005 00005 00005 00005 00005
00005 00005 00005 00005 00005 00005 00005 00005 00005 00005 00005 00005 00005 00005 00005 00005
00005 00005 00005 00005 00005 00005 00005 00005 00005 00005 00005 00005 00005 00005 00005 00005
00005 00005 00005 00005 00005 00005 00005 00005 00005 00005 00005 00005 00005 00005 00005 00005
00005 00005 00005 00005 00005 00005 00005 00005 00005 00005 00005 00005 00005 00005 00005 00005
00005 00005 00005 00005 00005 00005 00005 00005 00005 00005 00005 00005 00005 00005 00005 00005
00005 00005 00005 00005 00005 00005 00005 00005 00005 00005 00005 00005 00005 00005 00005 00005
00005 00005 00005 00005 00005 00005 00005 00005 00005 00005 00005 00005 00005 00005 00005 00005
00005 00005 00005 00005 00005 00005 00005 00005 00005 00005 00005 00005 00005 00005 00005 00005
00005 00005 00005 00005 00005 00005 00005 00005 00005 00005 00005 00005 00005 00005 00005 00005
00005 00005 00005 00005 00005 00005 00005 00005 00005 00005 00005 00005 00005 00005 00005 00005
00005 00005 00005 00005 00005 00005 00005 00005 00005 00005 00005 00005 00005 00005 00005 00005
00005 00005 00005 00005 00005 00005 00005 00005 00005 00005 00005 00005 00005 00005 00005 00005
00005 00005 00005 00005 00005 00005 00005 00005 00005 00005 00005 00005 00005 00005 00005 00005
00005 00005 00005 00005 00005 00005 00005 00005 00005 00005 00005 00005 00005 00005 00005 00005
00005 00005 00005 00005 00005 00005 00005 00005 00005 00005 00005 00005 00005 00005 00005 00005
00005 00005 00005 00005 00005 00005 00005 00005 00005 00005 00005 00005 00005 00005 00005 00005
00005 00005 00005 00005 00005 00005 00005 00005 00005 00005 00005 00005 00005 00005 00005 00005
00005 00005 00005 00005 00005 00005 00005 00005 00005 00005 00005 00005 00005 00005 00005 00005
00005 00005 00005 00005 00005 00005 00005 00005 00005 00005 00005 00005 00005 00005 00005 00005
00005 00005 00005 00005 00005 00005 00005 00005 00005 00005 00005 00005 00005 00005 00005 00005
00005 00005 00005 00005 00005 00005 00005 00005 00005 00005 00005 00005 00005 00005 00005 00005
00005 00005 00005 00005 00005 00005 00005 00005 00005 00005 00005 00005 00005 00005 00005 00005
00005 00005 00005 00005 00005 00005 00005 00005 00005 00005 00005 00005 00005 00005 00005 00005
00005 00005 00005 00005 00005 00005 00005 00005 00005 00005 00005 00005 00005 00005 00005 00005
00005 00005 00005 00005 00005 00005 00005 00005 00005 00005 00005 00005 00005 00005 00005 00005
00005 00005 00005 00005 00005 00005 00005 00005 00005 00005 00005 00005 00005 00005 00005 00005
00005 00005 00005 00005 00005 00005 00005 00005 00005 00005 00005 00005 00005 00005 00005 00005
00005 00005 00005 00005 00005 00005 00005 00005 00005 00005 00005 00005 00005 00005 00005 00005
00005 00005 00005 00005 00005 00005 00005 00005 00005 00005 00005 00005 00005 00005 00005 00005
00005 00005 00005 00005 00005 00005 00005 00005 00005 00005 00005 00005 00005 00005 00005 00005
00005 00005 00005 00005 00005 00005 00005 00005 00005 00005 00005 00005 00005 00005 00005 00005
00005 00005 00005 00005 00005 00005 00005 00005 00005 00005 00005 00005 00005 00005 00005 00005
00005 00005 00005 00005 00005 00005 00005 00005 00005 00005 00005 00005 00005 00005 00005 00005
00005 00005 00005 00005 00005 00005 00005 00005 00005 00005 00005 00005 00005 00005 00005 00005
00005 00005 00005 00005 00005 00005 00005 00005 00005 00005 00005 00005 00005 00005 00005 00005
00005 00005 00005 00005 00005 00005 00005 00005 00005 00005 00005 00005 00005 00005 00005 00005
00005 00005 00005 00005 00005 00005 00005 00005 00005 00005 00005 00005 00005 00005 00005 00005
00005 00005 00005 00005 00005 00005 00005 00005 00005 00005 00005 00005 00005 00005 00005 00005
00005 00005 00005 00005 00005 00005 00005 00005 00005 00005 00005 00005 00005 00005 00005 00005
00005 00005 00005 00005 00005 00005 00005 00005 00005 00005 00005 00005 00005 00005 00005 00005
00005 00005 00005 00005 00005 00005 00005 00005 00005 00005 00005 00005 00005 00005 00005 00005
00005 00005 00005 00005 00005 00005 00005 00005 00005 00005 00005 00005 00005 00005 00005 00005
00005 00005 00005 00005 00005 00005 00005 00005 00005 00005 00005 00005 00005 00005 00005 00005
00005 00005 00005 00005 00005 00005 00005 00005 00005 00005 00005 00005 00005 00005 00005 00005
00005 00005 00005 00005 00005 00005 00005 00005 00005 00005 00005 00005 00005 00005 00005 00005
00005 00005 00005 00005 00005 00005 00005 00005 00005 00005 00005 00005 00005 00005 00005 00005
00005 00005 00005 00005 00005 00005 00005 00005 00005 00005 00005 00005 00005 00005 00005 00005
00005 00005 00005 00005 00005 00005 00005 00005 00005 00005 00005 00005 00005 00005 00005 00005
00005 00005 00005 00005 00005 00005 00005 00005 00005 00005 00005 00005 00005 00005 00005 00005
00005 00005 00005 00005 00005 00005 00005 00005 00005 00005 00005 00005 00005 00005 00005 00005
00005 00005 00005 00005 00005 00005 00005 00005 00005 00005 00005 00005 00005 00005 00005 00005
00005 00005 00005 00005 00005 00005 00005 00005 00005 00005 00005 00005 00005 00005 00005 00005
00005 00005 00005 00005 00005 00005 00005 00005 00005 00005 00005 00005 00005 00005 00005 00005
00005 00005 00005 00005 00005 00005 00005 00005 00005 00005 00005 00005 00005 00005 00005 00005
00005 00005 00005 00005 00005 00005 00005 00005 00005 00005 00005 00005 00005 00005 00005 00005
00005 00005 00005 00005 00005 00005 00005 00005 00005 00005 00005 00005 00005 00005 00005 00005
00005 00005 00005 00005 00005 00005 00005 00005 00005 00005 00005 00005 00005 00005 00005 00005
00005 00005 00005 00005 00005 00005 00005 00005 00005 00005 00005 00005 00005 00005 00005 00005
00005 00005 00005 00005 00005 00005 00005 00005 00005 00005 00005 00005 00005 00005 00005 00005
00005 00005 00005 00005 00005 00005 00005 00005 00005 00005 00005 00005 00005 00005 00005 00005
00005 00005 00005 00005 00005 00005 00005 00005 00005 00005 00005 00005 00005 00005 00005 00005
00005 00005 00005 00005 00005 00005 00005 00005 00005 00005 00005 00005 00005 00005 00005 00005
00005 00005 00005 00005 00005 00005 00005 00005 00005 00005 00005 00005 00005 00005 00005 00005
00005 00005 00005 00005 00005 00005 00005 00005 00005 00005 00005 00005 00005 00005 00005 00005
00005 00005 00005 00005 00005 00005 00005 00005 00005 00005 00005 00005 00005 00005 00005 00005
00005 00005 00005 00005 00005 00005 00005 00005 00005 00005 00005 00005 00005 00005 00005 00005
00005 00005 00005 00005 00005 00005 00005 00005 00005 00005 00005 00005 00005 00005 00005 00005
00005 00005 00005 00005 00005 00005 00005 00005 00005 00005 00005 00005 00005 00005 00005 00005
00005 00005 00005 00005 00005 00005 00005 00005 00005 00005 00005 00005 00005 00005 00005 00005
00005 00005 00005 00005 00005 00005 00005 00005 00005 00005 00005 00005 00005 00005 00005 00005
00005 00005 00005 00005 00005 00005 00005 00005 00005 00005 00005 00005 00005 00005 00005 00005
00005 00005 00005 00005 00005 00005 00005 00005 00005 00005 00005 00005 00005 00005 00005 00005
00005 00005 00005 00005 00005 00005 00005 00005 00005 00005 00005 00005 00005 00005 00005 00005
00005 00005 00005 00005 00005 00005 00005 00005 00005 00005 00005 00005 00005 00005 00005 00005
00005 00005 00005 00005 00005 00005 00005 00005 00005 00005 00005 00005 00005 00005 00005 00005
00005 00005 00005 00005 00005 00005 00005 00005 00005 00005 00005 00005 00005 00005 00005 00005
00005 00005 00005 00005 00005 00005 00005 00005 00005 00005 00005 00005 00005 00005 00005 00005
00005 00005 00005 00005 00005 00005 00005 00005 00005 00005 00005 00005 00005 00005 00005 00005
00005 00005 00005 00005 00005 00005 00005 00005 00005 00005 00005 00005 00005 00005 00005 00005
00005 00005 00005 00005 00005 00005 00005 00005 00005 00005 00005 00005 00005 00005 00005 00005
00005 00005 00005 00005 00005 00005 00005 00005 00005 00005 00005 00005 00005 00005 00005 00005
00005 00005 00005 00005 00005 00005 00005 00005 00005 00005 00005 00005 00005 00005 00005 00005
00005 00005 00005 00005 00005 00005 00005 00005 00005 00005 00005 00005 00005 00005 00005 00005
00005 00005 00005 00005 00005 00005 00005 00005 00005 00005 00005 00005 00005 00005 00005 00005
00005 00005 00005 00005 00005 00005 00005 00005 00005 00005 00005 00005 00005 00005 00005 00005
00005 00005 00005 00005 00005 00005 00005 00005 00005 00005 00005 00005 00005 00005 00005 00005
00005 00005 00005 00005 00005 00005 00005 00005 00005 00005 00005 00005 00005 00005 00005 00005
00005 00005 00005 00005 00005 00005 00005 00005 00005 00005 00005 00005 00005 00005 00005 00005
00005 00005 00005 00005 00005 00005 00005 00005 00005 00005 00005 00005 00005 00005 00005 00005
00005 00005 00005 00005 00005 00005 00005 00005 00005 00005 00005 00005 00005 00005 00005 00005
00005 00005 00005 00005 00005 00005 00005 00005 00005 00005 00005 00005 00005 00005 00005 00005
00005 00005 00005 00005 00005 00005 00005 00005 00005 00005 00005 00005 00005 00005 00005 00005
00005 00005 00005 00005 00005 00005 00005 00005 00005 00005 00005 00005 00005 00005 00005 00005
00005 00005 00005 00005 00005 00005 00005 00005 00005 00005 00005 00005 00005 00005 00005 00005
00005 00005 00005 00005 00005 00005 00005 00005 00005 00005 00005 00005 00005 00005 00005 00005
00005 00005 00005 00005 00005 00005 00005 00005 00005 00005 00005 00005 00005 00005 00005 00005
00005 00005 00005 00005 00005 00005 00005 00005 00005 00005 00005 00005 00005 00005 00005 00005
00005 00005 00005 00005 00005 00005 00005 00005 00005 00005 00005 00005 00005 00005 00005 00005
00005 00005 00005 00005 00005 00005 00005 00005 00005 00005 00005 00005 00005 00005 00005 00005
00005 00005 00005 00005 00005 00005 00005 00005 00005 00005 00005 00005 00005 00005 00005 00005
00005 00005 00005 00005 00005 00005 00005 00005 00005 00005 00005 00005 00005 00005 00005 00005
00005 00005 00005 00005 00005 00005 00005 00005 00005 00005 00005 00005 00005 00005 00005 00005
00005 00005 00005 00005 00005 00005 00005 00005 00005 00005 00005 00005 00005 00005 00005 00005
00005 00005 00005 00005 00005 00005 00005 00005 00005 00005 00005 00005 00005 00005 00005 00005
00005 00005 00005 00005 00005 00005 00005 00005 00005 00005 00005 00005 00005 00005 00005 00005
00005 00005 00005 00005 00005 00005 00005 00005 00005 00005 00005 00005 00005 00005 00005 00005
00005 00005 00005 00005 00005 00005 00005 00005 00005 00005 00005 00005 00005 00005 00005 00005
00005 00005 00005 00005 00005 00005 00005 00005 00005 00005 00005 00005 00005 00005 00005 00005
00005 00005 00005 00005 00005 00005 00005 00005 00005 00005 00005 00005 00005 00005 00005 00005
00005 00005 00005 00005 00005 00005 00005 00005 00005 00005 00005 00005 00005 00005 00005 00005
00005 00005 00005 00005 00005 00005 00005 00005 00005 00005 00005 00005 00005 00005 00005 00005
00005 00005 00005 00005 00005 00005 00005 00005 00005 00005 00005 00005 00005 00005 00005 00005
00005 00005 00005 00005 00005 00005 00005 00005 00005 00005 00005 00005 00005 00005 00005 00005
00005 00005 00005 00005 00005 00005 00005 00005 00005 00005 00005 00005 00005 00005 00005 00005
00005 00005 00005 00005 00005 00005 00005 00005 00005 00005 00005 00005 00005 00005 00005 00005
00005 00005 00005 00005 00005 00005 00005 00005 00005 00005 00005 00005 00005 00005 00005 00005
00005 00005 00005 00005 00005 00005 00005 00005 00005 00005 00005 00005 00005 00005 00005 00005
00005 00005 00005 00005 00005 00005 00005 00005 00005 00005 00005 00005 00005 00005 00005 00005
00005 00005 00005 00005 00005 00005 00005 00005 00005 00005 00005 00005 00005 00005 00005 00005
00005 00005 00005 00005 00005 00005 00005 00005 00005 00005 00005 00005 00005 00005 00005 00005
00005 00005 00005 00005 00005 00005 00005 00005 00005 00005 00005 00005 00005 00005 00005 00005
00005 00005 00005 00005 00005 00005 00005 00005 00005 00005 00005 00005 00005 00005 00005 00005
00005 00005 00005 00005 00005 00005 00005 00005 00005 00005 00005 00005 00005 00005 00005 00005
00005 00005 00005 00005 00005 00005 00005 00005 00005 00005 00005 00005 00005 00005 00005 00005
00005 00005 00005 00005 00005 00005 00005 00005 00005 00005 00005 00005 00005 00005 00005 00005
00005 00005 00005 00005 00005 00005 00005 00005 00005 00005 00005 00005 00005 00005 00005 00005
00005 00005 00005 00005 00005 00005 00005 00005 00005 00005 00005 00005 00005 00005 00005 00005
00005 00005 00005 00005 00005 00005 00005 00005 00005 00005 00005 00005 00005 00005 00005 00005
00005 00005 00005 00005 00005 00005 00005 00005 00005 00005 00005 00005 00005 00005 00005 00005
00005 00005 00005 00005 00005 00005 00005 00005 00005 00005 00005 00005 00005 00005 00005 00005
00005 00005 00005 00005 00005 00005 00005 00005 00005 00005 00005 00005 00005 00005 00005 00005
00005 00005 00005 00005 00005 00005 00005 00005 00005 00005 00005 00005 00005 00005 00005 00005
00005 00005 00005 00005 00005 00005 00005 00005 00005 00005 00005 00005 00005 00005 00005 00005
00005 00005 00005 00005 00005 00005 00005 00005 00005 00005 00005 00005 00005 00005 00005 00005
00005 00005 00005 00005 00005 00005 00005 00005 00005 00005 00005 00005 00005 00005 00005 00005
00005 00005 00005 00005 00005 00005 00005 00005 00005 00005 00005 00005 00005 00005 00005 00005
00005 00005 00005 00005 00005 00005 00005 00005 00005 00005 00005 00005 00005 00005 00005 00005
00005 00005 00005 00005 00005 00005 00005 00005 00005 00005 00005 00005 00005 00005 00005 00005
00005 00005 00005 00005 00005 00005 00005 00005 00005 00005 00005 00005 00005 00005 00005 00005
00005 00005 00005 00005 00005 00005 00005 00005 00005 00005 00005 00005 00005 00005 00005 00005
00005 00005 00005 00005 00005 00005 00005 00005 00005 00005 00005 00005 00005 00005 00005 00005
00005 00005 00005 00005 00005 00005 00005 00005 00005 00005 00005 00005 00005 00005 00005 00005
00005 00005 00005 00005 00005 00005 00005 00005 00005 00005 00005 00005 00005 00005 00005 00005
00005 00005 00005 00005 00005 00005 00005 00005 00005 00005 00005 00005 00005 00005 00005 00005
00005 00005 00005 00005 00005 00005 00005 00005 00005 00005 00005 00005 00005 00005 00005 00005
00005 00005 00005 00005 00005 00005 00005 00005 00005 00005 00005 00005 00005 00005 00005 00005
00005 00005 00005 00005 00005 00005 00005 00005 00005 00005 00005 00005 00005 00005 00005 00005
00005 00005 00005 00005 00005 00005 00005 00005 00005 00005 00005 00005 00005 00005 00005 00005
00005 00005 00005 00005 00005 00005 00005 00005 00005 00005 00005 00005 00005 00005 00005 00005
00005 00005 00005 00005 00005 00005 00005 00005 00005 00005 00005 00005 00005 00005 00005 00005
00005 00005 00005 00005 00005 00005 00005 00005 00005 00005 00005 00005 00005 00005 00005 00005
00005 00005 00005 00005 00005 00005 00005 00005 00005 00005 00005 00005 00005 00005 00005 00005
00005 00005 00005 00005 00005 00005 00005 00005 00005 00005 00005 00005 00005 00005 00005 00005
00005 00005 00005 00005 00005 00005 00005 00005 00005 00005 00005 00005 00005 00005 00005 00005
00005 00005 00005 00005 00005 00005 00005 00005 00005 00005 00005 00005 00005 00005 00005 00005
00005 00005 00005 00005 00005 00005 00005 00005 00005 00005 00005 00005 00005 00005 00005 00005
00005 00005 00005 00005 00005 00005 00005 00005 00005 00005 00005 00005 00005 00005 00005 00005
00005 00005 00005 00005 00005 00005 00005 00005 00005 00005 00005 00005 00005 00005 00005 00005
00005 00005 00005 00005 00005 00005 00005 00005 00005 00005 00005 00005 00005 00005 00005 00005
00005 00005 00005 00005 00005 00005 00005 00005 00005 00005 00005 00005 00005 00005 00005 00005
00005 00005 00005 00005 00005 00005 00005 00005 00005 00005 00005 00005 00005 00005 00005 00005
00005 00005 00005 00005 00005 00005 00005 00005 00005 00005 00005 00005 00005 00005 00005 00005
00005 00005 00005 00005 00005 00005 00005 00005 00005 00005 00005 00005 00005 00005 00005 00005
00005 00005 00005 00005 00005 00005 00005 00005 00005 00005 00005 00005 00005 00005 00005 00005
00005 00005 00005 00005 00005 00005 00005 00005 00005 00005 00005 00005 00005 00005 00005 00005
00005 00005 00005 00005 00005 00005 00005 00005 00005 00005 00005 00005 00005 00005 00005 00005
00005 00005 00005 00005 00005 00005 00005 00005 00005 00005 00005 00005 00005 00005 00005 00005
00005 00005 00005 00005 00005 00005 00005 00005 00005 00005 00005 00005 00005 00005 00005 00005
00005 00005 00005 00005 00005 00005 00005 00005 00005 00005 00005 00005 00005 00005 00005 00005
00005 00005 00005 00005 00005 00005 00005 00005 00005 00005 00005 00005 00005 00005 00005 00005
00005 00005 00005 00005 00005 00005 00005 00005 00005 00005 00005 00005 00005 00005 00005 00005
00005 00005 00005 00005 00005 00005 00005 00005 00005 00005 00005 00005 00005 00005 00005 00005
00005 00005 00005 00005 00005 00005 00005 00005 00005 00005 00005 00005 00005 00005 00005 00005
00005 00005 00005 00005 00005 00005 00005 00005 00005 00005 00005 00005 00005 00005 00005 00005
00005 00005 00005 00005 00005 00005 00005 00005 00005 00005 00005 00005 00005 00005 00005 00005
00005 00005 00005 00005 00005 00005 00005 00005 00005 00005 00005 00005 00005 00005 00005 00005
00005 00005 00005 00005 00005 00005 00005 00005 00005 00005 00005 00005 00005 00005 00005 00005
00005 00005 00005 00005 00005 00005 00005 00005 00005 00005 00005 00005 00005 00005 00005 00005
00005 00005 00005 00005 00005 00005 00005 00005 00005 00005 00005 00005 00005 00005 00005 00005
00005 00005 00005 00005 00005 00005 00005 00005 00005 00005 00005 00005 00005 00005 00005 00005
00005 00005 00005 00005 00005 00005 00005 00005 00005 00005 00005 00005 00005 00005 00005 00005
00005 00005 00005 00005 00005 00005 00005 00005 00005 00005 00005 00005 00005 00005 00005 00005
00005 00005 00005 00005 00005 00005 00005 00005 00005 00005 00005 00005 00005 00005 00005 00005
00005 00005 00005 00005 00005 00005 00005 00005 00005 00005 00005 00005 00005 00005 00005 00005
00005 00005 00005 00005 00005 00005 00005 00005 00005 00005 00005 00005 00005 00005 00005 00005
00005 00005 00005 00005 00005 00005 00005 00005 00005 00005 00005 00005 00005 00005 00005 00005
00005 00005 00005 00005 00005 00005 00005 00005 00005 00005 00005 00005 00005 00005 00005 00005
00005 00005 00005 00005 00005 00005 00005 00005 00005 00005 00005 00005 00005 00005 00005 00005
00005 00005 00005 00005 00005 00005 00005 00005 00005 00005 00005 00005 00005 00005 00005 00005
00005 00005 00005 00005 00005 00005 00005 00005 00005 00005 00005 00005 00005 00005 00005 00005
00005 00005 00005 00005 00005 00005 00005 00005 00005 00005 00005 00005 00005 00005 00005 00005
00005 00005 00005 00005 00005 00005 00005 00005 00005 00005 00005 00005 00005 00005 00005 00005
00005 00005 00005 00005 00005 00005 00005 00005 00005 00005 00005 00005 00005 00005 00005 00005
00005 00005 00005 00005 00005 00005 00005 00005 00005 00005 00005 00005 00005 00005 00005 00005
00005 00005 00005 00005 00005 00005 00005 00005 00005 00005 00005 00005 00005 00005 00005 00005
00005 00005 00005 00005 00005 00005 00005 00005 00005 00005 00005 00005 00005 00005 00005 00005
00005 00005 00005 00005 00005 00005 00005 00005 00005 00005 00005 00005 00005 00005 00005 00005
00005 00005 00005 00005 00005 00005 00005 00005 00005 00005 00005 00005 00005 00005 00005 00005
00005 00005 00005 00005 00005 00005 00005 00005 00005 00005 00005 00005 00005 00005 00005 00005
00005 00005 00005 00005 00005 00005 00005 00005 00005 00005 00005 00005 00005 00005 00005 00005
00005 00005 00005 00005 00005 00005 00005 00005 00005 00005 00005 00005 00005 00005 00005 00005
00005 00005 00005 00005 00005 00005 00005 00005 00005 00005 00005 00005 00005 00005 00005 00005
00005 00005 00005 00005 00005 00005 00005 00005 00005 00005 00005 00005 00005 00005 00005 00005
00005 00005 00005 00005 00005 00005 00005 00005 00005 00005 00005 00005 00005 00005 00005 00005
00005 00005 00005 00005 00005 00005 00005 00005 00005 00005 00005 00005 00005 00005 00005 00005
00005 00005 00005 00005 00005 00005 00005 00005 00005 00005 00005 00005 00005 00005 00005 00005
00005 00005 00005 00005 00005 00005 00005 00005 00005 00005 00005 00005 00005 00005 00005 00005
00005 00005 00005 00005 00005 00005 00005 00005 00005 00005 00005 00005 00005 00005 00005 00005
00005 00005 00005 00005 00005 00005 00005 00005 00005 00005 00005 00005 00005 00005 00005 00005
00005 00005 00005 00005 00005 00005 00005 00005 00005 00005 00005 00005 00005 00005 00005 00005
00005 00005 00005 00005 00005 00005 00005 00005 00005 00005 00005 00005 00005 00005 00005 00005
00005 00005 00005 00005 00005 00005 00005 00005 00005 00005 00005 00005 00005 00005 00005 00005
00005 00005 00005 00005 00005 00005 00005 00005 00005 00005 00005 00005 00005 00005 00005 00005
00005 00005 00005 00005 00005 00005 00005 00005 00005 00005 00005 00005 00005 00005 00005 00005
00005 00005 00005 00005 00005 00005 00005 00005 00005 00005 00005 00005 00005 00005 00005 00005
00005 00005 00005 00005 00005 00005 00005 00005 00005 00005 00005 00005 00005 00005 00005 00005
00005 00005 00005 00005 00005 00005 00005 00005 00005 00005 00005 00005 00005 00005 00005 00005
00005 00005 00005 00005 00005 00005 00005 00005 00005 00005 00005 00005 00005 00005 00005 00005
00005 00005 00005 00005 00005 00005 00005 00005 00005 00005 00005 00005 00005 00005 00005 00005
00005 00005 00005 00005 00005 00005 00005 00005 00005 00005 00005 00005 00005 00005 00005 00005
00005 00005 00005 00005 00005 00005 00005 00005 00005 00005 00005 00005 00005 00005 00005 00005
00005 00005 00005 00005 00005 00005 00005 00005 00005 00005 00005 00005 00005 00005 00005 00005
00005 00005 00005 00005 00005 00005 00005 00005 00005 00005 00005 00005 00005 00005 00005 00005
00005 00005 00005 00005 00005 00005 00005 00005 00005 00005 00005 00005 00005 00005 00005 00005
00005 00005 00005 00005 00005 00005 00005 00005 00005 00005 00005 00005 00005 00005 00005 00005
00005 00005 00005 00005 00005 00005 00005 00005 00005 00005 00005 00005 00005 00005 00005 00005
00005 00005 00005 00005 00005 00005 00005 00005 00005 00005 00005 00005 00005 00005 00005 00005
00005 00005 00005 00005 00005 00005 00005 00005 00005 00005 00005 00005 00005 00005 00005 00005
00005 00005 00005 00005 00005 00005 00005 00005 00005 00005 00005 00005 00005 00005 00005 00005
00005 00005 00005 00005 00005 00005 00005 00005 00005 00005 00005 00005 00005 00005 00005 00005
00005 00005 00005 00005 00005 00005 00005 00005 00005 00005 00005 00005 00005 00005 00005 00005
00005 00005 00005 00005 00005 00005 00005 00005 00005 00005 00005 00005 00005 00005 00005 00005
00005 00005 00005 00005 00005 00005 00005 00005 00005 00005 00005 00005 00005 00005 00005 00005
00005 00005 00005 00005 00005 00005 00005 00005 00005 00005 00005 00005 00005 00005 00005 00005
00005 00005 00005 00005 00005 00005 00005 00005 00005 00005 00005 00005 00005 00005 00005 00005
00005 00005 00005 00005 00005 00005 00005 00005 00005 00005 00005 00005 00005 00005 00005 00005
00005 00005 00005 00005 00005 00005 00005 00005 00005 00005 00005 00005 00005 00005 00005 00005
00005 00005 00005 00005 00005 00005 00005 00005 00005 00005 00005 00005 00005 00005 00005 00005
00005 00005 00005 00005 00005 00005 00005 00005 00005 00005 00005 00005 00005 00005 00005 00005
00005 00005 00005 00005 00005 00005 00005 00005 00005 00005 00005 00005 00005 00005 00005 00005
00005 00005 00005 00005 00005 00005 00005 00005 00005 00005 00005 00005 00005 00005 00005 00005
00005 00005 00005 00005 00005 00005 00005 00005 00005 00005 00005 00005 00005 00005 00005 00005
00005 00005 00005 00005 00005 00005 00005 00005 00005 00005 00005 00005 00005 00005 00005 00005
00005 00005 00005 00005 00005 00005 00005 00005 00005 00005 00005 00005 00005 00005 00005 00005
00005 00005 00005 00005 00005 00005 00005 00005 00005 00005 00005 00005 00005 00005 00005 00005
00005 00005 00005 00005 00005 00005 00005 00005 00005 00005 00005 00005 00005 00005 00005 00005
00005 00005 00005 00005 00005 00005 00005 00005 00005 00005 00005 00005 00005 00005 00005 00005
00005 00005 00005 00005 00005 00005 00005 00005 00005 00005 00005 00005 00005 00005 00005 00005
00005 00005 00005 00005 00005 00005 00005 00005 00005 00005 00005 00005 00005 00005 00005 00005
00005 00005 00005 00005 00005 00005 00005 00005 00005 00005 00005 00005 00005 00005 00005 00005
00005 00005 00005 00005 00005 00005 00005 00005 00005 00005 00005 00005 00005 00005 00005 00005
00005 00005 00005 00005 00005 00005 00005 00005 00005 00005 00005 00005 00005 00005 00005 00005
00005 00005 00005 00005 00005 00005 00005 00005 00005 00005 00005 00005 00005 00005 00005 00005
00005 00005 00005 00005 00005 00005 00005 00005 00005 00005 00005 00005 00005 00005 00005 00005
00005 00005 00005 00005 00005 00005 00005 00005 00005 00005 00005 00005 00005 00005 00005 00005
00005 00005 00005 00005 00005 00005 00005 00005 00005 00005 00005 00005 00005 00005 00005 00005
00005 00005 00005 00005 00005 00005 00005 00005 00005 00005 00005 00005 00005 00005 00005 00005
00005 00005 00005 00005 00005 00005 00005 00005 00005 00005 00005 00005 00005 00005 00005 00005
00005 00005 00005 00005 00005 00005 00005 00005 00005 00005 00005 00005 00005 00005 00005 00005
00005 00005 00005 00005 00005 00005 00005 00005 00005 00005 00005 00005 00005 00005 00005 00005
00005 00005 00005 00005 00005 00005 00005 00005 00005 00005 00005 00005 00005 00005 00005 00005
00005 00005 00005 00005 00005 00005 00005 00005 00005 00005 00005 00005 00005 00005 00005 00005
00005 00005 00005 00005 00005 00005 00005 00005 00005 00005 00005 00005 00005 00005 00005 00005
00005 00005 00005 00005 00005 00005 00005 00005 00005 00005 00005 00005 00005 00005 00005 00005
00005 00005 00005 00005 00005 00005 00005 00005 00005 00005 00005 00005 00005 00005 00005 00005
00005 00005 00005 00005 00005 00005 00005 00005 00005 00005 00005 00005 00005 00005 00005 00005
00005 00005 00005 00005 00005 00005 00005 00005 00005 00005 00005 00005 00005 00005 00005 00005
00005 00005 00005 00005 00005 00005 00005 00005 00005 00005 00005 00005 00005 00005 00005 00005
00005 00005 00005 00005 00005 00005 00005 00005 00005 00005 00005 00005 00005 00005 00005 00005
00005 00005 00005 00005 00005 00005 00005 00005 00005 00005 00005 00005 00005 00005 00005 00005
00005 00005 00005 00005 00005 00005 00005 00005 00005 00005 00005 00005 00005 00005 00005 00005
00005 00005 00005 00005 00005 00005 00005 00005 00005 00005 00005 00005 00005 00005 00005 00005
00005 00005 00005 00005 00005 00005 00005 00005 00005 00005 00005 00005 00005 00005 00005 00005
00005 00005 00005 00005 00005 00005 00005 00005 00005 00005 00005 00005 00005 00005 00005 00005
00005 00005 00005 00005 00005 00005 00005 00005 00005 00005 00005 00005 00005 00005 00005 00005
00005 00005 00005 00005 00005 00005 00005 00005 00005 00005 00005 00005 00005 00005 00005 00005
00005 00005 00005 00005 00005 00005 00005 00005 00005 00005 00005 00005 00005 00005 00005 00005
00005 00005 00005 00005 00005 00005 00005 00005 00005 00005 00005 00005 00005 00005 00005 00005
00005 00005 00005 00005 00005 00005 00005 00005 00005 00005 00005 00005 00005 00005 00005 00005
00005 00005 00005 00005 00005 00005 00005 00005 00005 00005 00005 00005 00005 00005 00005 00005
00005 00005 00005 00005 00005 00005 00005 00005 00005 00005 00005 00005 00005 00005 00005 00005
00005 00005 00005 00005 00005 00005 00005 00005 00005 00005 00005 00005 00005 00005 00005 00005
00005 00005 00005 00005 00005 00005 00005 00005 00005 00005 00005 00005 00005 00005 00005 00005
00005 00005 00005 00005 00005 00005 00005 00005 00005 00005 00005 00005 00005 00005 00005 00005
00005 00005 00005 00005 00005 00005 00005 00005 00005 00005 00005 00005 00005 00005 00005 00005
00005 00005 00005 00005 00005 00005 00005 00005 00005 00005 00005 00005 00005 00005 00005 00005
00005 00005 00005 00005 00005 00005 00005 00005 00005 00005 00005 00005 00005 00005 00005 00005
00005 00005 00005 00005 00005 00005 00005 00005 00005 00005 00005 00005 00005 00005 00005 00005
00005 00005 00005 00005 00005 00005 00005 00005 00005 00005 00005 00005 00005 00005 00005 00005
00005 00005 00005 00005 00005 00005 00005 00005 00005 00005 00005 00005 00005 00005 00005 00005
00005 00005 00005 00005 00005 00005 00005 00005 00005 00005 00005 00005 00005 00005 00005 00005
00005 00005 00005 00005 00005 00005 00005 00005 00005 00005 00005 00005 00005 00005 00005 00005
00005 00005 00005 00005 00005 00005 00005 00005 00005 00005 00005 00005 00005 00005 00005 00005
00005 00005 00005 00005 00005 00005 00005 00005 00005 00005 00005 00005 00005 00005 00005 00005
00005 00005 00005 00005 00005 00005 00005 00005 00005 00005 00005 00005 00005 00005 00005 00005
00005 00005 00005 00005 00005 00005 00005 00005 00005 00005 00005 00005 00005 00005 00005 00005
00005 00005 00005 00005 00005 00005 00005 00005 00005 00005 00005 00005 00005 00005 00005 00005
00005 00005 00005 00005 00005 00005 00005 00005 00005 00005 00005 00005 00005 00005 00005 00005
00005 00005 00005 00005 00005 00005 00005 00005 00005 00005 00005 00005 00005 00005 00005 00005
00005 00005 00005 00005 00005 00005 00005 00005 00005 00005 00005 00005 00005 00005 00005 00005
00005 00005 00005 00005 00005 00005 00005 00005 00005 00005 00005 00005 00005 00005 00005 00005
00005 00005 00005 00005 00005 00005 00005 00005 00005 00005 00005 00005 00005 00005 00005 00005
00005 00005 00005 00005 00005 00005 00005 00005 00005 00005 00005 00005 00005 00005 00005 00005
00005 00005 00005 00005 00005 00005 00005 00005 00005 00005 00005 00005 00005 00005 00005 00005
00005 00005 00005 00005 00005 00005 00005 00005 00005 00005 00005 00005 00005 00005 00005 00005
00005 00005 00005 00005 00005 00005 00005 00005 00005 00005 00005 00005 00005 00005 00005 00005
00005 00005 00005 00005 00005 00005 00005 00005 00005 00005 00005 00005 00005 00005 00005 00005
00005 00005 00005 00005 00005 00005 00005 00005 00005 00005 00005 00005 00005 00005 00005 00005
00005 00005 00005 00005 00005 00005 00005 00005 00005 00005 00005 00005 00005 00005 00005 00005
00005 00005 00005 00005 00005 00005 00005 00005 00005 00005 00005 00005 00005 00005 00005 00005
00005 00005 00005 00005 00005 00005 00005 00005 00005 00005 00005 00005 00005 00005 00005 00005
00005 00005 00005 00005 00005 00005 00005 00005 00005 00005 00005 00005 00005 00005 00005 00005
00005 00005 00005 00005 00005 00005 00005 00005 00005 00005 00005 00005 00005 00005 00005 00005
00005 00005 00005 00005 00005 00005 00005 00005 00005 00005 00005 00005 00005 00005 00005 00005
00005 00005 00005 00005 00005 00005 00005 00005 00005 00005 00005 00005 00005 00005 00005 00005
00005 00005 00005 00005 00005 00005 00005 00005 00005 00005 00005 00005 00005 00005 00005 00005
00005 00005 00005 00005 00005 00005 00005 00005 00005 00005 00005 00005 00005 00005 00005 00005
00005 00005 00005 00005 00005 00005 00005 00005 00005 00005 00005 00005 00005 00005 00005 00005
00005 00005 00005 00005 00005 00005 00005 00005 00005 00005 00005 00005 00005 00005 00005 00005
00005 00005 00005 00005 00005 00005 00005 00005 00005 00005 00005 00005 00005 00005 00005 00005
00005 00005 00005 00005 00005 00005 00005 00005 00005 00005 00005 00005 00005 00005 00005 00005
00005 00005 00005 00005 00005 00005 00005 00005 00005 00005 00005 00005 00005 00005 00005 00005
00005 00005 00005 00005 00005 00005 00005 00005 00005 00005 00005 00005 00005 00005 00005 00005
00005 00005 00005 00005 00005 00005 00005 00005 00005 00005 00005 00005 00005 00005 00005 00005
00005 00005 00005 00005 00005 00005 00005 00005 00005 00005 00005 00005 00005 00005 00005 00005
00005 00005 00005 00005 00005 00005 00005 00005 00005 00005 00005 00005 00005 00005 00005 00005
00005 00005 00005 00005 00005 00005 00005 00005 00005 00005 00005 00005 00005 00005 00005 00005
00005 00005 00005 00005 00005 00005 00005 00005 00005 00005 00005 00005 00005 00005 00005 00005
00005 00005 00005 00005 00005 00005 00005 00005 00005 00005 00005 00005 00005 00005 00005 00005
00005 00005 00005 00005 00005 00005 00005 00005 00005 00005 00005 00005 00005 00005 00005 00005
00005 00005 00005 00005 00005 00005 00005 00005 00005 00005 00005 00005 00005 00005 00005 00005
00005 00005 00005 00005 00005 00005 00005 00005 00005 00005 00005 00005 00005 00005 00005 00005
00005 00005 00005 00005 00005 00005 00005 00005 00005 00005 00005 00005 00005 00005 00005 00005
00005 00005 00005 00005 00005 00005 00005 00005 00005 00005 00005 00005 00005 00005 00005 00005
00005 00005 00005 00005 00005 00005 00005 00005 00005 00005 00005 00005 00005 00005 00005 00004
00004 00004 00004 00004 00004 00004 00004 00004 00004 00004 00004 00004 00004 00004 00004 00004
00004 00004 00004 00004 00004 00004 00004 00004 00004 00004 00004 00004 00004 00004 00004 00004
00004 00004 00004 00004 00004 00004 00004 00004 00004 00004 00004 00004 00004 00004 00004 00004
00004 00004 00004 00004 00004 00004 00004 00004 00004 00004 00004 00004 00004 00004 00004 00004
00004 00004 00004 00004 00004 00004 00004 00004 00004 00004 00004 00004 00004 00004 00004 00004
00004 00004 00004 00004 00004 00004 00004 00004 00004 00004 00004 00004 00004 00004 00004 00004
00004 00004 00004 00004 00004 00004 00004 00004 00004 00004 00004 00004 00004 00004 00004 00004
00004 00004 00004 00004 00004 00004 00004 00004 00004 00004 00004 00004 00004 00004 00004 00004
00004 00004 00004 00004 00004 00004 00004 00004 00004 00004 00004 00004 00004 00004 00004 00004
00004 00004 00004 00004 00004 00004 00004 00004 00004 00004 00004 00004 00004 00004 00004 00004
00004 00004 00004 00004 00004 00004 00004 00004 00004 00004 00004 00004 00004 00004 00004 00004
00004 00004 00004 00004 00004 00004 00004 00004 00004 00004 00004 00004 00004 00004 00004 00004
00004 00004 00004 00004 00004 00004 00004 00004 00004 00004 00004 00004 00004 00004 00004 00004
00004 00004 00004 00004 00004 00004 00004 00004 00004 00004 00004 00004 00004 00004 00004 00004
00004 00004 00004 00004 00004 00004 00004 00004 00004 00004 00004 00004 00004 00004 00004 00004
00004 00004 00004 00004 00004 00004 00004 00004 00004 00004 00004 00004 00004 00004 00004 00004
00004 00004 00004 00004 00004 00004 00004 00004 00004 00004 00004 00004 00004 00004 00004 00004
00004 00004 00004 00004 00004 00004 00004 00004 00004 00004 00004 00004 00004 00004 00004 00004
00004 00004 00004 00004 00004 00004 00004 00004 00004 00004 00004 00004 00004 00004 00004 00004
00004 00004 00004 00004 00004 00004 00004 00004 00004 00004 00004 00004 00004 00004 00004 00004
00004 00004 00004 00004 00004 00004 00004 00004 00004 00004 00004 00004 00004 00004 00004 00004
00004 00004 00004 00004 00004 00004 00004 00004 00004 00004 00004 00004 00004 00004 00004 00004
00004 00004 00004 00004 00004 00004 00004 00004 00004 00004 00004 00004 00004 00004 00004 00004
00004 00004 00004 00004 00004 00004 00004 00004 00004 00004 00004 00004 00004 00004 00004 00004
00004 00004 00004 00004 00004 00004 00004 00004 00004 00004 00004 00004 00004 00004 00004 00004
00004 00004 00004 00004 00004 00004 00004 00004 00004 00004 00004 00004 00004 00004 00004 00004
00004 00004 00004 00004 00004 00004 00004 00004 00004 00004 00004 00004 00004 00004 00004 00004
00004 00004 00004 00004 00004 00004 00004 00004 00004 00004 00004 00004 00004 00004 00004 00004
00004 00004 00004 00004 00004 00004 00004 00004 00004 00004 00004 00004 00004 00004 00004 00004
00004 00004 00004 00004 00004 00004 00004 00004 00004 00004 00004 00004 00004 00004 00004 00004
00004 00004 00004 00004 00004 00004 00004 00004 00004 00004 00004 00004 00004 00004 00004 00004
00004 00004 00004 00004 00004 00004 00004 00004 00004 00004 00004 00004 00004 00004 00004 00004
00004 00004 00004 00004 00004 00004 00004 00004 00004 00004 00004 00004 00004 00004 00004 00004
00004 00004 00004 00004 00004 00004 00004 00004 00004 00004 00004 00004 00004 00004 00004 00004
00004 00004 00004 00004 00004 00004 00004 00004 00004 00004 00004 00004 00004 00004 00004 00004
00004 00004 00004 00004 00004 00004 00004 00004 00004 00004 00004 00004 00004 00004 00004 00004
00004 00004 00004 00004 00004 00004 00004 00004 00004 00004 00004 00004 00004 00004 00004 00004
00004 00004 00004 00004 00004 00004 00004 00004 00004 00004 00004 00004 00004 00004 00004 00004
00004 00004 00004 00004 00004 00004 00004 00004 00004 00004 00004 00004 00004 00004 00004 00004
00004 00004 00004 00004 00004 00004 00004 00004 00004 00004 00004 00004 00004 00004 00004 00004
00004 00004 00004 00004 00004 00004 00004 00004 00004 00004 00004 00004 00004 00004 00004 00004
00004 00004 00004 00004 00004 00004 00004 00004 00004 00004 00004 00004 00004 00004 00004 00004
00004 00004 00004 00004 00004 00004 00004 00004 00004 00004 00004 00004 00004 00004 00004 00004
00004 00004 00004 00004 00004 00004 00004 00004 00004 00004 00004 00004 00004 00004 00004 00004
00004 00004 00004 00004 00004 00004 00004 00004 00004 00004 00004 00004 00004 00004 00004 00004
00004 00004 00004 00004 00004 00004 00004 00004 00004 00004 00004 00004 00004 00004 00004 00004
00004 00004 00004 00004 00004 00004 00004 00004 00004 00004 00004 00004 00004 00004 00004 00004
00004 00004 00004 00004 00004 00004 00004 00004 00004 00004 00004 00004 00004 00004 00004 00004
00004 00004 00004 00004 00004 00004 00004 00004 00004 00004 00004 00004 00004 00004 00004 00004
00004 00004 00004 00004 00004 00004 00004 00004 00004 00004 00004 00004 00004 00004 00004 00004
00004 00004 00004 00004 00004 00004 00004 00004 00004 00004 00004 00004 00004 00004 00004 00004
00004 00004 00004 00004 00004 00004 00004 00004 00004 00004 00004 00004 00004 00004 00004 00004
00004 00004 00004 00004 00004 00004 00004 00004 00004 00004 00004 00004 00004 00004 00004 00004
00004 00004 00004 00004 00004 00004 00004 00004 00004 00004 00004 00004 00004 00004 00004 00004
00004 00004 00004 00004 00004 00004 00004 00004 00004 00004 00004 00004 00004 00004 00004 00004
00004 00004 00004 00004 00004 00004 00004 00004 00004 00004 00004 00004 00004 00004 00004 00004
00004 00004 00004 00004 00004 00004 00004 00004 00004 00004 00004 00004 00004 00004 00004 00004
00004 00004 00004 00004 00004 00004 00004 00004 00004 00004 00004 00004 00004 00004 00004 00004
00004 00004 00004 00004 00004 00004 00004 00004 00004 00004 00004 00004 00004 00004 00004 00004
00004 00004 00004 00004 00004 00004 00004 00004 00004 00004 00004 00004 00004 00004 00004 00004
00004 00004 00004 00004 00004 00004 00004 00004 00004 00004 00004 00004 00004 00004 00004 00004
00004 00004 00004 00004 00004 00004 00004 00004 00004 00004 00004 00004 00004 00004 00004 00004
00004 00004 00004 00004 00004 00004 00004 00004 00004 00004 00004 00004 00004 00004 00004 00004
00004 00004 00004 00004 00004 00004 00004 00004 00004 00004 00004 00004 00004 00004 00004 00004
00004 00004 00004 00004 00004 00004 00004 00004 00004 00004 00004 00004 00004 00004 00004 00004
00004 00004 00004 00004 00004 00004 00004 00004 00004 00004 00004 00004 00004 00004 00004 00004
00004 00004 00004 00004 00004 00004 00004 00004 00004 00004 00004 00004 00004 00004 00004 00004
00004 00004 00004 00004 00004 00004 00004 00004 00004 00004 00004 00004 00004 00004 00004 00004
00004 00004 00004 00004 00004 00004 00004 00004 00004 00004 00004 00004 00004 00004 00004 00004
00004 00004 00004 00004 00004 00004 00004 00004 00004 00004 00004 00004 00004 00004 00004 00004
00004 00004 00004 00004 00004 00004 00004 00004 00004 00004 00004 00004 00004 00004 00004 00004
00004 00004 00004 00004 00004 00004 00004 00004 00004 00004 00004 00004 00004 00004 00004 00004
00004 00004 00004 00004 00004 00004 00004 00004 00004 00004 00004 00004 00004 00004 00004 00004
00004 00004 00004 00004 00004 00004 00004 00004 00004 00004 00004 00004 00004 00004 00004 00004
00004 00004 00004 00004 00004 00004 00004 00004 00004 00004 00004 00004 00004 00004 00004 00004
00004 00004 00004 00004 00004 00004 00004 00004 00004 00004 00004 00004 00004 00004 00004 00004
00004 00004 00004 00004 00004 00004 00004 00004 00004 00004 00004 00004 00004 00004 00004 00004
00004 00004 00004 00004 00004 00004 00004 00004 00004 00004 00004 00004 00004 00004 00004 00004
00004 00004 00004 00004 00004 00004 00004 00004 00004 00004 00004 00004 00004 00004 00004 00004
00004 00004 00004 00004 00004 00004 00004 00004 00004 00004 00004 00004 00004 00004 00004 00004
00004 00004 00004 00004 00004 00004 00004 00004 00004 00004 00004 00004 00004 00004 00004 00004
00004 00004 00004 00004 00004 00004 00004 00004 00004 00004 00004 00004 00004 00004 00004 00004
00004 00004 00004 00004 00004 00004 00004 00004 00004 00004 00004 00004 00004 00004 00004 00004
00004 00004 00004 00004 00004 00004 00004 00004 00004 00004 00004 00004 00004 00004 00004 00004
00004 00004 00004 00004 00004 00004 00004 00004 00004 00004 00004 00004 00004 00004 00004 00004
00004 00004 00004 00004 00004 00004 00004 00004 00004 00004 00004 00004 00004 00004 00004 00004
00004 00004 00004 00004 00004 00004 00004 00004 00004 00004 00004 00004 00004 00004 00004 00004
00004 00004 00004 00004 00004 00004 00004 00004 00004 00004 00004 00004 00004 00004 00004 00004
00004 00004 00004 00004 00004 00004 00004 00004 00004 00004 00004 00004 00004 00004 00004 00004
00004 00004 00004 00004 00004 00004 00004 00004 00004 00004 00004 00004 00004 00004 00004 00004
00004 00004 00004 00004 00004 00004 00004 00004 00004 00004 00004 00004 00004 00004 00004 00004
00004 00004 00004 00004 00004 00004 00004 00004 00004 00004 00004 00004 00004 00004 00004 00004
00004 00004 00004 00004 00004 00004 00004 00004 00004 00004 00004 00004 00004 00004 00004 00004
00004 00004 00004 00004 00004 00004 00004 00004 00004 00004 00004 00004 00004 00004 00004 00004
00004 00004 00004 00004 00004 00004 00004 00004 00004 00004 00004 00004 00004 00004 00004 00004
00004 00004 00004 00004 00004 00004 00004 00004 00004 00004 00004 00004 00004 00004 00004 00004
00004 00004 00004 00004 00004 00004 00004 00004 00004 00004 00004 00004 00004 00004 00004 00004
00004 00004 00004 00004 00004 00004 00004 00004 00004 00004 00004 00004 00004 00004 00004 00004
00004 00004 00004 00004 00004 00004 00004 00004 00004 00004 00004 00004 00004 00004 00004 00004
00004 00004 00004 00004 00004 00004 00004 00004 00004 00004 00004 00004 00004 00004 00004 00004
00004 00004 00004 00004 00004 00004 00004 00004 00004 00004 00004 00004 00004 00004 00004 00004
00004 00004 00004 00004 00004 00004 00004 00004 00004 00004 00004 00004 00004 00004 00004 00004
00004 00004 00004 00004 00004 00004 00004 00004 00004 00004 00004 00004 00004 00004 00004 00004
00004 00004 00004 00004 00004 00004 00004 00004 00004 00004 00004 00004 00004 00004 00004 00004
00004 00004 00004 00004 00004 00004 00004 00004 00004 00004 00004 00004 00004 00004 00004 00004
00004 00004 00004 00004 00004 00004 00004 00004 00004 00004 00004 00004 00004 00004 00004 00004
00004 00004 00004 00004 00004 00004 00004 00004 00004 00004 00004 00004 00004 00004 00004 00004
00004 00004 00004 00004 00004 00004 00004 00004 00004 00004 00004 00004 00004 00004 00004 00004
00004 00004 00004 00004 00004 00004 00004 00004 00004 00004 00004 00004 00004 00004 00004 00004
00004 00004 00004 00004 00004 00004 00004 00004 00004 00004 00004 00004 00004 00004 00004 00004
00004 00004 00004 00004 00004 00004 00004 00004 00004 00004 00004 00004 00004 00004 00004 00004
00004 00004 00004 00004 00004 00004 00004 00004 00004 00004 00004 00004 00004 00004 00004 00004
00004 00004 00004 00004 00004 00004 00004 00004 00004 00004 00004 00004 00004 00004 00004 00004
00004 00004 00004 00004 00004 00004 00004 00004 00004 00004 00004 00004 00004 00004 00004 00004
00004 00004 00004 00004 00004 00004 00004 00004 00004 00004 00004 00004 00004 00004 00004 00004
00004 00004 00004 00004 00004 00004 00004 00004 00004 00004 00004 00004 00004 00004 00004 00004
00004 00004 00004 00004 00004 00004 00004 00004 00004 00004 00004 00004 00004 00004 00004 00004
00004 00004 00004 00004 00004 00004 00004 00004 00004 00004 00004 00004 00004 00004 00004 00004
00004 00004 00004 00004 00004 00004 00004 00004 00004 00004 00004 00004 00004 00004 00004 00004
00004 00004 00004 00004 00004 00004 00004 00004 00004 00004 00004 00004 00004 00004 00004 00004
00004 00004 00004 00004 00004 00004 00004 00004 00004 00004 00004 00004 00004 00004 00004 00004
00004 00004 00004 00004 00004 00004 00004 00004 00004 00004 00004 00004 00004 00004 00004 00004
00004 00004 00004 00004 00004 00004 00004 00004 00004 00004 00004 00004 00004 00004 00004 00004
00004 00004 00004 00004 00004 00004 00004 00004 00004 00004 00004 00004 00004 00004 00004 00004
00004 00004 00004 00004 00004 00004 00004 00004 00004 00004 00004 00004 00004 00004 00004 00004
00004 00004 00004 00004 00004 00004 00004 00004 00004 00004 00004 00004 00004 00004 00004 00004
00004 00004 00004 00004 00004 00004 00004 00004 00004 00004 00004 00004 00004 00004 00004 00004
00004 00004 00004 00004 00004 00004 00004 00004 00004 00004 00004 00004 00004 00004 00004 00004
00004 00004 00004 00004 00004 00004 00004 00004 00004 00004 00004 00004 00004 00004 00004 00004
00004 00004 00004 00004 00004 00004 00004 00004 00004 00004 00004 00004 00004 00004 00004 00004
00004 00004 00004 00004 00004 00004 00004 00004 00004 00004 00004 00004 00004 00004 00004 00004
00004 00004 00004 00004 00004 00004 00004 00004 00004 00004 00004 00004 00004 00004 00004 00004
00004 00004 00004 00004 00004 00004 00004 00004 00004 00004 00004 00004 00004 00004 00004 00004
00004 00004 00004 00004 00004 00004 00004 00004 00004 00004 00004 00004 00004 00004 00004 00004
00004 00004 00004 00004 00004 00004 00004 00004 00004 00004 00004 00004 00004 00004 00004 00004
00004 00004 00004 00004 00004 00004 00004 00004 00004 00004 00004 00004 00004 00004 00004 00004
00004 00004 00004 00004 00004 00004 00004 00004 00004 00004 00004 00004 00004 00004 00004 00004
00004 00004 00004 00004 00004 00004 00004 00004 00004 00004 00004 00004 00004 00004 00004 00004
00004 00004 00004 00004 00004 00004 00004 00004 00004 00004 00004 00004 00004 00004 00004 00004
00004 00004 00004 00004 00004 00004 00004 00004 00004 00004 00004 00004 00004 00004 00004 00004
00004 00004 00004 00004 00004 00004 00004 00004 00004 00004 00004 00004 00004 00004 00004 00004
00004 00004 00004 00004 00004 00004 00004 00004 00004 00004 00004 00004 00004 00004 00004 00004
00004 00004 00004 00004 00004 00004 00004 00004 00004 00004 00004 00004 00004 00004 00004 00004
00004 00004 00004 00004 00004 00004 00004 00004 00004 00004 00004 00004 00004 00004 00004 00004
00004 00004 00004 00004 00004 00004 00004 00004 00004 00004 00004 00004 00004 00004 00004 00004
00004 00004 00004 00004 00004 00004 00004 00004 00004 00004 00004 00004 00004 00004 00004 00004
00004 00004 00004 00004 00004 00004 00004 00004 00004 00004 00004 00004 00004 00004 00004 00004
00004 00004 00004 00004 00004 00004 00004 00004 00004 00004 00004 00004 00004 00004 00004 00004
00004 00004 00004 00004 00004 00004 00004 00004 00004 00004 00004 00004 00004 00004 00004 00004
00004 00004 00004 00004 00004 00004 00004 00004 00004 00004 00004 00004 00004 00004 00004 00004
00004 00004 00004 00004 00004 00004 00004 00004 00004 00004 00004 00004 00004 00004 00004 00004
00004 00004 00004 00004 00004 00004 00004 00004 00004 00004 00004 00004 00004 00004 00004 00004
00004 00004 00004 00004 00004 00004 00004 00004 00004 00004 00004 00004 00004 00004 00004 00004
00004 00004 00004 00004 00004 00004 00004 00004 00004 00004 00004 00004 00004 00004 00004 00004
00004 00004 00004 00004 00004 00004 00004 00004 00004 00004 00004 00004 00004 00004 00004 00004
00004 00004 00004 00004 00004 00004 00004 00004 00004 00004 00004 00004 00004 00004 00004 00004
00004 00004 00004 00004 00004 00004 00004 00004 00004 00004 00004 00004 00004 00004 00004 00004
00004 00004 00004 00004 00004 00004 00004 00004 00004 00004 00004 00004 00004 00004 00004 00004
00004 00004 00004 00004 00004 00004 00004 00004 00004 00004 00004 00004 00004 00004 00004 00004
00004 00004 00004 00004 00004 00004 00004 00004 00004 00004 00004 00004 00004 00004 00004 00004
00004 00004 00004 00004 00004 00004 00004 00004 00004 00004 00004 00004 00004 00004 00004 00004
00004 00004 00004 00004 00004 00004 00004 00004 00004 00004 00004 00004 00004 00004 00004 00004
00004 00004 00004 00004 00004 00004 00004 00004 00004 00004 00004 00004 00004 00004 00004 00004
00004 00004 00004 00004 00004 00004 00004 00004 00004 00004 00004 00004 00004 00004 00004 00004
00004 00004 00004 00004 00004 00004 00004 00004 00004 00004 00004 00004 00004 00004 00004 00004
00004 00004 00004 00004 00004 00004 00004 00004 00004 00004 00004 00004 00004 00004 00004 00004
00004 00004 00004 00004 00004 00004 00004 00004 00004 00004 00004 00004 00004 00004 00004 00004
00004 00004 00004 00004 00004 00004 00004 00004 00004 00004 00004 00004 00004 00004 00004 00004
00004 00004 00004 00004 00004 00004 00004 00004 00004 00004 00004 00004 00004 00004 00004 00004
00004 00004 00004 00004 00004 00004 00004 00004 00004 00004 00004 00004 00004 00004 00004 00004
00004 00004 00004 00004 00004 00004 00004 00004 00004 00004 00004 00004 00004 00004 00004 00004
00004 00004 00004 00004 00004 00004 00004 00004 00004 00004 00004 00004 00004 00004 00004 00004
00004 00004 00004 00004 00004 00004 00004 00004 00004 00004 00004 00004 00004 00004 00004 00004
00004 00004 00004 00004 00004 00004 00004 00004 00004 00004 00004 00004 00004 00004 00004 00004
00004 00004 00004 00004 00004 00004 00004 00004 00004 00004 00004 00004 00004 00004 00004 00004
00004 00004 00004 00004 00004 00004 00004 00004 00004 00004 00004 00004 00004 00004 00004 00004
00004 00004 00004 00004 00004 00004 00004 00004 00004 00004 00004 00004 00004 00004 00004 00004
00004 00004 00004 00004 00004 00004 00004 00004 00004 00004 00004 00004 00004 00004 00004 00004
00004 00004 00004 00004 00004 00004 00004 00004 00004 00004 00004 00004 00004 00004 00004 00004
00004 00004 00004 00004 00004 00004 00004 00004 00004 00004 00004 00004 00004 00004 00004 00004
00004 00004 00004 00004 00004 00004 00004 00004 00004 00004 00004 00004 00004 00004 00004 00004
00004 00004 00004 00004 00004 00004 00004 00004 00004 00004 00004 00004 00004 00004 00004 00004
00004 00004 00004 00004 00004 00004 00004 00004 00004 00004 00004 00004 00004 00004 00004 00004
00004 00004 00004 00004 00004 00004 00004 00004 00004 00004 00004 00004 00004 00004 00004 00004
00004 00004 00004 00004 00004 00004 00004 00004 00004 00004 00004 00004 00004 00004 00004 00004
00004 00004 00004 00004 00004 00004 00004 00004 00004 00004 00004 00004 00004 00004 00004 00004
00004 00004 00004 00004 00004 00004 00004 00004 00004 00004 00004 00004 00004 00004 00004 00004
00004 00004 00004 00004 00004 00004 00004 00004 00004 00004 00004 00004 00004 00004 00004 00004
00004 00004 00004 00004 00004 00004 00004 00004 00004 00004 00004 00004 00004 00004 00004 00004
00004 00004 00004 00004 00004 00004 00004 00004 00004 00004 00004 00004 00004 00004 00004 00004
00004 00004 00004 00004 00004 00004 00004 00004 00004 00004 00004 00004 00004 00004 00004 00004
00004 00004 00004 00004 00004 00004 00004 00004 00004 00004 00004 00004 00004 00004 00004 00004
00004 00004 00004 00004 00004 00004 00004 00004 00004 00004 00004 00004 00004 00004 00004 00004
00004 00004 00004 00004 00004 00004 00004 00004 00004 00004 00004 00004 00004 00004 00004 00004
00004 00004 00004 00004 00004 00004 00004 00004 00004 00004 00004 00004 00004 00004 00004 00004
00004 00004 00004 00004 00004 00004 00004 00004 00004 00004 00004 00004 00004 00004 00004 00004
00004 00004 00004 00004 00004 00004 00004 00004 00004 00004 00004 00004 00004 00004 00004 00004
00004 00004 00004 00004 00004 00004 00004 00004 00004 00004 00004 00004 00004 00004 00004 00004
00004 00004 00004 00004 00004 00004 00004 00004 00004 00004 00004 00004 00004 00004 00004 00004
00004 00004 00004 00004 00004 00004 00004 00004 00004 00004 00004 00004 00004 00004 00004 00004
00004 00004 00004 00004 00004 00004 00004 00004 00004 00004 00004 00004 00004 00004 00004 00004
00004 00004 00004 00004 00004 00004 00004 00004 00004 00004 00004 00004 00004 00004 00004 00004
00004 00004 00004 00004 00004 00004 00004 00004 00004 00004 00004 00004 00004 00004 00004 00004
00004 00004 00004 00004 00004 00004 00004 00004 00004 00004 00004 00004 00004 00004 00004 00004
00004 00004 00004 00004 00004 00004 00004 00004 00004 00004 00004 00004 00004 00004 00004 00004
00004 00004 00004 00004 00004 00004 00004 00004 00004 00004 00004 00004 00004 00004 00004 00004
00004 00004 00004 00004 00004 00004 00004 00004 00004 00004 00004 00004 00004 00004 00004 00004
00004 00004 00004 00004 00004 00004 00004 00004 00004 00004 00004 00004 00004 00004 00004 00004
00004 00004 00004 00004 00004 00004 00004 00004 00004 00004 00004 00004 00004 00004 00004 00004
00004 00004 00004 00004 00004 00004 00004 00004 00004 00004 00004 00004 00004 00004 00004 00004
00004 00004 00004 00004 00004 00004 00004 00004 00004 00004 00004 00004 00004 00004 00004 00004
00004 00004 00004 00004 00004 00004 00004 00004 00004 00004 00004 00004 00004 00004 00004 00004
00004 00004 00004 00004 00004 00004 00004 00004 00004 00004 00004 00004 00004 00004 00004 00004
00004 00004 00004 00004 00004 00004 00004 00004 00004 00004 00004 00004 00004 00004 00004 00004
00004 00004 00004 00004 00004 00004 00004 00004 00004 00004 00004 00004 00004 00004 00004 00004
00004 00004 00004 00004 00004 00004 00004 00004 00004 00004 00004 00004 00004 00004 00004 00004
00004 00004 00004 00004 00004 00004 00004 00004 00004 00004 00004 00004 00004 00004 00004 00004
00004 00004 00004 00004 00004 00004 00004 00004 00004 00004 00004 00004 00004 00004 00004 00004
00004 00004 00004 00004 00004 00004 00004 00004 00004 00004 00004 00004 00004 00004 00004 00004
00004 00004 00004 00004 00004 00004 00004 00004 00004 00004 00004 00004 00004 00004 00004 00004
00004 00004 00004 00004 00004 00004 00004 00004 00004 00004 00004 00004 00004 00004 00004 00004
00004 00004 00004 00004 00004 00004 00004 00004 00004 00004 00004 00004 00004 00004 00004 00004
00004 00004 00004 00004 00004 00004 00004 00004 00004 00004 00004 00004 00004 00004 00004 00004
00004 00004 00004 00004 00004 00004 00004 00004 00004 00004 00004 00004 00004 00004 00004 00004
00004 00004 00004 00004 00004 00004 00004 00004 00004 00004 00004 00004 00004 00004 00004 00004
00004 00004 00004 00004 00004 00004 00004 00004 00004 00004 00004 00004 00004 00004 00004 00004
00004 00004 00004 00004 00004 00004 00004 00004 00004 00004 00004 00004 00004 00004 00004 00004
00004 00004 00004 00004 00004 00004 00004 00004 00004 00004 00004 00004 00004 00004 00004 00004
00004 00004 00004 00004 00004 00004 00004 00004 00004 00004 00004 00004 00004 00004 00004 00004
00004 00004 00004 00004 00004 00004 00004 00004 00004 00004 00004 00004 00004 00004 00004 00004
00004 00004 00004 00004 00004 00004 00004 00004 00004 00004 00004 00004 00004 00004 00004 00004
00004 00004 00004 00004 00004 00004 00004 00004 00004 00004 00004 00004 00004 00004 00004 00004
00004 00004 00004 00004 00004 00004 00004 00004 00004 00004 00004 00004 00004 00004 00004 00004
00004 00004 00004 00004 00004 00004 00004 00004 00004 00004 00004 00004 00004 00004 00004 00004
00004 00004 00004 00004 00004 00004 00004 00004 00004 00004 00004 00004 00004 00004 00004 00004
00004 00004 00004 00004 00004 00004 00004 00004 00004 00004 00004 00004 00004 00004 00004 00004
00004 00004 00004 00004 00004 00004 00004 00004 00004 00004 00004 00004 00004 00004 00004 00004
00004 00004 00004 00004 00004 00004 00004 00004 00004 00004 00004 00004 00004 00004 00004 00004
00004 00004 00004 00004 00004 00004 00004 00004 00004 00004 00004 00004 00004 00004 00004 00004
00004 00004 00004 00004 00004 00004 00004 00004 00004 00004 00004 00004 00004 00004 00004 00004
00004 00004 00004 00004 00004 00004 00004 00004 00004 00004 00004 00004 00004 00004 00004 00004
00004 00004 00004 00004 00004 00004 00004 00004 00004 00004 00004 00004 00004 00004 00004 00004
00004 00004 00004 00004 00004 00004 00004 00004 00004 00004 00004 00004 00004 00004 00004 00004
00004 00004 00004 00004 00004 00004 00004 00004 00004 00004 00004 00004 00004 00004 00004 00004
00004 00004 00004 00004 00004 00004 00004 00004 00004 00004 00004 00004 00004 00004 00004 00004
00004 00004 00004 00004 00004 00004 00004 00004 00004 00004 00004 00004 00004 00004 00004 00004
00004 00004 00004 00004 00004 00004 00004 00004 00004 00004 00004 00004 00004 00004 00004 00004
00004 00004 00004 00004 00004 00004 00004 00004 00004 00004 00004 00004 00004 00004 00004 00004
00004 00004 00004 00004 00004 00004 00004 00004 00004 00004 00004 00004 00004 00004 00004 00004
00004 00004 00004 00004 00004 00004 00004 00004 00004 00004 00004 00004 00004 00004 00004 00004
00004 00004 00004 00004 00004 00004 00004 00004 00004 00004 00004 00004 00004 00004 00004 00004
00004 00004 00004 00004 00004 00004 00004 00004 00004 00004 00004 00004 00004 00004 00004 00004
00004 00004 00004 00004 00004 00004 00004 00004 00004 00004 00004 00004 00004 00004 00004 00004
00004 00004 00004 00004 00004 00004 00004 00004 00004 00004 00004 00004 00004 00004 00004 00004
00004 00004 00004 00004 00004 00004 00004 00004 00004 00004 00004 00004 00004 00004 00004 00004
00004 00004 00004 00004 00004 00004 00004 00004 00004 00004 00004 00004 00004 00004 00004 00004
00004 00004 00004 00004 00004 00004 00004 00004 00004 00004 00004 00004 00004 00004 00004 00004
00004 00004 00004 00004 00004 00004 00004 00004 00004 00004 00004 00004 00004 00004 00004 00004
00004 00004 00004 00004 00004 00004 00004 00004 00004 00004 00004 00004 00004 00004 00004 00004
00004 00004 00004 00004 00004 00004 00004 00004 00004 00004 00004 00004 00004 00004 00004 00004
00004 00004 00004 00004 00004 00004 00004 00004 00004 00004 00004 00004 00004 00004 00004 00004
00004 00004 00004 00004 00004 00004 00004 00004 00004 00004 00004 00004 00004 00004 00004 00004
00004 00004 00004 00004 00004 00004 00004 00004 00004 00004 00004 00004 00004 00004 00004 00004
00004 00004 00004 00004 00004 00004 00004 00004 00004 00004 00004 00004 00004 00004 00004 00004
00004 00004 00004 00004 00004 00004 00004 00004 00004 00004 00004 00004 00004 00004 00004 00004
00004 00004 00004 00004 00004 00004 00004 00004 00004 00004 00004 00004 00004 00004 00004 00004
00004 00004 00004 00004 00004 00004 00004 00004 00004 00004 00004 00004 00004 00004 00004 00004
00004 00004 00004 00004 00004 00004 00004 00004 00004 00004 00004 00004 00004 00004 00004 00004
00004 00004 00004 00004 00004 00004 00004 00004 00004 00004 00004 00004 00004 00004 00004 00004
00004 00004 00004 00004 00004 00004 00004 00004 00004 00004 00004 00004 00004 00004 00004 00004
00004 00004 00004 00004 00004 00004 00004 00004 00004 00004 00004 00004 00004 00004 00004 00004
00004 00004 00004 00004 00004 00004 00004 00004 00004 00004 00004 00004 00004 00004 00004 00004
00004 00004 00004 00004 00004 00004 00004 00004 00004 00004 00004 00004 00004 00004 00004 00004
00004 00004 00004 00004 00004 00004 00004 00004 00004 00004 00004 00004 00004 00004 00004 00004
00004 00004 00004 00004 00004 00004 00004 00004 00004 00004 00004 00004 00004 00004 00004 00004
00004 00004 00004 00004 00004 00004 00004 00004 00004 00004 00004 00004 00004 00004 00004 00004
00004 00004 00004 00004 00004 00004 00004 00004 00004 00004 00004 00004 00004 00004 00004 00004
00004 00004 00004 00004 00004 00004 00004 00004 00004 00004 00004 00004 00004 00004 00004 00004
00004 00004 00004 00004 00004 00004 00004 00004 00004 00004 00004 00004 00004 00004 00004 00004
00004 00004 00004 00004 00004 00004 00004 00004 00004 00004 00004 00004 00004 00004 00004 00004
00004 00004 00004 00004 00004 00004 00004 00004 00004 00004 00004 00004 00004 00004 00004 00004
00004 00004 00004 00004 00004 00004 00004 00004 00004 00004 00004 00004 00004 00004 00004 00004
00004 00004 00004 00004 00004 00004 00004 00004 00004 00004 00004 00004 00004 00004 00004 00004
00004 00004 00004 00004 00004 00004 00004 00004 00004 00004 00004 00004 00004 00004 00004 00004
00004 00004 00004 00004 00004 00004 00004 00004 00004 00004 00004 00004 00004 00004 00004 00004
00004 00004 00004 00004 00004 00004 00004 00004 00004 00004 00004 00004 00004 00004 00004 00004
00004 00004 00004 00004 00004 00004 00004 00004 00004 00004 00004 00004 00004 00004 00004 00004
00004 00004 00004 00004 00004 00004 00004 00004 00004 00004 00004 00004 00004 00004 00004 00004
00004 00004 00004 00004 00004 00004 00004 00004 00004 00004 00004 00004 00004 00004 00004 00004
00004 00004 00004 00004 00004 00004 00004 00004 00004 00004 00004 00004 00004 00004 00004 00004
00004 00004 00004 00004 00004 00004 00004 00004 00004 00004 00004 00004 00004 00004 00004 00004
00004 00004 00004 00004 00004 00004 00004 00004 00004 00004 00004 00004 00004 00004 00004 00004
00004 00004 00004 00004 00004 00004 00004 00004 00004 00004 00004 00004 00004 00004 00004 00004
00004 00004 00004 00004 00004 00004 00004 00004 00004 00004 00004 00004 00004 00004 00004 00004
00004 00004 00004 00004 00004 00004 00004 00004 00004 00004 00004 00004 00004 00004 00004 00004
00004 00004 00004 00004 00004 00004 00004 00004 00004 00004 00004 00004 00004 00004 00004 00004
00004 00004 00004 00004 00004 00004 00004 00004 00004 00004 00004 00004 00004 00004 00004 00004
00004 00004 00004 00004 00004 00004 00004 00004 00004 00004 00004 00004 00004 00004 00004 00004
00004 00004 00004 00004 00004 00004 00004 00004 00004 00004 00004 00004 00004 00004 00004 00004
00004 00004 00004 00004 00004 00004 00004 00004 00004 00004 00004 00004 00004 00004 00004 00004
00004 00004 00004 00004 00004 00004 00004 00004 00004 00004 00004 00004 00004 00004 00004 00004
00004 00004 00004 00004 00004 00004 00004 00004 00004 00004 00004 00004 00004 00004 00004 00004
00004 00004 00004 00004 00004 00004 00004 00004 00004 00004 00004 00004 00004 00004 00004 00004
00004 00004 00004 00004 00004 00004 00004 00004 00004 00004 00004 00004 00004 00004 00004 00004
00004 00004 00004 00004 00004 00004 00004 00004 00004 00004 00004 00004 00004 00004 00004 00004
00004 00004 00004 00004 00004 00004 00004 00004 00004 00004 00004 00004 00004 00004 00004 00004
00004 00004 00004 00004 00004 00004 00004 00004 00004 00004 00004 00004 00004 00004 00004 00004
00004 00004 00004 00004 00004 00004 00004 00004 00004 00004 00004 00004 00004 00004 00004 00004
00004 00004 00004 00004 00004 00004 00004 00004 00004 00004 00004 00004 00004 00004 00004 00004
00004 00004 00004 00004 00004 00004 00004 00004 00004 00004 00004 00004 00004 00004 00004 00004
00004 00004 00004 00004 00004 00004 00004 00004 00004 00004 00004 00004 00004 00004 00004 00004
00004 00004 00004 00004 00004 00004 00004 00004 00004 00004 00004 00004 00004 00004 00004 00004
00004 00004 00004 00004 00004 00004 00004 00004 00004 00004 00004 00004 00004 00004 00004 00004
00004 00004 00004 00004 00004 00004 00004 00004 00004 00004 00004 00004 00004 00004 00004 00004
00004 00004 00004 00004 00004 00004 00004 00004 00004 00004 00004 00004 00004 00004 00004 00004
00004 00004 00004 00004 00004 00004 00004 00004 00004 00004 00004 00004 00004 00004 00004 00004
00004 00004 00004 00004 00004 00004 00004 00004 00004 00004 00004 00004 00004 00004 00004 00004
00004 00004 00004 00004 00004 00004 00004 00004 00004 00004 00004 00004 00004 00004 00004 00004
00004 00004 00004 00004 00004 00004 00004 00004 00004 00004 00004 00004 00004 00004 00004 00004
00004 00004 00004 00004 00004 00004 00004 00004 00004 00004 00004 00004 00004 00004 00004 00004
00004 00004 00004 00004 00004 00004 00004 00004 00004 00004 00004 00004 00004 00004 00004 00004
00004 00004 00004 00004 00004 00004 00004 00004 00004 00004 00004 00004 00004 00004 00004 00004
00004 00004 00004 00004 00004 00004 00004 00004 00004 00004 00004 00004 00004 00004 00004 00004
00004 00004 00004 00004 00004 00004 00004 00004 00004 00004 00004 00004 00004 00004 00004 00004
00004 00004 00004 00004 00004 00004 00004 00004 00004 00004 00004 00004 00004 00004 00004 00004
00004 00004 00004 00004 00004 00004 00004 00004 00004 00004 00004 00004 00004 00004 00004 00004
00004 00004 00004 00004 00004 00004 00004 00004 00004 00004 00004 00004 00004 00004 00004 00004
00004 00004 00004 00004 00004 00004 00004 00004 00004 00004 00004 00004 00004 00004 00004 00004
00004 00004 00004 00004 00004 00004 00004 00004 00004 00004 00004 00004 00004 00004 00004 00004
00004 00004 00004 00004 00004 00004 00004 00004 00004 00004 00004 00004 00004 00004 00004 00004
00004 00004 00004 00004 00004 00004 00004 00004 00004 00004 00004 00004 00004 00004 00004 00004
00004 00004 00004 00004 00004 00004 00004 00004 00004 00004 00004 00004 00004 00004 00004 00004
00004 00004 00004 00004 00004 00004 00004 00004 00004 00004 00004 00004 00004 00004 00004 00004
00004 00004 00004 00004 00004 00004 00004 00004 00004 00004 00004 00004 00004 00004 00004 00004
00004 00004 00004 00004 00004 00004 00004 00004 00004 00004 00004 00004 00004 00004 00004 00004
00004 00004 00004 00004 00004 00004 00004 00004 00004 00004 00004 00004 00004 00004 00004 00004
00004 00004 00004 00004 00004 00004 00004 00004 00004 00004 00004 00004 00004 00004 00004 00004
00004 00004 00004 00004 00004 00004 00004 00004 00004 00004 00004 00004 00004 00004 00004 00004
00004 00004 00004 00004 00004 00004 00004 00004 00004 00004 00004 00004 00004 00004 00004 00004
00004 00004 00004 00004 00004 00004 00004 00004 00004 00004 00004 00004 00004 00004 00004 00004
00004 00004 00004 00004 00004 00004 00004 00004 00004 00004 00004 00004 00004 00004 00004 00004
00004 00004 00004 00004 00004 00004 00004 00004 00004 00004 00004 00004 00004 00004 00004 00004
00004 00004 00004 00004 00004 00004 00004 00004 00004 00004 00004 00004 00004 00004 00004 00004
00004 00004 00004 00004 00004 00004 00004 00004 00004 00004 00004 00004 00004 00004 00004 00004
00004 00004 00004 00004 00004 00004 00004 00004 00004 00004 00004 00004 00004 00004 00004 00004
00004 00004 00004 00004 00004 00004 00004 00004 00004 00004 00004 00004 00004 00004 00004 00004
00004 00004 00004 00004 00004 00004 00004 00004 00004 00004 00004 00004 00004 00004 00004 00004
00004 00004 00004 00004 00004 00004 00004 00004 00004 00004 00004 00004 00004 00004 00004 00004
00004 00004 00004 00004 00004 00004 00004 00004 00004 00004 00004 00004 00004 00004 00004 00004
00004 00004 00004 00004 00004 00004 00004 00004 00004 00004 00004 00004 00004 00004 00004 00004
00004 00004 00004 00004 00004 00004 00004 00004 00004 00004 00004 00004 00004 00004 00004 00004
00004 00004 00004 00004 00004 00004 00004 00004 00004 00004 00004 00004 00004 00004 00004 00004
00004 00004 00004 00004 00004 00004 00004 00004 00004 00004 00004 00004 00004 00004 00004 00004
00004 00004 00004 00004 00004 00004 00004 00004 00004 00004 00004 00004 00004 00004 00004 00004
00004 00004 00004 00004 00004 00004 00004 00004 00004 00004 00004 00004 00004 00004 00004 00004
00004 00004 00004 00004 00004 00004 00004 00004 00004 00004 00004 00004 00004 00004 00004 00004
00004 00004 00004 00004 00004 00004 00004 00004 00004 00004 00004 00004 00004 00004 00004 00004
00004 00004 00004 00004 00004 00004 00004 00004 00004 00004 00004 00004 00004 00004 00004 00004
00004 00004 00004 00004 00004 00004 00004 00004 00004 00004 00004 00004 00004 00004 00004 00004
00004 00004 00004 00004 00004 00004 00004 00004 00004 00004 00004 00004 00004 00004 00004 00004
00004 00004 00004 00004 00004 00004 00004 00004 00004 00004 00004 00004 00004 00004 00004 00004
00004 00004 00004 00004 00004 00004 00004 00004 00004 00004 00004 00004 00004 00004 00004 00004
00004 00004 00004 00004 00004 00004 00004 00004 00004 00004 00004 00004 00004 00004 00004 00004
00004 00004 00004 00004 00004 00004 00004 00004 00004 00004 00004 00004 00004 00004 00004 00004
00004 00004 00004 00004 00004 00004 00004 00004 00004 00004 00004 00004 00004 00004 00004 00004
00004 00004 00004 00004 00004 00004 00004 00004 00004 00004 00004 00004 00004 00004 00004 00004
00004 00004 00004 00004 00004 00004 00004 00004 00004 00004 00004 00004 00004 00004 00004 00004
00004 00004 00004 00004 00004 00004 00004 00004 00004 00004 00004 00004 00004 00004 00004 00004
00004 00004 00004 00004 00004 00004 00004 00004 00004 00004 00004 00004 00004 00004 00004 00004
00004 00004 00004 00004 00004 00004 00004 00004 00004 00004 00004 00004 00004 00004 00004 00004
00004 00004 00004 00004 00004 00004 00004 00004 00004 00004 00004 00004 00004 00004 00004 00004
00004 00004 00004 00004 00004 00004 00004 00004 00004 00004 00004 00004 00004 00004 00004 00004
00004 00004 00004 00004 00004 00004 00004 00004 00004 00004 00004 00004 00004 00004 00004 00004
00004 00004 00004 00004 00004 00004 00004 00004 00004 00004 00004 00004 00004 00004 00004 00004
00004 00004 00004 00004 00004 00004 00004 00004 00004 00004 00004 00004 00004 00004 00004 00004
00004 00004 00004 00004 00004 00004 00004 00004 00004 00004 00004 00004 00004 00004 00004 00004
00004 00004 00004 00004 00004 00004 00004 00004 00004 00004 00004 00004 00004 00004 00004 00004
00004 00004 00004 00004 00004 00004 00004 00004 00004 00004 00004 00004 00004 00004 00004 00004
00004 00004 00004 00004 00004 00004 00004 00004 00004 00004 00004 00004 00004 00004 00004 00004
00004 00004 00004 00004 00004 00004 00004 00004 00004 00004 00004 00004 00004 00004 00004 00004
00004 00004 00004 00004 00004 00004 00004 00004 00004 00004 00004 00004 00004 00004 00004 00004
00004 00004 00004 00004 00004 00004 00004 00004 00004 00004 00004 00004 00004 00004 00004 00004
00004 00004 00004 00004 00004 00004 00004 00004 00004 00004 00004 00004 00004 00004 00004 00004
00004 00004 00004 00004 00004 00004 00004 00004 00004 00004 00004 00004 00004 00004 00004 00004
00004 00004 00004 00004 00004 00004 00004 00004 00004 00004 00004 00004 00004 00004 00004 00004
00004 00004 00004 00004 00004 00004 00004 00004 00004 00004 00004 00004 00004 00004 00004 00004
00004 00004 00004 00004 00004 00004 00004 00004 00004 00004 00004 00004 00004 00004 00004 00004
00004 00004 00004 00004 00004 00004 00004 00004 00004 00004 00004 00004 00004 00004 00004 00004
00004 00004 00004 00004 00004 00004 00004 00004 00004 00004 00004 00004 00004 00004 00004 00004
00004 00004 00004 00004 00004 00004 00004 00004 00004 00004 00004 00004 00004 00004 00004 00004
00004 00004 00004 00004 00004 00004 00004 00004 00004 00004 00004 00004 00004 00004 00004 00004
00004 00004 00004 00004 00004 00004 00004 00004 00004 00004 00004 00004 00004 00004 00004 00004
00004 00004 00004 00004 00004 00004 00004 00004 00004 00004 00004 00004 00004 00004 00004 00004
00004 00004 00004 00004 00004 00004 00004 00004 00004 00004 00004 00004 00004 00004 00004 00004
00004 00004 00004 00004 00004 00004 00004 00004 00004 00004 00004 00004 00004 00004 00004 00004
00004 00004 00004 00004 00004 00004 00004 00004 00004 00004 00004 00004 00004 00004 00004 00004
00004 00004 00004 00004 00004 00004 00004 00004 00004 00004 00004 00004 00004 00004 00004 00004
00004 00004 00004 00004 00004 00004 00004 00004 00004 00004 00004 00004 00004 00004 00004 00004
00004 00004 00004 00004 00004 00004 00004 00004 00004 00004 00004 00004 00004 00004 00004 00004
00004 00004 00004 00004 00004 00004 00004 00004 00004 00004 00004 00004 00004 00004 00004 00004
00004 00004 00004 00004 00004 00004 00004 00004 00004 00004 00004 00004 00004 00004 00004 00004
00004 00004 00004 00004 00004 00004 00004 00004 00004 00004 00004 00004 00004 00004 00004 00004
00004 00004 00004 00004 00004 00004 00004 00004 00004 00004 00004 00004 00004 00004 00004 00004
00004 00004 00004 00004 00004 00004 00004 00004 00004 00004 00004 00004 00004 00004 00004 00004
00004 00004 00004 00004 00004 00004 00004 00004 00004 00004 00004 00004 00004 00004 00004 00004
00004 00004 00004 00004 00004 00004 00004 00004 00004 00004 00004 00004 00004 00004 00004 00004
00004 00004 00004 00004 00004 00004 00004 00004 00004 00004 00004 00004 00004 00004 00004 00004
00004 00004 00004 00004 00004 00004 00004 00004 00004 00004 00004 00004 00004 00004 00004 00004
00004 00004 00004 00004 00004 00004 00004 00004 00004 00004 00004 00004 00004 00004 00004 00004
00004 00004 00004 00004 00004 00004 00004 00004 00004 00004 00004 00004 00004 00004 00004 00004
00004 00004 00004 00004 00004 00004 00004 00004 00004 00004 00004 00004 00004 00004 00004 00004
00004 00004 00004 00004 00004 00004 00004 00004 00004 00004 00004 00004 00004 00004 00004 00004
00004 00004 00004 00004 00004 00004 00004 00004 00004 00004 00004 00004 00004 00004 00004 00004
00004 00004 00004 00004 00004 00004 00004 00004 00004 00004 00004 00004 00004 00004 00004 00004
00004 00004 00004 00004 00004 00004 00004 00004 00004 00004 00004 00004 00004 00004 00004 00004
00004 00004 00004 00004 00004 00004 00004 00004 00004 00004 00004 00004 00004 00004 00004 00004
00004 00004 00004 00004 00004 00004 00004 00004 00004 00004 00004 00004 00004 00004 00004 00004
00004 00004 00004 00004 00004 00004 00004 00004 00004 00004 00004 00004 00004 00004 00004 00004
00004 00004 00004 00004 00004 00004 00004 00004 00004 00004 00004 00004 00004 00004 00004 00004
00004 00004 00004 00004 00004 00004 00004 00004 00004 00004 00004 00004 00004 00004 00004 00004
00004 00004 00004 00004 00004 00004 00004 00004 00004 00004 00004 00004 00004 00004 00004 00004
00004 00004 00004 00004 00004 00004 00004 00004 00004 00004 00004 00004 00004 00004 00004 00004
00004 00004 00004 00004 00004 00004 00004 00004 00004 00004 00004 00004 00004 00004 00004 00004
00004 00004 00004 00004 00004 00004 00004 00004 00004 00004 00004 00004 00004 00004 00004 00004
00004 00004 00004 00004 00004 00004 00004 00004 00004 00004 00004 00004 00004 00004 00004 00004
00004 00004 00004 00004 00004 00004 00004 00004 00004 00004 00004 00004 00004 00004 00004 00004
00004 00004 00004 00004 00004 00004 00004 00004 00004 00004 00004 00004 00004 00004 00004 00004
00004 00004 00004 00004 00004 00004 00004 00004 00004 00004 00004 00004 00004 00004 00004 00004
00004 00004 00004 00004 00004 00004 00004 00004 00004 00004 00004 00004 00004 00004 00004 00004
00004 00004 00004 00004 00004 00004 00004 00004 00004 00004 00004 00004 00004 00004 00004 00004
00004 00004 00004 00004 00004 00004 00004 00004 00004 00004 00004 00004 00004 00004 00004 00004
00004 00004 00004 00004 00004 00004 00004 00004 00004 00004 00004 00004 00004 00004 00004 00004
00004 00004 00004 00004 00004 00004 00004 00004 00004 00004 00004 00004 00004 00004 00004 00004
00004 00004 00004 00004 00004 00004 00004 00004 00004 00004 00004 00004 00004 00004 00004 00004
00004 00004 00004 00004 00004 00004 00004 00004 00004 00004 00004 00004 00004 00004 00004 00004
00004 00004 00004 00004 00004 00004 00004 00004 00004 00004 00004 00004 00004 00004 00004 00004
00004 00004 00004 00004 00004 00004 00004 00004 00004 00004 00004 00004 00004 00004 00004 00004
00004 00004 00004 00004 00004 00004 00004 00004 00004 00004 00004 00004 00004 00004 00004 00004
00004 00004 00004 00004 00004 00004 00004 00004 00004 00004 00004 00004 00004 00004 00004 00004
00004 00004 00004 00004 00004 00004 00004 00004 00004 00004 00004 00004 00004 00004 00004 00004
00004 00004 00004 00004 00004 00004 00004 00004 00004 00004 00004 00004 00004 00004 00004 00004
00004 00004 00004 00004 00004 00004 00004 00004 00004 00004 00004 00004 00004 00004 00004 00004
00004 00004 00004 00004 00004 00004 00004 00004 00004 00004 00004 00004 00004 00004 00004 00004
00004 00004 00004 00004 00004 00004 00004 00004 00004 00004 00004 00004 00004 00004 00004 00004
00004 00004 00004 00004 00004 00004 00004 00004 00004 00004 00004 00004 00004 00004 00004 00004
00004 00004 00004 00004 00004 00004 00004 00004 00004 00004 00004 00004 00004 00004 00004 00004
00004 00004 00004 00004 00004 00004 00004 00004 00004 00004 00004 00004 00004 00004 00004 00004
00004 00004 00004 00004 00004 00004 00004 00004 00004 00004 00004 00004 00004 00004 00004 00004
00004 00004 00004 00004 00004 00004 00004 00004 00004 00004 00004 00004 00004 00004 00004 00004
00004 00004 00004 00004 00004 00004 00004 00004 00004 00004 00004 00004 00004 00004 00004 00004
00004 00004 00004 00004 00004 00004 00004 00004 00004 00004 00004 00004 00004 00004 00004 00004
00004 00004 00004 00004 00004 00004 00004 00004 00004 00004 00004 00004 00004 00004 00004 00004
00004 00004 00004 00004 00004 00004 00004 00004 00004 00004 00004 00004 00004 00004 00004 00004
00004 00004 00004 00004 00004 00004 00004 00004 00004 00004 00004 00004 00004 00004 00004 00004
00004 00004 00004 00004 00004 00004 00004 00004 00004 00004 00004 00004 00004 00004 00004 00004
